Symptoms,Diagnosis,Differential Diagnosis,Advise,Image analysis,
UlcerroundPNADGNADMNADPiNADSNOYesHnoBmucosa,APTHOUS ULCER,HERPETIC STOMATITIS,SYMPTOMATIC TREATMENT,,
UlcerroundRedGNADMNADPiNADSNOYesHnoBmucosa,APTHOUS ULCER,HERPETIC STOMATITIS,SYMPTOMATIC TREATMENT,,
UlcerroundRedGNADMNADPiNADSharpYesHnoBmucosa,APTHOUS ULCER,TRAUMATICULCER ,SYMPTOMATIC TREATMENT & OBSERVE SHARP TEETH,,
UlcerroundPNADGNADMNADPiNADSharpYesHnoBmucosa,APTHOUS ULCER,TRAUMATICULCER ,SYMPTOMATIC TREATMENT & OBSERVE SHARP TEETH,,
UlcerroundWhiteGNADMNADPiNADSharpYesHnoBmucosa,APTHOUS ULCER,TRAUMATICULCER & CANDIDIASIS,SYMPTOMATIC TREATMENT & OBSERVE SHARP TEETH,,
UlcerroundPNADGNADMNADPiNADSNOYesHnoMixedareas,APTHOUS ULCER,HERPETIC STOMATITIS,SYMPTOMATIC TREATMENT,,
UlcerroundRedGNADMNADPiNADSNOYesHnoMixedareas,APTHOUS ULCER,HERPETIC STOMATITIS,SYMPTOMATIC TREATMENT,,
UlcerroundRedGNADMNADPiNADSharpYesHnoMixedareas,APTHOUS ULCER,TRAUMATICULCER ,SYMPTOMATIC TREATMENT & OBSERVE SHARP TEETH,,
UlcerroundPNADGNADMNADPiNADSharpYesHnoMixedareas,APTHOUS ULCER,TRAUMATICULCER ,SYMPTOMATIC TREATMENT & OBSERVE SHARP TEETH,,
UlcerroundWhiteGNADMNADPiNADSharpYesHnoMixedareas,APTHOUS ULCER,TRAUMATICULCER & CANDIDIASIS,SYMPTOMATIC TREATMENT & OBSERVE SHARP TEETH,,
UlcerroundPNADGNADMNADPiNADSNOYesHnoBsulcus,APTHOUS ULCER,HERPETIC STOMATITIS,SYMPTOMATIC TREATMENT,,
UlcerroundRedGNADMNADPiNADSNOYesHnoBsulcus,APTHOUS ULCER,HERPETIC STOMATITIS,SYMPTOMATIC TREATMENT,,
UlcerroundRedGNADMNADPiNADSharpYesHnoBsulcus,APTHOUS ULCER,TRAUMATICULCER ,SYMPTOMATIC TREATMENT & OBSERVE SHARP TEETH,,
UlcerroundPNADGNADMNADPiNADSharpYesHnoBsulcus,APTHOUS ULCER,TRAUMATICULCER ,SYMPTOMATIC TREATMENT & OBSERVE SHARP TEETH,,
UlcerroundWhiteGNADMNADPiNADSharpYesHnoBsulcus,APTHOUS ULCER,TRAUMATICULCER & CANDIDIASIS,SYMPTOMATIC TREATMENT & OBSERVE SHARP TEETH,,
UlcerroundPNADGNADMNADPiNADSNOYesHnoPalate,APTHOUS ULCER,HERPETIC STOMATITIS,SYMPTOMATIC TREATMENT,,
UlcerroundRedGNADMNADPiNADSNOYesHnoPalate,APTHOUS ULCER,HERPETIC STOMATITIS,SYMPTOMATIC TREATMENT,,
UlcerroundRedGNADMNADPiNADSharpYesHnoPalate,APTHOUS ULCER,TRAUMATICULCER ,SYMPTOMATIC TREATMENT & OBSERVE SHARP TEETH,,
UlcerroundPNADGNADMNADPiNADSharpYesHnoPalate,APTHOUS ULCER,TRAUMATICULCER ,SYMPTOMATIC TREATMENT & OBSERVE SHARP TEETH,,
UlcerroundWhiteGNADMNADPiNADSharpYesHnoPalate,APTHOUS ULCER,TRAUMATICULCER & CANDIDIASIS,SYMPTOMATIC TREATMENT & OBSERVE SHARP TEETH,,
UlcerroundPNADGNADMNADPiNADSNOYesHnoDorsumtongue,APTHOUS ULCER,HERPETIC STOMATITIS,SYMPTOMATIC TREATMENT,,
UlcerroundRedGNADMNADPiNADSNOYesHnoDorsumtongue,APTHOUS ULCER,HERPETIC STOMATITIS,SYMPTOMATIC TREATMENT,,
UlcerroundRedGNADMNADPiNADSharpYesHnoDorsumtongue,APTHOUS ULCER,TRAUMATICULCER ,SYMPTOMATIC TREATMENT & OBSERVE SHARP TEETH,,
UlcerroundPNADGNADMNADPiNADSharpYesHnoDorsumtongue,APTHOUS ULCER,TRAUMATICULCER ,SYMPTOMATIC TREATMENT & OBSERVE SHARP TEETH,,
UlcerroundWhiteGNADMNADPiNADSharpYesHnoDorsumtongue,APTHOUS ULCER,TRAUMATICULCER & CANDIDIASIS,SYMPTOMATIC TREATMENT & OBSERVE SHARP TEETH,,
UlcerroundRedGNADMNADDarkSNOYesSmokingBmucosa,INFLAMMATORY LESION,APTHOUS STOMATITIS & HERPETIC STOMATITIS,SYMPTOMATIC TREATMENT  & STOP THE HABIT,,
UlcerroundRedGNADMNADDarkSNOYesSmokingMixedareas,INFLAMMATORY LESION,APTHOUS STOMATITIS & HERPETIC STOMATITIS,SYMPTOMATIC TREATMENT  & STOP THE HABIT,,
UlcerroundRedGNADMNADDarkSNOYesSmokingBsulcus,INFLAMMATORY LESION,APTHOUS STOMATITIS & HERPETIC STOMATITIS,SYMPTOMATIC TREATMENT  & STOP THE HABIT,,
UlcerroundRedGNADMNADDarkSNOYesSmokingPalate,INFLAMMATORY LESION,APTHOUS STOMATITIS & HERPETIC STOMATITIS,SYMPTOMATIC TREATMENT  & STOP THE HABIT,,
UlcerroundRedGNADMNADDarkSNOYesSmokingDorsumtongue,INFLAMMATORY LESION,APTHOUS STOMATITIS & HERPETIC STOMATITIS,SYMPTOMATIC TREATMENT  & STOP THE HABIT,,
UNADWhiteGNADMNADPiNADSNONoHnoBmucosa,LINEA ALBA,ORAL LICHEN PLANUS,SYMPTOMATIC TREATMENT  & OBSERVE TWO WEEKS,,
UNADRedwhitelinesGNADMNADPiNADSNONoHnoBmucosa,LINEA ALBA,ORAL LICHEN PLANUS,SYMPTOMATIC TREATMENT  & OBSERVE TWO WEEKS,,
UNADRedwhitelinesGNADMNADPiNADSNOYesHyesBmucosa,ORAL LICHEN PLANUS,SPECKLEDLEUKOPLAKIA & CANDIDIASIS,SYMPTOMATIC TREATMENT & FOLLOW UP IS MUST,,
UNADRedwhitelinesGNADMNADDarkSNOYesHnoBmucosa,ORAL LICHEN PLANUS,SPECKLEDLEUKOPLAKIA & CANDIDIASIS,SYMPTOMATIC TREATMENT & FOLLOW UP IS MUST,,
UNADRedwhitelinesGNADMNADPiNADSNOYesHnoBmucosa,ORAL LICHEN PLANUS,SPECKLEDLEUKOPLAKIA & CANDIDIASIS,SYMPTOMATIC TREATMENT & FOLLOW UP IS MUST,,
UNADRedwhitelinesGNADMNADDarkSNOYesHyesBmucosa,ORAL LICHEN PLANUS,SPECKLEDLEUKOPLAKIA & CANDIDIASIS,SYMPTOMATIC TREATMENT & FOLLOW UP IS MUST,,
UNADRedwhitelinesGNADMNADPiNADSNOYesSmokingBmucosa,ORAL LICHEN PLANUS,SPECKLEDLEUKOPLAKIA & CANDIDIASIS,SYMPTOMATIC TREATMENT & FOLLOW UP IS MUST,,
UNADRedwhitelinesGNADMNADDarkSNOYesSmokingBmucosa,ORAL LICHEN PLANUS,SPECKLEDLEUKOPLAKIA & CANDIDIASIS,SYMPTOMATIC TREATMENT & FOLLOW UP IS MUST,,
UNADRedwhitelinesGNADMNADPiNADSNOYesHyesMixedareas,ORAL LICHEN PLANUS,SPECKLEDLEUKOPLAKIA & CANDIDIASIS,SYMPTOMATIC TREATMENT & FOLLOW UP IS MUST,,
UNADRedwhitelinesGNADMNADDarkSNOYesHnoMixedareas,ORAL LICHEN PLANUS,SPECKLEDLEUKOPLAKIA & CANDIDIASIS,SYMPTOMATIC TREATMENT & FOLLOW UP IS MUST,,
UNADRedwhitelinesGNADMNADPiNADSNOYesHnoMixedareas,ORAL LICHEN PLANUS,SPECKLEDLEUKOPLAKIA & CANDIDIASIS,SYMPTOMATIC TREATMENT & FOLLOW UP IS MUST,,
UNADRedwhitelinesGNADMNADDarkSNOYesHyesMixedareas,ORAL LICHEN PLANUS,SPECKLEDLEUKOPLAKIA & CANDIDIASIS,SYMPTOMATIC TREATMENT & FOLLOW UP IS MUST,,
UNADRedwhitelinesGNADMNADPiNADSNOYesSmokingMixedareas,ORAL LICHEN PLANUS,SPECKLEDLEUKOPLAKIA & CANDIDIASIS,SYMPTOMATIC TREATMENT & FOLLOW UP IS MUST,,
UNADRedwhitelinesGNADMNADDarkSNOYesSmokingMixedareas,ORAL LICHEN PLANUS,SPECKLEDLEUKOPLAKIA & CANDIDIASIS,SYMPTOMATIC TREATMENT & FOLLOW UP IS MUST,,
UNADRedwhitelinesGNADMNADPiNADSNOYesHyesBsulcus,ORAL LICHEN PLANUS,SPECKLEDLEUKOPLAKIA & CANDIDIASIS,SYMPTOMATIC TREATMENT & FOLLOW UP IS MUST,,
UNADRedwhitelinesGNADMNADDarkSNOYesHnoBsulcus,ORAL LICHEN PLANUS,SPECKLEDLEUKOPLAKIA & CANDIDIASIS,SYMPTOMATIC TREATMENT & FOLLOW UP IS MUST,,
UNADRedwhitelinesGNADMNADPiNADSNOYesHnoBsulcus,ORAL LICHEN PLANUS,SPECKLEDLEUKOPLAKIA & CANDIDIASIS,SYMPTOMATIC TREATMENT & FOLLOW UP IS MUST,,
UNADRedwhitelinesGNADMNADDarkSNOYesHyesBsulcus,ORAL LICHEN PLANUS,SPECKLEDLEUKOPLAKIA & CANDIDIASIS,SYMPTOMATIC TREATMENT & FOLLOW UP IS MUST,,
UNADRedwhitelinesGNADMNADPiNADSNOYesSmokingBsulcus,ORAL LICHEN PLANUS,SPECKLEDLEUKOPLAKIA & CANDIDIASIS,SYMPTOMATIC TREATMENT & FOLLOW UP IS MUST,,
UNADRedwhitelinesGNADMNADDarkSNOYesSmokingBsulcus,ORAL LICHEN PLANUS,SPECKLEDLEUKOPLAKIA & CANDIDIASIS,SYMPTOMATIC TREATMENT & FOLLOW UP IS MUST,,
UNADRedwhitelinesGNADMNADPiNADSNOYesHyesPalate,ORAL LICHEN PLANUS,SPECKLEDLEUKOPLAKIA & CANDIDIASIS,SYMPTOMATIC TREATMENT & FOLLOW UP IS MUST,,
UNADRedwhitelinesGNADMNADDarkSNOYesHnoPalate,ORAL LICHEN PLANUS,SPECKLEDLEUKOPLAKIA & CANDIDIASIS,SYMPTOMATIC TREATMENT & FOLLOW UP IS MUST,,
UNADRedwhitelinesGNADMNADPiNADSNOYesHnoPalate,ORAL LICHEN PLANUS,SPECKLEDLEUKOPLAKIA & CANDIDIASIS,SYMPTOMATIC TREATMENT & FOLLOW UP IS MUST,,
UNADRedwhitelinesGNADMNADDarkSNOYesHyesPalate,ORAL LICHEN PLANUS,SPECKLEDLEUKOPLAKIA & CANDIDIASIS,SYMPTOMATIC TREATMENT & FOLLOW UP IS MUST,,
UNADRedwhitelinesGNADMNADPiNADSNOYesSmokingPalate,ORAL LICHEN PLANUS,SPECKLEDLEUKOPLAKIA & CANDIDIASIS,SYMPTOMATIC TREATMENT & FOLLOW UP IS MUST,,
UNADRedwhitelinesGNADMNADDarkSNOYesSmokingPalate,ORAL LICHEN PLANUS,SPECKLEDLEUKOPLAKIA & CANDIDIASIS,SYMPTOMATIC TREATMENT & FOLLOW UP IS MUST,,
UNADRedwhitelinesGNADMNADPiNADSNOYesHyesDorsumtongue,ORAL LICHEN PLANUS,SPECKLEDLEUKOPLAKIA & CANDIDIASIS,SYMPTOMATIC TREATMENT & FOLLOW UP IS MUST,,
UNADRedwhitelinesGNADMNADDarkSNOYesHnoDorsumtongue,ORAL LICHEN PLANUS,SPECKLEDLEUKOPLAKIA & CANDIDIASIS,SYMPTOMATIC TREATMENT & FOLLOW UP IS MUST,,
UNADRedwhitelinesGNADMNADPiNADSNOYesHnoDorsumtongue,ORAL LICHEN PLANUS,SPECKLEDLEUKOPLAKIA & CANDIDIASIS,SYMPTOMATIC TREATMENT & FOLLOW UP IS MUST,,
UNADRedwhitelinesGNADMNADDarkSNOYesHyesDorsumtongue,ORAL LICHEN PLANUS,SPECKLEDLEUKOPLAKIA & CANDIDIASIS,SYMPTOMATIC TREATMENT & FOLLOW UP IS MUST,,
UNADRedwhitelinesGNADMNADPiNADSNOYesSmokingDorsumtongue,ORAL LICHEN PLANUS,SPECKLEDLEUKOPLAKIA & CANDIDIASIS,SYMPTOMATIC TREATMENT & FOLLOW UP IS MUST,,
UNADRedwhitelinesGNADMNADDarkSNOYesSmokingDorsumtongue,ORAL LICHEN PLANUS,SPECKLEDLEUKOPLAKIA & CANDIDIASIS,SYMPTOMATIC TREATMENT & FOLLOW UP IS MUST,,
UNADWhiteGNADMNADPiNADSNOYesHnoBmucosa,CANDIDASIS,FRICTIONAL KERATOSIS & LEUKOPLAKIA,SYMPTOMATIC TREATMENT & FOLLOW UP IS NEEDED,,
UNADWhiteGNADMNADPiNADSNOYesHnoMixedareas,CANDIDASIS,FRICTIONAL KERATOSIS & LEUKOPLAKIA,SYMPTOMATIC TREATMENT & FOLLOW UP IS NEEDED,,
UNADWhiteGNADMNADPiNADSNOYesHnoBsulcus,CANDIDASIS,FRICTIONAL KERATOSIS & LEUKOPLAKIA,SYMPTOMATIC TREATMENT & FOLLOW UP IS NEEDED,,
UNADWhiteGNADMNADPiNADSNOYesHnoPalate,CANDIDASIS,FRICTIONAL KERATOSIS & LEUKOPLAKIA,SYMPTOMATIC TREATMENT & FOLLOW UP IS NEEDED,,
UNADWhiteGNADMNADPiNADSNOYesHnoDorsumtongue,GEOGRAPHIC TONGUE,CANDIDIASIS & FISSURED TONGUE,SYMPTOMATIC TREATMENT & OBSERVE TWO WEEKS,,
UNADWhiteGNADMNADDarkSNOYesHnoDorsumtongue,GEOGRAPHIC TONGUE,CANDIDIASIS & FISSURED TONGUE,SYMPTOMATIC TREATMENT & OBSERVE TWO WEEKS,,
UNADRedwhiteGNADMNADPiNADSNOYesHnoDorsumtongue,GEOGRAPHIC TONGUE,CANDIDIASIS & FISSURED TONGUE,SYMPTOMATIC TREATMENT & OBSERVE TWO WEEKS,,
UNADRedwhiteGNADMNADDarkSNOYesHnoDorsumtongue,GEOGRAPHIC TONGUE,CANDIDIASIS & FISSURED TONGUE,SYMPTOMATIC TREATMENT & OBSERVE TWO WEEKS,,
UNADPNADGNADMNADDarkSNONoSmokingPalate,SQUAMOUS,MELANIN PATCHES,SYMPTOMATIC TREATMENT & STOP THE HABIT &,,
UNADPNADGNADMNADDarkSNONoHyesBmucosa,MELANIN PIGMENTATION,LEUKOPLAKIA,SYMPTOMATIC TREATMENT & FOLLOW UP IS NEEDED,,
UNADPNADGNADMNADDarkSNONoHnoBmucosa,MELANIN PIGMENTATION,LEUKOPLAKIA,SYMPTOMATIC TREATMENT & FOLLOW UP IS NEEDED,,
UNADPNADGNADMNADDarkSNONoSmokingBmucosa,MELANIN PIGMENTATION,LEUKOPLAKIA,SYMPTOMATIC TREATMENT & FOLLOW UP IS NEEDED,,
UNADPNADGNADMNADDarkSNONoHyesMixedareas,MELANIN PIGMENTATION,LEUKOPLAKIA,SYMPTOMATIC TREATMENT & FOLLOW UP IS NEEDED,,
UNADPNADGNADMNADDarkSNONoHnoMixedareas,MELANIN PIGMENTATION,LEUKOPLAKIA,SYMPTOMATIC TREATMENT & FOLLOW UP IS NEEDED,,
UNADPNADGNADMNADDarkSNONoSmokingMixedareas,MELANIN PIGMENTATION,LEUKOPLAKIA,SYMPTOMATIC TREATMENT & FOLLOW UP IS NEEDED,,
UNADPNADGNADMNADDarkSNONoHyesBsulcus,MELANIN PIGMENTATION,LEUKOPLAKIA,SYMPTOMATIC TREATMENT & FOLLOW UP IS NEEDED,,
UNADPNADGNADMNADDarkSNONoHnoBsulcus,MELANIN PIGMENTATION,LEUKOPLAKIA,SYMPTOMATIC TREATMENT & FOLLOW UP IS NEEDED,,
UNADPNADGNADMNADDarkSNONoSmokingBsulcus,MELANIN PIGMENTATION,LEUKOPLAKIA,SYMPTOMATIC TREATMENT & FOLLOW UP IS NEEDED,,
UNADPNADGNADMNADDarkSNONoHyesPalate,MELANIN PIGMENTATION,LEUKOPLAKIA,SYMPTOMATIC TREATMENT & FOLLOW UP IS NEEDED,,
UNADPNADGNADMNADDarkSNONoHnoPalate,MELANIN PIGMENTATION,LEUKOPLAKIA,SYMPTOMATIC TREATMENT & FOLLOW UP IS NEEDED,,
UNADPNADGNADMNADDarkSNONoHyesDorsumtongue,MELANIN PIGMENTATION,LEUKOPLAKIA,SYMPTOMATIC TREATMENT & FOLLOW UP IS NEEDED,,
UNADPNADGNADMNADDarkSNONoHnoDorsumtongue,MELANIN PIGMENTATION,LEUKOPLAKIA,SYMPTOMATIC TREATMENT & FOLLOW UP IS NEEDED,,
UNADPNADGNADMNADDarkSNONoSmokingDorsumtongue,MELANIN PIGMENTATION,LEUKOPLAKIA,SYMPTOMATIC TREATMENT & FOLLOW UP IS NEEDED,,
UNADWhiteGNADMNADDarkSNOYesHyesBsulcus,TOBACCO POUCH KERATOSIS,ORALLEUKOPLAKIA & SMOKER'S MELANOSIS,SYMPTOMATIC TREATMENT & FOLLOW UP IS NEEDED & ,,
UNADWhiteGNADMNADDarkSNOYesSmokingBsulcus,TOBACCO POUCH KERATOSIS,ORALLEUKOPLAKIA & SMOKER'S MELANOSIS,SYMPTOMATIC TREATMENT & FOLLOW UP IS NEEDED & ,,
UNADWhiteGNADMNADPiNADSharpYesHnoBmucosa,FRICTIONAL KERATOSIS,ORALLEUKOPLAKIA,SYMPTOMATIC TREATMENT & OBSERVE SHARP TEETH &REFER TO A SPECIALIST IF NO CHANGE AFTER TWO WEEKS,,
UNADWhiteGNADMNADPiNADSharpYesHnoMixedareas,FRICTIONAL KERATOSIS,ORALLEUKOPLAKIA,SYMPTOMATIC TREATMENT & OBSERVE SHARP TEETH &REFER TO A SPECIALIST IF NO CHANGE AFTER TWO WEEKS,,
UNADWhiteGNADMNADPiNADSharpYesHnoBsulcus,FRICTIONAL KERATOSIS,ORALLEUKOPLAKIA,SYMPTOMATIC TREATMENT & OBSERVE SHARP TEETH &REFER TO A SPECIALIST IF NO CHANGE AFTER TWO WEEKS,,
UNADWhiteGNADMNADPiNADSharpYesHnoPalate,FRICTIONAL KERATOSIS,ORALLEUKOPLAKIA,SYMPTOMATIC TREATMENT & OBSERVE SHARP TEETH &REFER TO A SPECIALIST IF NO CHANGE AFTER TWO WEEKS,,
UNADWhiteGNADMNADPiNADSharpYesHnoDorsumtongue,FRICTIONAL KERATOSIS,ORALLEUKOPLAKIA,SYMPTOMATIC TREATMENT & OBSERVE SHARP TEETH &REFER TO A SPECIALIST IF NO CHANGE AFTER TWO WEEKS,,
UNADWhiteGNADMNADPiNADSNOYesHyesBmucosa,ORALLEUKOPLAKIA,CANDIDIASIS ,SYMPTOMATIC TREATMENT & STOP THE HABIT & REFER TO A SPECIALIST,,
UNADWhiteGNADMNADDarkSNOYesHyesBmucosa,ORALLEUKOPLAKIA,CANDIDIASIS & MELANIN PIGMENTATION,SYMPTOMATIC TREATMENT & STOP THE HABIT & REFER TO A SPECIALIST,,
UNADWhiteGNADMNADPiNADSNOYesHyesMixedareas,ORALLEUKOPLAKIA,CANDIDIASIS ,SYMPTOMATIC TREATMENT & STOP THE HABIT & REFER TO A SPECIALIST,,
UNADWhiteGNADMNADDarkSNOYesHyesMixedareas,ORALLEUKOPLAKIA,CANDIDIASIS & MELANIN PIGMENTATION,SYMPTOMATIC TREATMENT & STOP THE HABIT & REFER TO A SPECIALIST,,
UNADWhiteGNADMNADPiNADSNOYesHyesBsulcus,ORALLEUKOPLAKIA,CANDIDIASIS ,SYMPTOMATIC TREATMENT & STOP THE HABIT & REFER TO A SPECIALIST,,
UNADWhiteGNADMNADPiNADSNOYesHyesPalate,ORALLEUKOPLAKIA,CANDIDIASIS ,SYMPTOMATIC TREATMENT & STOP THE HABIT & REFER TO A SPECIALIST,,
UNADWhiteGNADMNADDarkSNOYesHyesPalate,ORALLEUKOPLAKIA,CANDIDIASIS & MELANIN PIGMENTATION,SYMPTOMATIC TREATMENT & STOP THE HABIT & REFER TO A SPECIALIST,,
UNADWhiteGNADMNADPiNADSNOYesHyesDorsumtongue,ORALLEUKOPLAKIA,CANDIDIASIS ,SYMPTOMATIC TREATMENT & STOP THE HABIT & REFER TO A SPECIALIST,,
UNADWhiteGNADMNADDarkSNOYesHyesDorsumtongue,ORALLEUKOPLAKIA,CANDIDIASIS & MELANIN PIGMENTATION,SYMPTOMATIC TREATMENT & STOP THE HABIT & REFER TO A SPECIALIST,,
UNADWhiteGNADMNADPiNADSNOYesHyesBsulcus,ORALLEUKOPLAKIA,TOBACCO POUCH KERATOSIS,SYMPTOMATIC TREATMENT & STOP THE HABIT & REFER TO A SPECIALIST,,
UNADWhiteGNADMNADPiNADSNOYesSmokingBsulcus,ORALLEUKOPLAKIA,TOBACCO POUCH KERATOSIS,SYMPTOMATIC TREATMENT & STOP THE HABIT & REFER TO A SPECIALIST,,
UNADWhiteIrregularL1MNADPiNADSNOYesHyesBmucosa,VERRUCOUSLEUKOPLAKIA,VERRUCOUS CARCINOMA & CARCINOMA IN SITU,SYMPTOMATIC TREATMENT AND TO STOP THE HABIT & FOLLOW UP IS MUST & REFER TO SPECIALIST FOR BIOPSY,,
UNADWhiteIrregularM1MNADPiNADSNOYesHyesBmucosa,VERRUCOUSLEUKOPLAKIA,VERRUCOUS CARCINOMA & ORAL SQUAMOUS CELL CARCINOMA,SYMPTOMATIC TREATMENT AND TO STOP THE HABIT & FOLLOW UP IS MUST & REFER TO SPECIALIST FOR BIOPSY,,
UNADWhiteIrregularL1MNADPiNADSNOYesSmokingBmucosa,VERRUCOUSLEUKOPLAKIA,VERRUCOUS CARCINOMA & CARCINOMA IN SITU,SYMPTOMATIC TREATMENT AND TO STOP THE HABIT & FOLLOW UP IS MUST & REFER TO SPECIALIST FOR BIOPSY,,
UNADWhiteIrregularM1MNADPiNADSNOYesSmokingBmucosa,VERRUCOUSLEUKOPLAKIA,VERRUCOUS CARCINOMA & ORAL SQUAMOUS CELL CARCINOMA,SYMPTOMATIC TREATMENT AND TO STOP THE HABIT & FOLLOW UP IS MUST & REFER TO SPECIALIST FOR BIOPSY,,
UNADWhiteIrregularL1MNADPiNADSNOYesHyesMixedareas,VERRUCOUSLEUKOPLAKIA,VERRUCOUS CARCINOMA & CARCINOMA IN SITU,SYMPTOMATIC TREATMENT AND TO STOP THE HABIT & FOLLOW UP IS MUST & REFER TO SPECIALIST FOR BIOPSY,,
UNADWhiteIrregularM1MNADPiNADSNOYesHyesMixedareas,VERRUCOUSLEUKOPLAKIA,VERRUCOUS CARCINOMA & ORAL SQUAMOUS CELL CARCINOMA,SYMPTOMATIC TREATMENT AND TO STOP THE HABIT & FOLLOW UP IS MUST & REFER TO SPECIALIST FOR BIOPSY,,
UNADWhiteIrregularL1MNADPiNADSNOYesSmokingMixedareas,VERRUCOUSLEUKOPLAKIA,VERRUCOUS CARCINOMA & CARCINOMA IN SITU,SYMPTOMATIC TREATMENT AND TO STOP THE HABIT & FOLLOW UP IS MUST & REFER TO SPECIALIST FOR BIOPSY,,
UNADWhiteIrregularM1MNADPiNADSNOYesSmokingMixedareas,VERRUCOUSLEUKOPLAKIA,VERRUCOUS CARCINOMA & ORAL SQUAMOUS CELL CARCINOMA,SYMPTOMATIC TREATMENT AND TO STOP THE HABIT & FOLLOW UP IS MUST & REFER TO SPECIALIST FOR BIOPSY,,
UNADWhiteIrregularL1MNADPiNADSNOYesHyesBsulcus,VERRUCOUSLEUKOPLAKIA,VERRUCOUS CARCINOMA & CARCINOMA IN SITU,SYMPTOMATIC TREATMENT AND TO STOP THE HABIT & FOLLOW UP IS MUST & REFER TO SPECIALIST FOR BIOPSY,,
UNADWhiteIrregularM1MNADPiNADSNOYesHyesBsulcus,VERRUCOUSLEUKOPLAKIA,VERRUCOUS CARCINOMA & ORAL SQUAMOUS CELL CARCINOMA,SYMPTOMATIC TREATMENT AND TO STOP THE HABIT & FOLLOW UP IS MUST & REFER TO SPECIALIST FOR BIOPSY,,
UNADWhiteIrregularL1MNADPiNADSNOYesSmokingBsulcus,VERRUCOUSLEUKOPLAKIA,VERRUCOUS CARCINOMA & CARCINOMA IN SITU,SYMPTOMATIC TREATMENT AND TO STOP THE HABIT & FOLLOW UP IS MUST & REFER TO SPECIALIST FOR BIOPSY,,
UNADWhiteIrregularM1MNADPiNADSNOYesSmokingBsulcus,VERRUCOUSLEUKOPLAKIA,VERRUCOUS CARCINOMA & ORAL SQUAMOUS CELL CARCINOMA,SYMPTOMATIC TREATMENT AND TO STOP THE HABIT & FOLLOW UP IS MUST & REFER TO SPECIALIST FOR BIOPSY,,
UNADWhiteIrregularL1MNADPiNADSNOYesHyesPalate,VERRUCOUSLEUKOPLAKIA,VERRUCOUS CARCINOMA & CARCINOMA IN SITU,SYMPTOMATIC TREATMENT AND TO STOP THE HABIT & FOLLOW UP IS MUST & REFER TO SPECIALIST FOR BIOPSY,,
UNADWhiteIrregularM1MNADPiNADSNOYesHyesPalate,VERRUCOUSLEUKOPLAKIA,VERRUCOUS CARCINOMA & ORAL SQUAMOUS CELL CARCINOMA,SYMPTOMATIC TREATMENT AND TO STOP THE HABIT & FOLLOW UP IS MUST & REFER TO SPECIALIST FOR BIOPSY,,
UNADWhiteIrregularL1MNADPiNADSNOYesSmokingPalate,VERRUCOUSLEUKOPLAKIA,VERRUCOUS CARCINOMA & CARCINOMA IN SITU,SYMPTOMATIC TREATMENT AND TO STOP THE HABIT & FOLLOW UP IS MUST & REFER TO SPECIALIST FOR BIOPSY,,
UNADWhiteIrregularM1MNADPiNADSNOYesSmokingPalate,VERRUCOUSLEUKOPLAKIA,VERRUCOUS CARCINOMA & ORAL SQUAMOUS CELL CARCINOMA,SYMPTOMATIC TREATMENT AND TO STOP THE HABIT & FOLLOW UP IS MUST & REFER TO SPECIALIST FOR BIOPSY,,
UNADWhiteIrregularL1MNADPiNADSNOYesHyesDorsumtongue,VERRUCOUSLEUKOPLAKIA,VERRUCOUS CARCINOMA & CARCINOMA IN SITU,SYMPTOMATIC TREATMENT AND TO STOP THE HABIT & FOLLOW UP IS MUST & REFER TO SPECIALIST FOR BIOPSY,,
UNADWhiteIrregularM1MNADPiNADSNOYesHyesDorsumtongue,VERRUCOUSLEUKOPLAKIA,VERRUCOUS CARCINOMA & ORAL SQUAMOUS CELL CARCINOMA,SYMPTOMATIC TREATMENT AND TO STOP THE HABIT & FOLLOW UP IS MUST & REFER TO SPECIALIST FOR BIOPSY,,
UNADWhiteIrregularL1MNADPiNADSNOYesSmokingDorsumtongue,VERRUCOUSLEUKOPLAKIA,VERRUCOUS CARCINOMA & CARCINOMA IN SITU,SYMPTOMATIC TREATMENT AND TO STOP THE HABIT & FOLLOW UP IS MUST & REFER TO SPECIALIST FOR BIOPSY,,
UNADWhiteIrregularM1MNADPiNADSNOYesSmokingDorsumtongue,VERRUCOUSLEUKOPLAKIA,VERRUCOUS CARCINOMA & ORAL SQUAMOUS CELL CARCINOMA,SYMPTOMATIC TREATMENT AND TO STOP THE HABIT & FOLLOW UP IS MUST & REFER TO SPECIALIST FOR BIOPSY,,
UNADRedGNADMarblewhiteDarkSharpYes MouthHyesBmucosa,OSMF,BURNING MOUTH SYNDROME,SYMPTOMATIC TREATMENT & FOLLOW UP IS MUST & REFER TO A SPECIALIST,,
UNADRedGNADMarblewhiteDarkSNOYes MouthHyesBmucosa,OSMF,BURNING MOUTH SYNDROME,SYMPTOMATIC TREATMENT & FOLLOW UP IS MUST & REFER TO A SPECIALIST,,
UNADRedGNADMarblewhitePiNADSharpYes MouthHyesBmucosa,OSMF,BURNING MOUTH SYNDROME,SYMPTOMATIC TREATMENT & FOLLOW UP IS MUST & REFER TO A SPECIALIST,,
UNADRedGNADMarblewhitePiNADSNOYes MouthHyesBmucosa,OSMF,BURNING MOUTH SYNDROME,SYMPTOMATIC TREATMENT & FOLLOW UP IS MUST & REFER TO A SPECIALIST,,
UlcerroundRedGNADMarblewhiteDarkSharpYes MouthHyesBmucosa,OSMF,BURNING MOUTH SYNDROME,SYMPTOMATIC TREATMENT & FOLLOW UP IS MUST & REFER TO A SPECIALIST,,
UlcerroundRedGNADMarblewhiteDarkSNOYes MouthHyesBmucosa,OSMF,BURNING MOUTH SYNDROME,SYMPTOMATIC TREATMENT & FOLLOW UP IS MUST & REFER TO A SPECIALIST,,
UlcerroundRedGNADMarblewhitePiNADSharpYes MouthHyesBmucosa,OSMF,BURNING MOUTH SYNDROME,SYMPTOMATIC TREATMENT & FOLLOW UP IS MUST & REFER TO A SPECIALIST,,
UlcerroundRedGNADMarblewhitePiNADSNOYes MouthHyesBmucosa,OSMF,BURNING MOUTH SYNDROME,SYMPTOMATIC TREATMENT & FOLLOW UP IS MUST & REFER TO A SPECIALIST,,
UNADWhiteGNADMarblewhiteDarkSharpYes MouthHyesBmucosa,OSMF,BURNING MOUTH SYNDROME,SYMPTOMATIC TREATMENT & FOLLOW UP IS MUST & REFER TO A SPECIALIST,,
UNADWhiteGNADMarblewhiteDarkSNOYes MouthHyesBmucosa,OSMF,BURNING MOUTH SYNDROME,SYMPTOMATIC TREATMENT & FOLLOW UP IS MUST & REFER TO A SPECIALIST,,
UNADWhiteGNADMarblewhitePiNADSharpYes MouthHyesBmucosa,OSMF,BURNING MOUTH SYNDROME,SYMPTOMATIC TREATMENT & FOLLOW UP IS MUST & REFER TO A SPECIALIST,,
UNADWhiteGNADMarblewhitePiNADSNOYes MouthHyesBmucosa,OSMF,BURNING MOUTH SYNDROME,SYMPTOMATIC TREATMENT & FOLLOW UP IS MUST & REFER TO A SPECIALIST,,
UlcerroundWhiteGNADMarblewhiteDarkSharpYes MouthHyesBmucosa,OSMF,BURNING MOUTH SYNDROME,SYMPTOMATIC TREATMENT & FOLLOW UP IS MUST & REFER TO A SPECIALIST,,
UlcerroundWhiteGNADMarblewhiteDarkSNOYes MouthHyesBmucosa,OSMF,BURNING MOUTH SYNDROME,SYMPTOMATIC TREATMENT & FOLLOW UP IS MUST & REFER TO A SPECIALIST,,
UlcerroundWhiteGNADMarblewhitePiNADSharpYes MouthHyesBmucosa,OSMF,BURNING MOUTH SYNDROME,SYMPTOMATIC TREATMENT & FOLLOW UP IS MUST & REFER TO A SPECIALIST,,
UlcerroundWhiteGNADMarblewhitePiNADSNOYes MouthHyesBmucosa,OSMF,BURNING MOUTH SYNDROME,SYMPTOMATIC TREATMENT & FOLLOW UP IS MUST & REFER TO A SPECIALIST,,
UNADRedGNADMarblewhiteDarkSharpYes MouthSmokingBmucosa,OSMF,BURNING MOUTH SYNDROME,SYMPTOMATIC TREATMENT & FOLLOW UP IS MUST & REFER TO A SPECIALIST,,
UNADRedGNADMarblewhiteDarkSNOYes MouthSmokingBmucosa,OSMF,BURNING MOUTH SYNDROME,SYMPTOMATIC TREATMENT & FOLLOW UP IS MUST & REFER TO A SPECIALIST,,
UNADRedGNADMarblewhitePiNADSharpYes MouthSmokingBmucosa,OSMF,BURNING MOUTH SYNDROME,SYMPTOMATIC TREATMENT & FOLLOW UP IS MUST & REFER TO A SPECIALIST,,
UNADRedGNADMarblewhitePiNADSNOYes MouthSmokingBmucosa,OSMF,BURNING MOUTH SYNDROME,SYMPTOMATIC TREATMENT & FOLLOW UP IS MUST & REFER TO A SPECIALIST,,
UlcerroundRedGNADMarblewhiteDarkSharpYes MouthSmokingBmucosa,OSMF,BURNING MOUTH SYNDROME,SYMPTOMATIC TREATMENT & FOLLOW UP IS MUST & REFER TO A SPECIALIST,,
UlcerroundRedGNADMarblewhiteDarkSNOYes MouthSmokingBmucosa,OSMF,BURNING MOUTH SYNDROME,SYMPTOMATIC TREATMENT & FOLLOW UP IS MUST & REFER TO A SPECIALIST,,
UlcerroundRedGNADMarblewhitePiNADSharpYes MouthSmokingBmucosa,OSMF,BURNING MOUTH SYNDROME,SYMPTOMATIC TREATMENT & FOLLOW UP IS MUST & REFER TO A SPECIALIST,,
UlcerroundRedGNADMarblewhitePiNADSNOYes MouthSmokingBmucosa,OSMF,BURNING MOUTH SYNDROME,SYMPTOMATIC TREATMENT & FOLLOW UP IS MUST & REFER TO A SPECIALIST,,
UNADWhiteGNADMarblewhiteDarkSharpYes MouthSmokingBmucosa,OSMF,BURNING MOUTH SYNDROME,SYMPTOMATIC TREATMENT & FOLLOW UP IS MUST & REFER TO A SPECIALIST,,
UNADWhiteGNADMarblewhiteDarkSNOYes MouthSmokingBmucosa,OSMF,BURNING MOUTH SYNDROME,SYMPTOMATIC TREATMENT & FOLLOW UP IS MUST & REFER TO A SPECIALIST,,
UNADWhiteGNADMarblewhitePiNADSharpYes MouthSmokingBmucosa,OSMF,BURNING MOUTH SYNDROME,SYMPTOMATIC TREATMENT & FOLLOW UP IS MUST & REFER TO A SPECIALIST,,
UNADWhiteGNADMarblewhitePiNADSNOYes MouthSmokingBmucosa,OSMF,BURNING MOUTH SYNDROME,SYMPTOMATIC TREATMENT & FOLLOW UP IS MUST & REFER TO A SPECIALIST,,
UlcerroundWhiteGNADMarblewhiteDarkSharpYes MouthSmokingBmucosa,OSMF,BURNING MOUTH SYNDROME,SYMPTOMATIC TREATMENT & FOLLOW UP IS MUST & REFER TO A SPECIALIST,,
UlcerroundWhiteGNADMarblewhiteDarkSNOYes MouthSmokingBmucosa,OSMF,BURNING MOUTH SYNDROME,SYMPTOMATIC TREATMENT & FOLLOW UP IS MUST & REFER TO A SPECIALIST,,
UlcerroundWhiteGNADMarblewhitePiNADSharpYes MouthSmokingBmucosa,OSMF,BURNING MOUTH SYNDROME,SYMPTOMATIC TREATMENT & FOLLOW UP IS MUST & REFER TO A SPECIALIST,,
UlcerroundWhiteGNADMarblewhitePiNADSNOYes MouthSmokingBmucosa,OSMF,BURNING MOUTH SYNDROME,SYMPTOMATIC TREATMENT & FOLLOW UP IS MUST & REFER TO A SPECIALIST,,
UNADRedGNADMarblewhiteDarkSharpYes MouthHyesMixedareas,OSMF,BURNING MOUTH SYNDROME,SYMPTOMATIC TREATMENT & FOLLOW UP IS MUST & REFER TO A SPECIALIST,,
UNADRedGNADMarblewhiteDarkSNOYes MouthHyesMixedareas,OSMF,BURNING MOUTH SYNDROME,SYMPTOMATIC TREATMENT & FOLLOW UP IS MUST & REFER TO A SPECIALIST,,
UNADRedGNADMarblewhitePiNADSharpYes MouthHyesMixedareas,OSMF,BURNING MOUTH SYNDROME,SYMPTOMATIC TREATMENT & FOLLOW UP IS MUST & REFER TO A SPECIALIST,,
UNADRedGNADMarblewhitePiNADSNOYes MouthHyesMixedareas,OSMF,BURNING MOUTH SYNDROME,SYMPTOMATIC TREATMENT & FOLLOW UP IS MUST & REFER TO A SPECIALIST,,
UlcerroundRedGNADMarblewhiteDarkSharpYes MouthHyesMixedareas,OSMF,BURNING MOUTH SYNDROME,SYMPTOMATIC TREATMENT & FOLLOW UP IS MUST & REFER TO A SPECIALIST,,
UlcerroundRedGNADMarblewhiteDarkSNOYes MouthHyesMixedareas,OSMF,BURNING MOUTH SYNDROME,SYMPTOMATIC TREATMENT & FOLLOW UP IS MUST & REFER TO A SPECIALIST,,
UlcerroundRedGNADMarblewhitePiNADSharpYes MouthHyesMixedareas,OSMF,BURNING MOUTH SYNDROME,SYMPTOMATIC TREATMENT & FOLLOW UP IS MUST & REFER TO A SPECIALIST,,
UlcerroundRedGNADMarblewhitePiNADSNOYes MouthHyesMixedareas,OSMF,BURNING MOUTH SYNDROME,SYMPTOMATIC TREATMENT & FOLLOW UP IS MUST & REFER TO A SPECIALIST,,
UNADWhiteGNADMarblewhiteDarkSharpYes MouthHyesMixedareas,OSMF,BURNING MOUTH SYNDROME,SYMPTOMATIC TREATMENT & FOLLOW UP IS MUST & REFER TO A SPECIALIST,,
UNADWhiteGNADMarblewhiteDarkSNOYes MouthHyesMixedareas,OSMF,BURNING MOUTH SYNDROME,SYMPTOMATIC TREATMENT & FOLLOW UP IS MUST & REFER TO A SPECIALIST,,
UNADWhiteGNADMarblewhitePiNADSharpYes MouthHyesMixedareas,OSMF,BURNING MOUTH SYNDROME,SYMPTOMATIC TREATMENT & FOLLOW UP IS MUST & REFER TO A SPECIALIST,,
UNADWhiteGNADMarblewhitePiNADSNOYes MouthHyesMixedareas,OSMF,BURNING MOUTH SYNDROME,SYMPTOMATIC TREATMENT & FOLLOW UP IS MUST & REFER TO A SPECIALIST,,
UlcerroundWhiteGNADMarblewhiteDarkSharpYes MouthHyesMixedareas,OSMF,BURNING MOUTH SYNDROME,SYMPTOMATIC TREATMENT & FOLLOW UP IS MUST & REFER TO A SPECIALIST,,
UlcerroundWhiteGNADMarblewhiteDarkSNOYes MouthHyesMixedareas,OSMF,BURNING MOUTH SYNDROME,SYMPTOMATIC TREATMENT & FOLLOW UP IS MUST & REFER TO A SPECIALIST,,
UlcerroundWhiteGNADMarblewhitePiNADSharpYes MouthHyesMixedareas,OSMF,BURNING MOUTH SYNDROME,SYMPTOMATIC TREATMENT & FOLLOW UP IS MUST & REFER TO A SPECIALIST,,
UlcerroundWhiteGNADMarblewhitePiNADSNOYes MouthHyesMixedareas,OSMF,BURNING MOUTH SYNDROME,SYMPTOMATIC TREATMENT & FOLLOW UP IS MUST & REFER TO A SPECIALIST,,
UNADRedGNADMarblewhiteDarkSharpYes MouthSmokingMixedareas,OSMF,BURNING MOUTH SYNDROME,SYMPTOMATIC TREATMENT & FOLLOW UP IS MUST & REFER TO A SPECIALIST,,
UNADRedGNADMarblewhiteDarkSNOYes MouthSmokingMixedareas,OSMF,BURNING MOUTH SYNDROME,SYMPTOMATIC TREATMENT & FOLLOW UP IS MUST & REFER TO A SPECIALIST,,
UNADRedGNADMarblewhitePiNADSharpYes MouthSmokingMixedareas,OSMF,BURNING MOUTH SYNDROME,SYMPTOMATIC TREATMENT & FOLLOW UP IS MUST & REFER TO A SPECIALIST,,
UNADRedGNADMarblewhitePiNADSNOYes MouthSmokingMixedareas,OSMF,BURNING MOUTH SYNDROME,SYMPTOMATIC TREATMENT & FOLLOW UP IS MUST & REFER TO A SPECIALIST,,
UlcerroundRedGNADMarblewhiteDarkSharpYes MouthSmokingMixedareas,OSMF,BURNING MOUTH SYNDROME,SYMPTOMATIC TREATMENT & FOLLOW UP IS MUST & REFER TO A SPECIALIST,,
UlcerroundRedGNADMarblewhiteDarkSNOYes MouthSmokingMixedareas,OSMF,BURNING MOUTH SYNDROME,SYMPTOMATIC TREATMENT & FOLLOW UP IS MUST & REFER TO A SPECIALIST,,
UlcerroundRedGNADMarblewhitePiNADSharpYes MouthSmokingMixedareas,OSMF,BURNING MOUTH SYNDROME,SYMPTOMATIC TREATMENT & FOLLOW UP IS MUST & REFER TO A SPECIALIST,,
UlcerroundRedGNADMarblewhitePiNADSNOYes MouthSmokingMixedareas,OSMF,BURNING MOUTH SYNDROME,SYMPTOMATIC TREATMENT & FOLLOW UP IS MUST & REFER TO A SPECIALIST,,
UNADWhiteGNADMarblewhiteDarkSharpYes MouthSmokingMixedareas,OSMF,BURNING MOUTH SYNDROME,SYMPTOMATIC TREATMENT & FOLLOW UP IS MUST & REFER TO A SPECIALIST,,
UNADWhiteGNADMarblewhiteDarkSNOYes MouthSmokingMixedareas,OSMF,BURNING MOUTH SYNDROME,SYMPTOMATIC TREATMENT & FOLLOW UP IS MUST & REFER TO A SPECIALIST,,
UNADWhiteGNADMarblewhitePiNADSharpYes MouthSmokingMixedareas,OSMF,BURNING MOUTH SYNDROME,SYMPTOMATIC TREATMENT & FOLLOW UP IS MUST & REFER TO A SPECIALIST,,
UNADWhiteGNADMarblewhitePiNADSNOYes MouthSmokingMixedareas,OSMF,BURNING MOUTH SYNDROME,SYMPTOMATIC TREATMENT & FOLLOW UP IS MUST & REFER TO A SPECIALIST,,
UlcerroundWhiteGNADMarblewhiteDarkSharpYes MouthSmokingMixedareas,OSMF,BURNING MOUTH SYNDROME,SYMPTOMATIC TREATMENT & FOLLOW UP IS MUST & REFER TO A SPECIALIST,,
UlcerroundWhiteGNADMarblewhiteDarkSNOYes MouthSmokingMixedareas,OSMF,BURNING MOUTH SYNDROME,SYMPTOMATIC TREATMENT & FOLLOW UP IS MUST & REFER TO A SPECIALIST,,
UlcerroundWhiteGNADMarblewhitePiNADSharpYes MouthSmokingMixedareas,OSMF,BURNING MOUTH SYNDROME,SYMPTOMATIC TREATMENT & FOLLOW UP IS MUST & REFER TO A SPECIALIST,,
UlcerroundWhiteGNADMarblewhitePiNADSNOYes MouthSmokingMixedareas,OSMF,BURNING MOUTH SYNDROME,SYMPTOMATIC TREATMENT & FOLLOW UP IS MUST & REFER TO A SPECIALIST,,
UNADRedGNADMarblewhiteDarkSharpYes MouthHyesPalate,OSMF,BURNING MOUTH SYNDROME,SYMPTOMATIC TREATMENT & FOLLOW UP IS MUST & REFER TO A SPECIALIST,,
UNADRedGNADMarblewhiteDarkSNOYes MouthHyesPalate,OSMF,BURNING MOUTH SYNDROME,SYMPTOMATIC TREATMENT & FOLLOW UP IS MUST & REFER TO A SPECIALIST,,
UNADRedGNADMarblewhitePiNADSharpYes MouthHyesPalate,OSMF,BURNING MOUTH SYNDROME,SYMPTOMATIC TREATMENT & FOLLOW UP IS MUST & REFER TO A SPECIALIST,,
UNADRedGNADMarblewhitePiNADSNOYes MouthHyesPalate,OSMF,BURNING MOUTH SYNDROME,SYMPTOMATIC TREATMENT & FOLLOW UP IS MUST & REFER TO A SPECIALIST,,
UlcerroundRedGNADMarblewhiteDarkSharpYes MouthHyesPalate,OSMF,BURNING MOUTH SYNDROME,SYMPTOMATIC TREATMENT & FOLLOW UP IS MUST & REFER TO A SPECIALIST,,
UlcerroundRedGNADMarblewhiteDarkSNOYes MouthHyesPalate,OSMF,BURNING MOUTH SYNDROME,SYMPTOMATIC TREATMENT & FOLLOW UP IS MUST & REFER TO A SPECIALIST,,
UlcerroundRedGNADMarblewhitePiNADSharpYes MouthHyesPalate,OSMF,BURNING MOUTH SYNDROME,SYMPTOMATIC TREATMENT & FOLLOW UP IS MUST & REFER TO A SPECIALIST,,
UlcerroundRedGNADMarblewhitePiNADSNOYes MouthHyesPalate,OSMF,BURNING MOUTH SYNDROME,SYMPTOMATIC TREATMENT & FOLLOW UP IS MUST & REFER TO A SPECIALIST,,
UNADWhiteGNADMarblewhiteDarkSharpYes MouthHyesPalate,OSMF,BURNING MOUTH SYNDROME,SYMPTOMATIC TREATMENT & FOLLOW UP IS MUST & REFER TO A SPECIALIST,,
UNADWhiteGNADMarblewhiteDarkSNOYes MouthHyesPalate,OSMF,BURNING MOUTH SYNDROME,SYMPTOMATIC TREATMENT & FOLLOW UP IS MUST & REFER TO A SPECIALIST,,
UNADWhiteGNADMarblewhitePiNADSharpYes MouthHyesPalate,OSMF,BURNING MOUTH SYNDROME,SYMPTOMATIC TREATMENT & FOLLOW UP IS MUST & REFER TO A SPECIALIST,,
UNADWhiteGNADMarblewhitePiNADSNOYes MouthHyesPalate,OSMF,BURNING MOUTH SYNDROME,SYMPTOMATIC TREATMENT & FOLLOW UP IS MUST & REFER TO A SPECIALIST,,
UlcerroundWhiteGNADMarblewhiteDarkSharpYes MouthHyesPalate,OSMF,BURNING MOUTH SYNDROME,SYMPTOMATIC TREATMENT & FOLLOW UP IS MUST & REFER TO A SPECIALIST,,
UlcerroundWhiteGNADMarblewhiteDarkSNOYes MouthHyesPalate,OSMF,BURNING MOUTH SYNDROME,SYMPTOMATIC TREATMENT & FOLLOW UP IS MUST & REFER TO A SPECIALIST,,
UlcerroundWhiteGNADMarblewhitePiNADSharpYes MouthHyesPalate,OSMF,BURNING MOUTH SYNDROME,SYMPTOMATIC TREATMENT & FOLLOW UP IS MUST & REFER TO A SPECIALIST,,
UlcerroundWhiteGNADMarblewhitePiNADSNOYes MouthHyesPalate,OSMF,BURNING MOUTH SYNDROME,SYMPTOMATIC TREATMENT & FOLLOW UP IS MUST & REFER TO A SPECIALIST,,
UNADRedGNADMarblewhiteDarkSharpYes MouthSmokingPalate,OSMF,BURNING MOUTH SYNDROME,SYMPTOMATIC TREATMENT & FOLLOW UP IS MUST & REFER TO A SPECIALIST,,
UNADRedGNADMarblewhiteDarkSNOYes MouthSmokingPalate,OSMF,BURNING MOUTH SYNDROME,SYMPTOMATIC TREATMENT & FOLLOW UP IS MUST & REFER TO A SPECIALIST,,
UNADRedGNADMarblewhitePiNADSharpYes MouthSmokingPalate,OSMF,BURNING MOUTH SYNDROME,SYMPTOMATIC TREATMENT & FOLLOW UP IS MUST & REFER TO A SPECIALIST,,
UNADRedGNADMarblewhitePiNADSNOYes MouthSmokingPalate,OSMF,BURNING MOUTH SYNDROME,SYMPTOMATIC TREATMENT & FOLLOW UP IS MUST & REFER TO A SPECIALIST,,
UlcerroundRedGNADMarblewhiteDarkSharpYes MouthSmokingPalate,OSMF,BURNING MOUTH SYNDROME,SYMPTOMATIC TREATMENT & FOLLOW UP IS MUST & REFER TO A SPECIALIST,,
UlcerroundRedGNADMarblewhiteDarkSNOYes MouthSmokingPalate,OSMF,BURNING MOUTH SYNDROME,SYMPTOMATIC TREATMENT & FOLLOW UP IS MUST & REFER TO A SPECIALIST,,
UlcerroundRedGNADMarblewhitePiNADSharpYes MouthSmokingPalate,OSMF,BURNING MOUTH SYNDROME,SYMPTOMATIC TREATMENT & FOLLOW UP IS MUST & REFER TO A SPECIALIST,,
UlcerroundRedGNADMarblewhitePiNADSNOYes MouthSmokingPalate,OSMF,BURNING MOUTH SYNDROME,SYMPTOMATIC TREATMENT & FOLLOW UP IS MUST & REFER TO A SPECIALIST,,
UNADWhiteGNADMarblewhiteDarkSharpYes MouthSmokingPalate,OSMF,BURNING MOUTH SYNDROME,SYMPTOMATIC TREATMENT & FOLLOW UP IS MUST & REFER TO A SPECIALIST,,
UNADWhiteGNADMarblewhiteDarkSNOYes MouthSmokingPalate,OSMF,BURNING MOUTH SYNDROME,SYMPTOMATIC TREATMENT & FOLLOW UP IS MUST & REFER TO A SPECIALIST,,
UNADWhiteGNADMarblewhitePiNADSharpYes MouthSmokingPalate,OSMF,BURNING MOUTH SYNDROME,SYMPTOMATIC TREATMENT & FOLLOW UP IS MUST & REFER TO A SPECIALIST,,
UNADWhiteGNADMarblewhitePiNADSNOYes MouthSmokingPalate,OSMF,BURNING MOUTH SYNDROME,SYMPTOMATIC TREATMENT & FOLLOW UP IS MUST & REFER TO A SPECIALIST,,
UlcerroundWhiteGNADMarblewhiteDarkSharpYes MouthSmokingPalate,OSMF,BURNING MOUTH SYNDROME,SYMPTOMATIC TREATMENT & FOLLOW UP IS MUST & REFER TO A SPECIALIST,,
UlcerroundWhiteGNADMarblewhiteDarkSNOYes MouthSmokingPalate,OSMF,BURNING MOUTH SYNDROME,SYMPTOMATIC TREATMENT & FOLLOW UP IS MUST & REFER TO A SPECIALIST,,
UlcerroundWhiteGNADMarblewhitePiNADSharpYes MouthSmokingPalate,OSMF,BURNING MOUTH SYNDROME,SYMPTOMATIC TREATMENT & FOLLOW UP IS MUST & REFER TO A SPECIALIST,,
UlcerroundWhiteGNADMarblewhitePiNADSNOYes MouthSmokingPalate,OSMF,BURNING MOUTH SYNDROME,SYMPTOMATIC TREATMENT & FOLLOW UP IS MUST & REFER TO A SPECIALIST,,
UNADRedGNADMarblewhiteDarkSharpYes MouthHyesDorsumtongue,OSMF,BURNING MOUTH SYNDROME,SYMPTOMATIC TREATMENT & FOLLOW UP IS MUST & REFER TO A SPECIALIST,,
UNADRedGNADMarblewhiteDarkSNOYes MouthHyesDorsumtongue,OSMF,BURNING MOUTH SYNDROME,SYMPTOMATIC TREATMENT & FOLLOW UP IS MUST & REFER TO A SPECIALIST,,
UNADRedGNADMarblewhitePiNADSharpYes MouthHyesDorsumtongue,OSMF,BURNING MOUTH SYNDROME,SYMPTOMATIC TREATMENT & FOLLOW UP IS MUST & REFER TO A SPECIALIST,,
UNADRedGNADMarblewhitePiNADSNOYes MouthHyesDorsumtongue,OSMF,BURNING MOUTH SYNDROME,SYMPTOMATIC TREATMENT & FOLLOW UP IS MUST & REFER TO A SPECIALIST,,
UlcerroundRedGNADMarblewhiteDarkSharpYes MouthHyesDorsumtongue,OSMF,BURNING MOUTH SYNDROME,SYMPTOMATIC TREATMENT & FOLLOW UP IS MUST & REFER TO A SPECIALIST,,
UlcerroundRedGNADMarblewhiteDarkSNOYes MouthHyesDorsumtongue,OSMF,BURNING MOUTH SYNDROME,SYMPTOMATIC TREATMENT & FOLLOW UP IS MUST & REFER TO A SPECIALIST,,
UlcerroundRedGNADMarblewhitePiNADSharpYes MouthHyesDorsumtongue,OSMF,BURNING MOUTH SYNDROME,SYMPTOMATIC TREATMENT & FOLLOW UP IS MUST & REFER TO A SPECIALIST,,
UlcerroundRedGNADMarblewhitePiNADSNOYes MouthHyesDorsumtongue,OSMF,BURNING MOUTH SYNDROME,SYMPTOMATIC TREATMENT & FOLLOW UP IS MUST & REFER TO A SPECIALIST,,
UNADWhiteGNADMarblewhiteDarkSharpYes MouthHyesDorsumtongue,OSMF,BURNING MOUTH SYNDROME,SYMPTOMATIC TREATMENT & FOLLOW UP IS MUST & REFER TO A SPECIALIST,,
UNADWhiteGNADMarblewhiteDarkSNOYes MouthHyesDorsumtongue,OSMF,BURNING MOUTH SYNDROME,SYMPTOMATIC TREATMENT & FOLLOW UP IS MUST & REFER TO A SPECIALIST,,
UNADWhiteGNADMarblewhitePiNADSharpYes MouthHyesDorsumtongue,OSMF,BURNING MOUTH SYNDROME,SYMPTOMATIC TREATMENT & FOLLOW UP IS MUST & REFER TO A SPECIALIST,,
UNADWhiteGNADMarblewhitePiNADSNOYes MouthHyesDorsumtongue,OSMF,BURNING MOUTH SYNDROME,SYMPTOMATIC TREATMENT & FOLLOW UP IS MUST & REFER TO A SPECIALIST,,
UlcerroundWhiteGNADMarblewhiteDarkSharpYes MouthHyesDorsumtongue,OSMF,BURNING MOUTH SYNDROME,SYMPTOMATIC TREATMENT & FOLLOW UP IS MUST & REFER TO A SPECIALIST,,
UlcerroundWhiteGNADMarblewhiteDarkSNOYes MouthHyesDorsumtongue,OSMF,BURNING MOUTH SYNDROME,SYMPTOMATIC TREATMENT & FOLLOW UP IS MUST & REFER TO A SPECIALIST,,
UlcerroundWhiteGNADMarblewhitePiNADSharpYes MouthHyesDorsumtongue,OSMF,BURNING MOUTH SYNDROME,SYMPTOMATIC TREATMENT & FOLLOW UP IS MUST & REFER TO A SPECIALIST,,
UlcerroundWhiteGNADMarblewhitePiNADSNOYes MouthHyesDorsumtongue,OSMF,BURNING MOUTH SYNDROME,SYMPTOMATIC TREATMENT & FOLLOW UP IS MUST & REFER TO A SPECIALIST,,
UNADRedGNADMarblewhiteDarkSharpYes MouthSmokingDorsumtongue,OSMF,BURNING MOUTH SYNDROME,SYMPTOMATIC TREATMENT & FOLLOW UP IS MUST & REFER TO A SPECIALIST,,
UNADRedGNADMarblewhiteDarkSNOYes MouthSmokingDorsumtongue,OSMF,BURNING MOUTH SYNDROME,SYMPTOMATIC TREATMENT & FOLLOW UP IS MUST & REFER TO A SPECIALIST,,
UNADRedGNADMarblewhitePiNADSharpYes MouthSmokingDorsumtongue,OSMF,BURNING MOUTH SYNDROME,SYMPTOMATIC TREATMENT & FOLLOW UP IS MUST & REFER TO A SPECIALIST,,
UNADRedGNADMarblewhitePiNADSNOYes MouthSmokingDorsumtongue,OSMF,BURNING MOUTH SYNDROME,SYMPTOMATIC TREATMENT & FOLLOW UP IS MUST & REFER TO A SPECIALIST,,
UlcerroundRedGNADMarblewhiteDarkSharpYes MouthSmokingDorsumtongue,OSMF,BURNING MOUTH SYNDROME,SYMPTOMATIC TREATMENT & FOLLOW UP IS MUST & REFER TO A SPECIALIST,,
UlcerroundRedGNADMarblewhiteDarkSNOYes MouthSmokingDorsumtongue,OSMF,BURNING MOUTH SYNDROME,SYMPTOMATIC TREATMENT & FOLLOW UP IS MUST & REFER TO A SPECIALIST,,
UlcerroundRedGNADMarblewhitePiNADSharpYes MouthSmokingDorsumtongue,OSMF,BURNING MOUTH SYNDROME,SYMPTOMATIC TREATMENT & FOLLOW UP IS MUST & REFER TO A SPECIALIST,,
UlcerroundRedGNADMarblewhitePiNADSNOYes MouthSmokingDorsumtongue,OSMF,BURNING MOUTH SYNDROME,SYMPTOMATIC TREATMENT & FOLLOW UP IS MUST & REFER TO A SPECIALIST,,
UNADWhiteGNADMarblewhiteDarkSharpYes MouthSmokingDorsumtongue,OSMF,BURNING MOUTH SYNDROME,SYMPTOMATIC TREATMENT & FOLLOW UP IS MUST & REFER TO A SPECIALIST,,
UNADWhiteGNADMarblewhiteDarkSNOYes MouthSmokingDorsumtongue,OSMF,BURNING MOUTH SYNDROME,SYMPTOMATIC TREATMENT & FOLLOW UP IS MUST & REFER TO A SPECIALIST,,
UNADWhiteGNADMarblewhitePiNADSharpYes MouthSmokingDorsumtongue,OSMF,BURNING MOUTH SYNDROME,SYMPTOMATIC TREATMENT & FOLLOW UP IS MUST & REFER TO A SPECIALIST,,
UNADWhiteGNADMarblewhitePiNADSNOYes MouthSmokingDorsumtongue,OSMF,BURNING MOUTH SYNDROME,SYMPTOMATIC TREATMENT & FOLLOW UP IS MUST & REFER TO A SPECIALIST,,
UlcerroundWhiteGNADMarblewhiteDarkSharpYes MouthSmokingDorsumtongue,OSMF,BURNING MOUTH SYNDROME,SYMPTOMATIC TREATMENT & FOLLOW UP IS MUST & REFER TO A SPECIALIST,,
UlcerroundWhiteGNADMarblewhiteDarkSNOYes MouthSmokingDorsumtongue,OSMF,BURNING MOUTH SYNDROME,SYMPTOMATIC TREATMENT & FOLLOW UP IS MUST & REFER TO A SPECIALIST,,
UlcerroundWhiteGNADMarblewhitePiNADSharpYes MouthSmokingDorsumtongue,OSMF,BURNING MOUTH SYNDROME,SYMPTOMATIC TREATMENT & FOLLOW UP IS MUST & REFER TO A SPECIALIST,,
UlcerroundWhiteGNADMarblewhitePiNADSNOYes MouthSmokingDorsumtongue,OSMF,BURNING MOUTH SYNDROME,SYMPTOMATIC TREATMENT & FOLLOW UP IS MUST & REFER TO A SPECIALIST,,
UNADRedGNADMarblewhiteDarkSharpYes MouthHyesBsulcus,OSMF,BURNING MOUTH SYNDROME,SYMPTOMATIC TREATMENT & FOLLOW UP IS MUST & REFER TO A SPECIALIST,,
UNADRedGNADMarblewhiteDarkSNOYes MouthHyesBsulcus,OSMF,BURNING MOUTH SYNDROME,SYMPTOMATIC TREATMENT & FOLLOW UP IS MUST & REFER TO A SPECIALIST,,
UNADRedGNADMarblewhitePiNADSharpYes MouthHyesBsulcus,OSMF,BURNING MOUTH SYNDROME,SYMPTOMATIC TREATMENT & FOLLOW UP IS MUST & REFER TO A SPECIALIST,,
UNADRedGNADMarblewhitePiNADSNOYes MouthHyesBsulcus,OSMF,BURNING MOUTH SYNDROME,SYMPTOMATIC TREATMENT & FOLLOW UP IS MUST & REFER TO A SPECIALIST,,
UlcerroundRedGNADMarblewhiteDarkSharpYes MouthHyesBsulcus,OSMF,BURNING MOUTH SYNDROME,SYMPTOMATIC TREATMENT & FOLLOW UP IS MUST & REFER TO A SPECIALIST,,
UlcerroundRedGNADMarblewhiteDarkSNOYes MouthHyesBsulcus,OSMF,BURNING MOUTH SYNDROME,SYMPTOMATIC TREATMENT & FOLLOW UP IS MUST & REFER TO A SPECIALIST,,
UlcerroundRedGNADMarblewhitePiNADSharpYes MouthHyesBsulcus,OSMF,BURNING MOUTH SYNDROME,SYMPTOMATIC TREATMENT & FOLLOW UP IS MUST & REFER TO A SPECIALIST,,
UlcerroundRedGNADMarblewhitePiNADSNOYes MouthHyesBsulcus,OSMF,BURNING MOUTH SYNDROME,SYMPTOMATIC TREATMENT & FOLLOW UP IS MUST & REFER TO A SPECIALIST,,
UNADWhiteGNADMarblewhiteDarkSharpYes MouthHyesBsulcus,OSMF,BURNING MOUTH SYNDROME,SYMPTOMATIC TREATMENT & FOLLOW UP IS MUST & REFER TO A SPECIALIST,,
UNADWhiteGNADMarblewhiteDarkSNOYes MouthHyesBsulcus,OSMF,BURNING MOUTH SYNDROME,SYMPTOMATIC TREATMENT & FOLLOW UP IS MUST & REFER TO A SPECIALIST,,
UNADWhiteGNADMarblewhitePiNADSharpYes MouthHyesBsulcus,OSMF,BURNING MOUTH SYNDROME,SYMPTOMATIC TREATMENT & FOLLOW UP IS MUST & REFER TO A SPECIALIST,,
UNADWhiteGNADMarblewhitePiNADSNOYes MouthHyesBsulcus,OSMF,BURNING MOUTH SYNDROME,SYMPTOMATIC TREATMENT & FOLLOW UP IS MUST & REFER TO A SPECIALIST,,
UlcerroundWhiteGNADMarblewhiteDarkSharpYes MouthHyesBsulcus,OSMF,BURNING MOUTH SYNDROME,SYMPTOMATIC TREATMENT & FOLLOW UP IS MUST & REFER TO A SPECIALIST,,
UlcerroundWhiteGNADMarblewhiteDarkSNOYes MouthHyesBsulcus,OSMF,BURNING MOUTH SYNDROME,SYMPTOMATIC TREATMENT & FOLLOW UP IS MUST & REFER TO A SPECIALIST,,
UlcerroundWhiteGNADMarblewhitePiNADSharpYes MouthHyesBsulcus,OSMF,BURNING MOUTH SYNDROME,SYMPTOMATIC TREATMENT & FOLLOW UP IS MUST & REFER TO A SPECIALIST,,
UlcerroundWhiteGNADMarblewhitePiNADSNOYes MouthHyesBsulcus,OSMF,BURNING MOUTH SYNDROME,SYMPTOMATIC TREATMENT & FOLLOW UP IS MUST & REFER TO A SPECIALIST,,
UNADRedGNADMarblewhiteDarkSharpYes MouthSmokingBsulcus,OSMF,BURNING MOUTH SYNDROME,SYMPTOMATIC TREATMENT & FOLLOW UP IS MUST & REFER TO A SPECIALIST,,
UNADRedGNADMarblewhiteDarkSNOYes MouthSmokingBsulcus,OSMF,BURNING MOUTH SYNDROME,SYMPTOMATIC TREATMENT & FOLLOW UP IS MUST & REFER TO A SPECIALIST,,
UNADRedGNADMarblewhitePiNADSharpYes MouthSmokingBsulcus,OSMF,BURNING MOUTH SYNDROME,SYMPTOMATIC TREATMENT & FOLLOW UP IS MUST & REFER TO A SPECIALIST,,
UNADRedGNADMarblewhitePiNADSNOYes MouthSmokingBsulcus,OSMF,BURNING MOUTH SYNDROME,SYMPTOMATIC TREATMENT & FOLLOW UP IS MUST & REFER TO A SPECIALIST,,
UlcerroundRedGNADMarblewhiteDarkSharpYes MouthSmokingBsulcus,OSMF,BURNING MOUTH SYNDROME,SYMPTOMATIC TREATMENT & FOLLOW UP IS MUST & REFER TO A SPECIALIST,,
UlcerroundRedGNADMarblewhiteDarkSNOYes MouthSmokingBsulcus,OSMF,BURNING MOUTH SYNDROME,SYMPTOMATIC TREATMENT & FOLLOW UP IS MUST & REFER TO A SPECIALIST,,
UlcerroundRedGNADMarblewhitePiNADSharpYes MouthSmokingBsulcus,OSMF,BURNING MOUTH SYNDROME,SYMPTOMATIC TREATMENT & FOLLOW UP IS MUST & REFER TO A SPECIALIST,,
UlcerroundRedGNADMarblewhitePiNADSNOYes MouthSmokingBsulcus,OSMF,BURNING MOUTH SYNDROME,SYMPTOMATIC TREATMENT & FOLLOW UP IS MUST & REFER TO A SPECIALIST,,
UNADWhiteGNADMarblewhiteDarkSharpYes MouthSmokingBsulcus,OSMF,BURNING MOUTH SYNDROME,SYMPTOMATIC TREATMENT & FOLLOW UP IS MUST & REFER TO A SPECIALIST,,
UNADWhiteGNADMarblewhiteDarkSNOYes MouthSmokingBsulcus,OSMF,BURNING MOUTH SYNDROME,SYMPTOMATIC TREATMENT & FOLLOW UP IS MUST & REFER TO A SPECIALIST,,
UNADWhiteGNADMarblewhitePiNADSharpYes MouthSmokingBsulcus,OSMF,BURNING MOUTH SYNDROME,SYMPTOMATIC TREATMENT & FOLLOW UP IS MUST & REFER TO A SPECIALIST,,
UNADWhiteGNADMarblewhitePiNADSNOYes MouthSmokingBsulcus,OSMF,BURNING MOUTH SYNDROME,SYMPTOMATIC TREATMENT & FOLLOW UP IS MUST & REFER TO A SPECIALIST,,
UlcerroundWhiteGNADMarblewhiteDarkSharpYes MouthSmokingBsulcus,OSMF,BURNING MOUTH SYNDROME,SYMPTOMATIC TREATMENT & FOLLOW UP IS MUST & REFER TO A SPECIALIST,,
UlcerroundWhiteGNADMarblewhiteDarkSNOYes MouthSmokingBsulcus,OSMF,BURNING MOUTH SYNDROME,SYMPTOMATIC TREATMENT & FOLLOW UP IS MUST & REFER TO A SPECIALIST,,
UlcerroundWhiteGNADMarblewhitePiNADSharpYes MouthSmokingBsulcus,OSMF,BURNING MOUTH SYNDROME,SYMPTOMATIC TREATMENT & FOLLOW UP IS MUST & REFER TO A SPECIALIST,,
UlcerroundWhiteGNADMarblewhitePiNADSNOYes MouthSmokingBsulcus,OSMF,BURNING MOUTH SYNDROME,SYMPTOMATIC TREATMENT & FOLLOW UP IS MUST & REFER TO A SPECIALIST,,
UNADRedGNADMNADDarkSNOYes MouthHnoBmucosa,INFLAMMATORY LESION,OSMF & CANDIDIASIS,SYMTOMATIC TREATMENT & FOLLOW UP IS NEEDED,,
UNADPNADGNADMNADDarkSNOYes MouthHnoBmucosa,BURNING MOUTH SYNDROME,OSMF & CANDIDIASIS,SYMTOMATIC TREATMENT & FOLLOW UP IS NEEDED,,
UNADRedGNADMNADPiNADSNOYes MouthHnoBmucosa,INFLAMMATORY LESION,OSMF & CANDIDIASIS,SYMTOMATIC TREATMENT & FOLLOW UP IS NEEDED,,
UNADPNADGNADMNADPiNADSNOYes MouthHnoBmucosa,BURNING MOUTH SYNDROME,OSMF & CANDIDIASIS,SYMTOMATIC TREATMENT & FOLLOW UP IS NEEDED,,
UNADRedGNADMNADDarkSNOYes MouthHnoMixedareas,INFLAMMATORY LESION,OSMF & CANDIDIASIS,SYMTOMATIC TREATMENT & FOLLOW UP IS NEEDED,,
UNADPNADGNADMNADDarkSNOYes MouthHnoMixedareas,BURNING MOUTH SYNDROME,OSMF & CANDIDIASIS,SYMTOMATIC TREATMENT & FOLLOW UP IS NEEDED,,
UNADRedGNADMNADPiNADSNOYes MouthHnoMixedareas,INFLAMMATORY LESION,OSMF & CANDIDIASIS,SYMTOMATIC TREATMENT & FOLLOW UP IS NEEDED,,
UNADPNADGNADMNADPiNADSNOYes MouthHnoMixedareas,BURNING MOUTH SYNDROME,OSMF & CANDIDIASIS,SYMTOMATIC TREATMENT & FOLLOW UP IS NEEDED,,
UNADRedGNADMNADDarkSNOYes MouthHnoBsulcus,INFLAMMATORY LESION,OSMF & CANDIDIASIS,SYMTOMATIC TREATMENT & FOLLOW UP IS NEEDED,,
UNADPNADGNADMNADDarkSNOYes MouthHnoBsulcus,BURNING MOUTH SYNDROME,OSMF & CANDIDIASIS,SYMTOMATIC TREATMENT & FOLLOW UP IS NEEDED,,
UNADRedGNADMNADPiNADSNOYes MouthHnoBsulcus,INFLAMMATORY LESION,OSMF & CANDIDIASIS,SYMTOMATIC TREATMENT & FOLLOW UP IS NEEDED,,
UNADPNADGNADMNADPiNADSNOYes MouthHnoBsulcus,BURNING MOUTH SYNDROME,OSMF & CANDIDIASIS,SYMTOMATIC TREATMENT & FOLLOW UP IS NEEDED,,
UNADRedGNADMNADDarkSNOYes MouthHnoPalate,INFLAMMATORY LESION,OSMF & CANDIDIASIS,SYMTOMATIC TREATMENT & FOLLOW UP IS NEEDED,,
UNADPNADGNADMNADDarkSNOYes MouthHnoPalate,BURNING MOUTH SYNDROME,OSMF & CANDIDIASIS,SYMTOMATIC TREATMENT & FOLLOW UP IS NEEDED,,
UNADRedGNADMNADPiNADSNOYes MouthHnoPalate,INFLAMMATORY LESION,OSMF & CANDIDIASIS,SYMTOMATIC TREATMENT & FOLLOW UP IS NEEDED,,
UNADPNADGNADMNADPiNADSNOYes MouthHnoPalate,BURNING MOUTH SYNDROME,OSMF & CANDIDIASIS,SYMTOMATIC TREATMENT & FOLLOW UP IS NEEDED,,
UNADRedGNADMNADDarkSNOYes MouthHnoDorsumtongue,INFLAMMATORY LESION,OSMF & CANDIDIASIS,SYMTOMATIC TREATMENT & FOLLOW UP IS NEEDED,,
UNADPNADGNADMNADDarkSNOYes MouthHnoDorsumtongue,BURNING MOUTH SYNDROME,OSMF & CANDIDIASIS,SYMTOMATIC TREATMENT & FOLLOW UP IS NEEDED,,
UNADRedGNADMNADPiNADSNOYes MouthHnoDorsumtongue,INFLAMMATORY LESION,OSMF & CANDIDIASIS,SYMTOMATIC TREATMENT & FOLLOW UP IS NEEDED,,
UNADPNADGNADMNADPiNADSNOYes MouthHnoDorsumtongue,BURNING MOUTH SYNDROME,OSMF & CANDIDIASIS,SYMTOMATIC TREATMENT & FOLLOW UP IS NEEDED,,
UNADPNADRoundMNADPiNADSharpYesHnoBmucosa,FIBROMA,FIBROEPITHELIAL POLYP & GRANULOMA,EXCISIONAL BIOPSY IS NEEDED REFER TO SPECIALIST & OBSERVE SHARP TEETH,,
UNADPNADRoundMNADPiNADSNOYesHnoBmucosa,FIBROMA,FIBROEPITHELIAL POLYP & GRANULOMA,EXCISIONAL BIOPSY IS NEEDED REFER TO SPECIALIST & OBSERVE SHARP TEETH,,
UNADPNADRoundMNADPiNADSharpYesHnoMixedareas,FIBROMA,FIBROEPITHELIAL POLYP & GRANULOMA,EXCISIONAL BIOPSY IS NEEDED REFER TO SPECIALIST & OBSERVE SHARP TEETH,,
UNADPNADRoundMNADPiNADSNOYesHnoMixedareas,FIBROMA,FIBROEPITHELIAL POLYP & GRANULOMA,EXCISIONAL BIOPSY IS NEEDED REFER TO SPECIALIST & OBSERVE SHARP TEETH,,
UNADPNADRoundMNADPiNADSharpYesHnoBsulcus,FIBROMA,FIBROEPITHELIAL POLYP & GRANULOMA,EXCISIONAL BIOPSY IS NEEDED REFER TO SPECIALIST & OBSERVE SHARP TEETH,,
UNADPNADRoundMNADPiNADSNOYesHnoBsulcus,FIBROMA,FIBROEPITHELIAL POLYP & GRANULOMA,EXCISIONAL BIOPSY IS NEEDED REFER TO SPECIALIST & OBSERVE SHARP TEETH,,
UNADPNADRoundMNADPiNADSharpYesHnoPalate,FIBROMA,FIBROEPITHELIAL POLYP & GRANULOMA,EXCISIONAL BIOPSY IS NEEDED REFER TO SPECIALIST & OBSERVE SHARP TEETH,,
UNADPNADRoundMNADPiNADSNOYesHnoPalate,FIBROMA,FIBROEPITHELIAL POLYP & GRANULOMA,EXCISIONAL BIOPSY IS NEEDED REFER TO SPECIALIST & OBSERVE SHARP TEETH,,
UNADPNADRoundMNADPiNADSharpYesHnoDorsumtongue,FIBROMA,FIBROEPITHELIAL POLYP & GRANULOMA,EXCISIONAL BIOPSY IS NEEDED REFER TO SPECIALIST & OBSERVE SHARP TEETH,,
UNADPNADRoundMNADPiNADSNOYesHnoDorsumtongue,FIBROMA,FIBROEPITHELIAL POLYP & GRANULOMA,EXCISIONAL BIOPSY IS NEEDED REFER TO SPECIALIST & OBSERVE SHARP TEETH,,
IrregularL1M2RedwhiteGNADMNADPiNADSNOYesHyesBmucosa,SPECKLEDLEUKOPLAKIA,ORAL SQUAMOUS CELL CARCINOMA & CARCINOMA IN SITU,ADVISE SYMPTOMATIC TREATMENT AND TO STOP THE HABIT & FOLLOW UP IS MUST & REFER TO SPECIALIST FOR BIOPSY,,
IrregularL1M2RedwhiteGNADMNADDarkSNOYesHyesBmucosa,SPECKLEDLEUKOPLAKIA,ORAL SQUAMOUS CELL CARCINOMA & CARCINOMA IN SITU,ADVISE SYMPTOMATIC TREATMENT AND TO STOP THE HABIT & FOLLOW UP IS MUST & REFER TO SPECIALIST FOR BIOPSY,,
UNADRedwhiteGNADMNADPiNADSNOYesHyesBmucosa,SPECKLEDLEUKOPLAKIA,CANDIDIASIS & CARCINOMA IN SITU,ADVISE SYMPTOMATIC TREATMENT AND TO STOP THE HABIT & FOLLOW UP IS MUST & REFER TO SPECIALIST FOR BIOPSY,,
UNADRedwhiteGNADMNADDarkSNOYesHyesBmucosa,SPECKLEDLEUKOPLAKIA,CNADIDIASIS & CARCINOMA IN SITU  ,ADVISE SYMPTOMATIC TREATMENT AND TO STOP THE HABIT & FOLLOW UP IS MUST & REFER TO SPECIALIST FOR BIOPSY,,
IrregularL1M2RedwhiteGNADMNADPiNADSharpYesHyesBmucosa,SPECKLEDLEUKOPLAKIA,TRAUMATICULCER & CARCINOMA IN SITU,ADVISE SYMPTOMATIC TREATMENT AND TO STOP THE HABIT & FOLLOW UP IS MUST & REFER TO SPECIALIST FOR BIOPSY,,
IrregularL1M2RedwhiteGNADMNADDarkSharpYesHyesBmucosa,SPECKLEDLEUKOPLAKIA,TRAUMATICULCER & CARCINOMA IN SITU,ADVISE SYMPTOMATIC TREATMENT AND TO STOP THE HABIT & FOLLOW UP IS MUST & REFER TO SPECIALIST FOR BIOPSY,,
UNADRedwhiteGNADMNADPiNADSharpYesHyesBmucosa,SPECKLEDLEUKOPLAKIA,TRAUMATICULCER & CARCINOMA IN SITU,ADVISE SYMPTOMATIC TREATMENT AND TO STOP THE HABIT & FOLLOW UP IS MUST & REFER TO SPECIALIST FOR BIOPSY,,
UNADRedwhiteGNADMNADDarkSharpYesHyesBmucosa,SPECKLEDLEUKOPLAKIA,TRAUMATICULCER & CARCINOMA IN SITU,ADVISE SYMPTOMATIC TREATMENT AND TO STOP THE HABIT & FOLLOW UP IS MUST & REFER TO SPECIALIST FOR BIOPSY,,
IrregularL1L2RedGNADMNADDarkSNOYesHyesBmucosa,SPECKLEDLEUKOPLAKIA,CANDIDIASIS & CARCINOMA IN SITU,ADVISE SYMPTOMATIC TREATMENT AND FOLLOW UP IS MUST & IF NO CHANGE AFTER 2 WEEKS & ADVISE BIOPSY ,,
IrregularL1L2RedGNADMNADPiNADSNOYesHyesBmucosa,SPECKLEDLEUKOPLAKIA,CANDIDIASIS & CARCINOMA IN SITU,ADVISE SYMPTOMATIC TREATMENT AND FOLLOW UP IS MUST & IF NO CHANGE AFTER 2 WEEKS & ADVISE BIOPSY ,,
IrregularL1L2WhiteGNADMNADDarkSNOYesHyesBmucosa,SPECKLEDLEUKOPLAKIA,CANDIDIASIS & CARCINOMA IN SITU,ADVISE SYMPTOMATIC TREATMENT AND FOLLOW UP IS MUST & IF NO CHANGE AFTER 2 WEEKS & ADVISE BIOPSY ,,
IrregularL1L2WhiteGNADMNADPiNADSNOYesHyesBmucosa,SPECKLEDLEUKOPLAKIA,CANDIDIASIS & CARCINOMA IN SITU,ADVISE SYMPTOMATIC TREATMENT AND FOLLOW UP IS MUST & IF NO CHANGE AFTER 2 WEEKS & ADVISE BIOPSY ,,
IrregularL1M2RedwhiteGNADMNADPiNADSNOYesSmokingBmucosa,SPECKLEDLEUKOPLAKIA,ORAL SQUAMOUS CELL CARCINOMA & CARCINOMA IN SITU ,ADVISE SYMPTOMATIC TREATMENT AND TO STOP THE HABIT & FOLLOW UP IS MUST & REFER TO SPECIALIST FOR BIOPSY,,
IrregularL1M2RedwhiteGNADMNADDarkSNOYesSmokingBmucosa,SPECKLEDLEUKOPLAKIA,ORAL SQUAMOUS CELL CARCINOMA & CARCINOMA IN SITU ,ADVISE SYMPTOMATIC TREATMENT AND TO STOP THE HABIT & FOLLOW UP IS MUST & REFER TO SPECIALIST FOR BIOPSY,,
UNADRedwhiteGNADMNADPiNADSNOYesSmokingBmucosa,SPECKLEDLEUKOPLAKIA,CANDIDIASIS & CARCINOMA IN SITU,ADVISE SYMPTOMATIC TREATMENT AND TO STOP THE HABIT & FOLLOW UP IS MUST & REFER TO SPECIALIST FOR BIOPSY,,
UNADRedwhiteGNADMNADDarkSNOYesSmokingBmucosa,SPECKLEDLEUKOPLAKIA,CANDIDIASIS & CARCINOMA IN SITU,ADVISE SYMPTOMATIC TREATMENT AND TO STOP THE HABIT & FOLLOW UP IS MUST & REFER TO SPECIALIST FOR BIOPSY,,
IrregularL1M2RedwhiteGNADMNADPiNADSharpYesSmokingBmucosa,SPECKLEDLEUKOPLAKIA,TRAUMATICULCER & CARCINOMA IN SITU,ADVISE SYMPTOMATIC TREATMENT AND TO STOP THE HABIT & FOLLOW UP IS MUST & REFER TO SPECIALIST FOR BIOPSY,,
IrregularL1M2RedwhiteGNADMNADDarkSharpYesSmokingBmucosa,SPECKLEDLEUKOPLAKIA,TRAUMATICULCER & CARCINOMA IN SITU,ADVISE SYMPTOMATIC TREATMENT AND TO STOP THE HABIT & FOLLOW UP IS MUST & REFER TO SPECIALIST FOR BIOPSY,,
UNADRedwhiteGNADMNADPiNADSharpYesSmokingBmucosa,SPECKLEDLEUKOPLAKIA,TRAUMATICULCER & CARCINOMA IN SITU,ADVISE SYMPTOMATIC TREATMENT AND TO STOP THE HABIT & FOLLOW UP IS MUST & REFER TO SPECIALIST FOR BIOPSY,,
UNADRedwhiteGNADMNADDarkSharpYesSmokingBmucosa,SPECKLEDLEUKOPLAKIA,TRAUMATICULCER & CARCINOMA IN SITU,ADVISE SYMPTOMATIC TREATMENT AND TO STOP THE HABIT & FOLLOW UP IS MUST & REFER TO SPECIALIST FOR BIOPSY,,
IrregularL1L2RedGNADMNADDarkSNOYesSmokingBmucosa,SPECKLEDLEUKOPLAKIA,CANDIDIASIS & CARCINOMA IN SITU,ADVISE SYMPTOMATIC TREATMENT AND FOLLOW UP IS MUST & IF NO CHANGE AFTER 2 WEEKS & ADVISE BIOPSY ,,
IrregularL1L2RedGNADMNADPiNADSNOYesSmokingBmucosa,SPECKLEDLEUKOPLAKIA,CANDIDIASIS & CARCINOMA IN SITU,ADVISE SYMPTOMATIC TREATMENT AND FOLLOW UP IS MUST & IF NO CHANGE AFTER 2 WEEKS & ADVISE BIOPSY ,,
IrregularL1L2WhiteGNADMNADDarkSNOYesSmokingBmucosa,SPECKLEDLEUKOPLAKIA,CANDIDIASIS & CARCINOMA IN SITU,ADVISE SYMPTOMATIC TREATMENT AND FOLLOW UP IS MUST & IF NO CHANGE AFTER 2 WEEKS & ADVISE BIOPSY ,,
IrregularL1L2WhiteGNADMNADPiNADSNOYesSmokingBmucosa,SPECKLEDLEUKOPLAKIA,CANDIDIASIS & CARCINOMA IN SITU,ADVISE SYMPTOMATIC TREATMENT AND FOLLOW UP IS MUST & IF NO CHANGE AFTER 2 WEEKS & ADVISE BIOPSY ,,
IrregularL1M2RedwhiteGNADMNADPiNADSNOYesHyesMixedareas,SPECKLEDLEUKOPLAKIA,ORAL SQUAMOUS CELL CARCINOMA & CARCINOMA IN SITU ,ADVISE SYMPTOMATIC TREATMENT AND TO STOP THE HABIT & FOLLOW UP IS MUST & REFER TO SPECIALIST FOR BIOPSY,,
IrregularL1M2RedwhiteGNADMNADDarkSNOYesHyesMixedareas,SPECKLEDLEUKOPLAKIA,ORAL SQUAMOUS CELL CARCINOMA & CARCINOMA IN SITU ,ADVISE SYMPTOMATIC TREATMENT AND TO STOP THE HABIT & FOLLOW UP IS MUST & REFER TO SPECIALIST FOR BIOPSY,,
UNADRedwhiteGNADMNADPiNADSNOYesHyesMixedareas,SPECKLEDLEUKOPLAKIA,CANDIDIASIS & CARCINOMA IN SITU,ADVISE SYMPTOMATIC TREATMENT AND TO STOP THE HABIT & FOLLOW UP IS MUST & REFER TO SPECIALIST FOR BIOPSY,,
UNADRedwhiteGNADMNADDarkSNOYesHyesMixedareas,SPECKLEDLEUKOPLAKIA,CANDIDIASIS & CARCINOMA IN SITU,ADVISE SYMPTOMATIC TREATMENT AND TO STOP THE HABIT & FOLLOW UP IS MUST & REFER TO SPECIALIST FOR BIOPSY,,
IrregularL1M2RedwhiteGNADMNADPiNADSharpYesHyesMixedareas,SPECKLEDLEUKOPLAKIA,TRAUMATICULCER & CARCINOMA IN SITU,ADVISE SYMPTOMATIC TREATMENT AND TO STOP THE HABIT & FOLLOW UP IS MUST & REFER TO SPECIALIST FOR BIOPSY,,
IrregularL1M2RedwhiteGNADMNADDarkSharpYesHyesMixedareas,SPECKLEDLEUKOPLAKIA,TRAUMATICULCER & CARCINOMA IN SITU,ADVISE SYMPTOMATIC TREATMENT AND TO STOP THE HABIT & FOLLOW UP IS MUST & REFER TO SPECIALIST FOR BIOPSY,,
UNADRedwhiteGNADMNADPiNADSharpYesHyesMixedareas,SPECKLEDLEUKOPLAKIA,TRAUMATICULCER & CARCINOMA IN SITU,ADVISE SYMPTOMATIC TREATMENT AND TO STOP THE HABIT & FOLLOW UP IS MUST & REFER TO SPECIALIST FOR BIOPSY,,
UNADRedwhiteGNADMNADDarkSharpYesHyesMixedareas,SPECKLEDLEUKOPLAKIA,TRAUMATICULCER & CARCINOMA IN SITU,ADVISE SYMPTOMATIC TREATMENT AND TO STOP THE HABIT & FOLLOW UP IS MUST & REFER TO SPECIALIST FOR BIOPSY,,
IrregularL1L2RedGNADMNADDarkSNOYesHyesMixedareas,SPECKLEDLEUKOPLAKIA,CANDIDIASIS & CARCINOMA IN SITU,ADVISE SYMPTOMATIC TREATMENT AND FOLLOW UP IS MUST & IF NO CHANGE AFTER 2 WEEKS & ADVISE BIOPSY ,,
IrregularL1L2RedGNADMNADPiNADSNOYesHyesMixedareas,SPECKLEDLEUKOPLAKIA,CANDIDIASIS & CARCINOMA IN SITU,ADVISE SYMPTOMATIC TREATMENT AND FOLLOW UP IS MUST & IF NO CHANGE AFTER 2 WEEKS & ADVISE BIOPSY ,,
IrregularL1L2WhiteGNADMNADDarkSNOYesHyesMixedareas,SPECKLEDLEUKOPLAKIA,CANDIDIASIS & CARCINOMA IN SITU,ADVISE SYMPTOMATIC TREATMENT AND FOLLOW UP IS MUST & IF NO CHANGE AFTER 2 WEEKS & ADVISE BIOPSY ,,
IrregularL1L2WhiteGNADMNADPiNADSNOYesHyesMixedareas,SPECKLEDLEUKOPLAKIA,CANDIDIASIS & CARCINOMA IN SITU,ADVISE SYMPTOMATIC TREATMENT AND FOLLOW UP IS MUST & IF NO CHANGE AFTER 2 WEEKS & ADVISE BIOPSY ,,
IrregularL1M2RedwhiteGNADMNADPiNADSNOYesSmokingMixedareas,SPECKLEDLEUKOPLAKIA,ORAL SQUAMOUS CELL CARCINOMA & CARCINOMA IN SITU ,ADVISE SYMPTOMATIC TREATMENT AND TO STOP THE HABIT & FOLLOW UP IS MUST & REFER TO SPECIALIST FOR BIOPSY,,
IrregularL1M2RedwhiteGNADMNADDarkSNOYesSmokingMixedareas,SPECKLEDLEUKOPLAKIA,ORAL SQUAMOUS CELL CARCINOMA & CARCINOMA IN SITU ,ADVISE SYMPTOMATIC TREATMENT AND TO STOP THE HABIT & FOLLOW UP IS MUST & REFER TO SPECIALIST FOR BIOPSY,,
UNADRedwhiteGNADMNADPiNADSNOYesSmokingMixedareas,SPECKLEDLEUKOPLAKIA,CANDIDIASIS & CARCINOMA IN SITU,ADVISE SYMPTOMATIC TREATMENT AND TO STOP THE HABIT & FOLLOW UP IS MUST & REFER TO SPECIALIST FOR BIOPSY,,
UNADRedwhiteGNADMNADDarkSNOYesSmokingMixedareas,SPECKLEDLEUKOPLAKIA,CANDIDIASIS & CARCINOMA IN SITU,ADVISE SYMPTOMATIC TREATMENT AND TO STOP THE HABIT & FOLLOW UP IS MUST & REFER TO SPECIALIST FOR BIOPSY,,
IrregularL1M2RedwhiteGNADMNADPiNADSharpYesSmokingMixedareas,SPECKLEDLEUKOPLAKIA,TRAUMATICULCER & CARCINOMA IN SITU,ADVISE SYMPTOMATIC TREATMENT AND TO STOP THE HABIT & FOLLOW UP IS MUST & REFER TO SPECIALIST FOR BIOPSY,,
IrregularL1M2RedwhiteGNADMNADDarkSharpYesSmokingMixedareas,SPECKLEDLEUKOPLAKIA,TRAUMATICULCER & CARCINOMA IN SITU,ADVISE SYMPTOMATIC TREATMENT AND TO STOP THE HABIT & FOLLOW UP IS MUST & REFER TO SPECIALIST FOR BIOPSY,,
UNADRedwhiteGNADMNADPiNADSharpYesSmokingMixedareas,SPECKLEDLEUKOPLAKIA,TRAUMATICULCER & CARCINOMA IN SITU,ADVISE SYMPTOMATIC TREATMENT AND TO STOP THE HABIT & FOLLOW UP IS MUST & REFER TO SPECIALIST FOR BIOPSY,,
UNADRedwhiteGNADMNADDarkSharpYesSmokingMixedareas,SPECKLEDLEUKOPLAKIA,TRAUMATICULCER & CARCINOMA IN SITU,ADVISE SYMPTOMATIC TREATMENT AND TO STOP THE HABIT & FOLLOW UP IS MUST & REFER TO SPECIALIST FOR BIOPSY,,
IrregularL1L2RedGNADMNADDarkSNOYesSmokingMixedareas,SPECKLEDLEUKOPLAKIA,CANDIDIASIS & CARCINOMA IN SITU,ADVISE SYMPTOMATIC TREATMENT AND FOLLOW UP IS MUST & IF NO CHANGE AFTER 2 WEEKS & ADVISE BIOPSY ,,
IrregularL1L2RedGNADMNADPiNADSNOYesSmokingMixedareas,SPECKLEDLEUKOPLAKIA,CANDIDIASIS & CARCINOMA IN SITU,ADVISE SYMPTOMATIC TREATMENT AND FOLLOW UP IS MUST & IF NO CHANGE AFTER 2 WEEKS & ADVISE BIOPSY ,,
IrregularL1L2WhiteGNADMNADDarkSNOYesSmokingMixedareas,SPECKLEDLEUKOPLAKIA,CANDIDIASIS & CARCINOMA IN SITU,ADVISE SYMPTOMATIC TREATMENT AND FOLLOW UP IS MUST & IF NO CHANGE AFTER 2 WEEKS & ADVISE BIOPSY ,,
IrregularL1L2WhiteGNADMNADPiNADSNOYesSmokingMixedareas,SPECKLEDLEUKOPLAKIA,CANDIDIASIS & CARCINOMA IN SITU,ADVISE SYMPTOMATIC TREATMENT AND FOLLOW UP IS MUST & IF NO CHANGE AFTER 2 WEEKS & ADVISE BIOPSY ,,
IrregularL1M2RedwhiteGNADMNADPiNADSNOYesHyesBsulcus,SPECKLEDLEUKOPLAKIA,ORAL SQUAMOUS CELL CARCINOMA & CARCINOMA IN SITU ,ADVISE SYMPTOMATIC TREATMENT AND TO STOP THE HABIT & FOLLOW UP IS MUST & REFER TO SPECIALIST FOR BIOPSY,,
IrregularL1M2RedwhiteGNADMNADDarkSNOYesHyesBsulcus,SPECKLEDLEUKOPLAKIA,ORAL SQUAMOUS CELL CARCINOMA & CARCINOMA IN SITU ,ADVISE SYMPTOMATIC TREATMENT AND TO STOP THE HABIT & FOLLOW UP IS MUST & REFER TO SPECIALIST FOR BIOPSY,,
UNADRedwhiteGNADMNADPiNADSNOYesHyesBsulcus,SPECKLEDLEUKOPLAKIA,CANDIDIASIS & CARCINOMA IN SITU,ADVISE SYMPTOMATIC TREATMENT AND TO STOP THE HABIT & FOLLOW UP IS MUST & REFER TO SPECIALIST FOR BIOPSY,,
UNADRedwhiteGNADMNADDarkSNOYesHyesBsulcus,SPECKLEDLEUKOPLAKIA,CANDIDIASIS & CARCINOMA IN SITU,ADVISE SYMPTOMATIC TREATMENT AND TO STOP THE HABIT & FOLLOW UP IS MUST & REFER TO SPECIALIST FOR BIOPSY,,
IrregularL1M2RedwhiteGNADMNADPiNADSharpYesHyesBsulcus,SPECKLEDLEUKOPLAKIA,TRAUMATICULCER & CARCINOMA IN SITU,ADVISE SYMPTOMATIC TREATMENT AND TO STOP THE HABIT & FOLLOW UP IS MUST & REFER TO SPECIALIST FOR BIOPSY,,
IrregularL1M2RedwhiteGNADMNADDarkSharpYesHyesBsulcus,SPECKLEDLEUKOPLAKIA,TRAUMATICULCER & CARCINOMA IN SITU,ADVISE SYMPTOMATIC TREATMENT AND TO STOP THE HABIT & FOLLOW UP IS MUST & REFER TO SPECIALIST FOR BIOPSY,,
UNADRedwhiteGNADMNADPiNADSharpYesHyesBsulcus,SPECKLEDLEUKOPLAKIA,TRAUMATICULCER & CARCINOMA IN SITU,ADVISE SYMPTOMATIC TREATMENT AND TO STOP THE HABIT & FOLLOW UP IS MUST & REFER TO SPECIALIST FOR BIOPSY,,
UNADRedwhiteGNADMNADDarkSharpYesHyesBsulcus,SPECKLEDLEUKOPLAKIA,TRAUMATICULCER & CARCINOMA IN SITU,ADVISE SYMPTOMATIC TREATMENT AND TO STOP THE HABIT & FOLLOW UP IS MUST & REFER TO SPECIALIST FOR BIOPSY,,
IrregularL1L2RedGNADMNADDarkSNOYesHyesBsulcus,SPECKLEDLEUKOPLAKIA,CANDIDIASIS & CARCINOMA IN SITU,ADVISE SYMPTOMATIC TREATMENT AND FOLLOW UP IS MUST & IF NO CHANGE AFTER 2 WEEKS & ADVISE BIOPSY ,,
IrregularL1L2RedGNADMNADPiNADSNOYesHyesBsulcus,SPECKLEDLEUKOPLAKIA,CANDIDIASIS & CARCINOMA IN SITU,ADVISE SYMPTOMATIC TREATMENT AND FOLLOW UP IS MUST & IF NO CHANGE AFTER 2 WEEKS & ADVISE BIOPSY ,,
IrregularL1L2WhiteGNADMNADDarkSNOYesHyesBsulcus,SPECKLEDLEUKOPLAKIA,CANDIDIASIS & CARCINOMA IN SITU,ADVISE SYMPTOMATIC TREATMENT AND FOLLOW UP IS MUST & IF NO CHANGE AFTER 2 WEEKS & ADVISE BIOPSY ,,
IrregularL1L2WhiteGNADMNADPiNADSNOYesHyesBsulcus,SPECKLEDLEUKOPLAKIA,CANDIDIASIS & CARCINOMA IN SITU,ADVISE SYMPTOMATIC TREATMENT AND FOLLOW UP IS MUST & IF NO CHANGE AFTER 2 WEEKS & ADVISE BIOPSY ,,
IrregularL1M2RedwhiteGNADMNADPiNADSNOYesSmokingBsulcus,SPECKLEDLEUKOPLAKIA,ORAL SQUAMOUS CELL CARCINOMA & CARCINOMA IN SITU ,ADVISE SYMPTOMATIC TREATMENT AND TO STOP THE HABIT & FOLLOW UP IS MUST & REFER TO SPECIALIST FOR BIOPSY,,
IrregularL1M2RedwhiteGNADMNADDarkSNOYesSmokingBsulcus,SPECKLEDLEUKOPLAKIA,ORAL SQUAMOUS CELL CARCINOMA & CARCINOMA IN SITU ,ADVISE SYMPTOMATIC TREATMENT AND TO STOP THE HABIT & FOLLOW UP IS MUST & REFER TO SPECIALIST FOR BIOPSY,,
UNADRedwhiteGNADMNADPiNADSNOYesSmokingBsulcus,SPECKLEDLEUKOPLAKIA,CANDIDIASIS & CARCINOMA IN SITU,ADVISE SYMPTOMATIC TREATMENT AND TO STOP THE HABIT & FOLLOW UP IS MUST & REFER TO SPECIALIST FOR BIOPSY,,
UNADRedwhiteGNADMNADDarkSNOYesSmokingBsulcus,SPECKLEDLEUKOPLAKIA,CANDIDIASIS & CARCINOMA IN SITU,ADVISE SYMPTOMATIC TREATMENT AND TO STOP THE HABIT & FOLLOW UP IS MUST & REFER TO SPECIALIST FOR BIOPSY,,
IrregularL1M2RedwhiteGNADMNADPiNADSharpYesSmokingBsulcus,SPECKLEDLEUKOPLAKIA,TRAUMATICULCER & CARCINOMA IN SITU,ADVISE SYMPTOMATIC TREATMENT AND TO STOP THE HABIT & FOLLOW UP IS MUST & REFER TO SPECIALIST FOR BIOPSY,,
IrregularL1M2RedwhiteGNADMNADDarkSharpYesSmokingBsulcus,SPECKLEDLEUKOPLAKIA,TRAUMATICULCER & CARCINOMA IN SITU,ADVISE SYMPTOMATIC TREATMENT AND TO STOP THE HABIT & FOLLOW UP IS MUST & REFER TO SPECIALIST FOR BIOPSY,,
UNADRedwhiteGNADMNADPiNADSharpYesSmokingBsulcus,SPECKLEDLEUKOPLAKIA,TRAUMATICULCER & CARCINOMA IN SITU,ADVISE SYMPTOMATIC TREATMENT AND TO STOP THE HABIT & FOLLOW UP IS MUST & REFER TO SPECIALIST FOR BIOPSY,,
UNADRedwhiteGNADMNADDarkSharpYesSmokingBsulcus,SPECKLEDLEUKOPLAKIA,TRAUMATICULCER & CARCINOMA IN SITU,ADVISE SYMPTOMATIC TREATMENT AND TO STOP THE HABIT & FOLLOW UP IS MUST & REFER TO SPECIALIST FOR BIOPSY,,
IrregularL1L2RedGNADMNADDarkSNOYesSmokingBsulcus,SPECKLEDLEUKOPLAKIA,CANDIDIASIS & CARCINOMA IN SITU,ADVISE SYMPTOMATIC TREATMENT AND FOLLOW UP IS MUST & IF NO CHANGE AFTER 2 WEEKS & ADVISE BIOPSY ,,
IrregularL1L2RedGNADMNADPiNADSNOYesSmokingBsulcus,SPECKLEDLEUKOPLAKIA,CANDIDIASIS & CARCINOMA IN SITU,ADVISE SYMPTOMATIC TREATMENT AND FOLLOW UP IS MUST & IF NO CHANGE AFTER 2 WEEKS & ADVISE BIOPSY ,,
IrregularL1L2WhiteGNADMNADDarkSNOYesSmokingBsulcus,SPECKLEDLEUKOPLAKIA,CANDIDIASIS & CARCINOMA IN SITU,ADVISE SYMPTOMATIC TREATMENT AND FOLLOW UP IS MUST & IF NO CHANGE AFTER 2 WEEKS & ADVISE BIOPSY ,,
IrregularL1L2WhiteGNADMNADPiNADSNOYesSmokingBsulcus,SPECKLEDLEUKOPLAKIA,CANDIDIASIS & CARCINOMA IN SITU,ADVISE SYMPTOMATIC TREATMENT AND FOLLOW UP IS MUST & IF NO CHANGE AFTER 2 WEEKS & ADVISE BIOPSY ,,
IrregularL1M2RedwhiteGNADMNADPiNADSNOYesHyesPalate,SPECKLEDLEUKOPLAKIA,ORAL SQUAMOUS CELL CARCINOMA & CARCINOMA IN SITU ,ADVISE SYMPTOMATIC TREATMENT AND TO STOP THE HABIT & FOLLOW UP IS MUST & REFER TO SPECIALIST FOR BIOPSY,,
IrregularL1M2RedwhiteGNADMNADDarkSNOYesHyesPalate,SPECKLEDLEUKOPLAKIA,ORAL SQUAMOUS CELL CARCINOMA & CARCINOMA IN SITU ,ADVISE SYMPTOMATIC TREATMENT AND TO STOP THE HABIT & FOLLOW UP IS MUST & REFER TO SPECIALIST FOR BIOPSY,,
UNADRedwhiteGNADMNADPiNADSNOYesHyesPalate,SPECKLEDLEUKOPLAKIA,CANDIDIASIS & CARCINOMA IN SITU,ADVISE SYMPTOMATIC TREATMENT AND TO STOP THE HABIT & FOLLOW UP IS MUST & REFER TO SPECIALIST FOR BIOPSY,,
UNADRedwhiteGNADMNADDarkSNOYesHyesPalate,SPECKLEDLEUKOPLAKIA,CANDIDIASIS & CARCINOMA IN SITU,ADVISE SYMPTOMATIC TREATMENT AND TO STOP THE HABIT & FOLLOW UP IS MUST & REFER TO SPECIALIST FOR BIOPSY,,
IrregularL1M2RedwhiteGNADMNADPiNADSharpYesHyesPalate,SPECKLEDLEUKOPLAKIA,TRAUMATICULCER & CARCINOMA IN SITU,ADVISE SYMPTOMATIC TREATMENT AND TO STOP THE HABIT & FOLLOW UP IS MUST & REFER TO SPECIALIST FOR BIOPSY,,
IrregularL1M2RedwhiteGNADMNADDarkSharpYesHyesPalate,SPECKLEDLEUKOPLAKIA,TRAUMATICULCER & CARCINOMA IN SITU,ADVISE SYMPTOMATIC TREATMENT AND TO STOP THE HABIT & FOLLOW UP IS MUST & REFER TO SPECIALIST FOR BIOPSY,,
UNADRedwhiteGNADMNADPiNADSharpYesHyesPalate,SPECKLEDLEUKOPLAKIA,TRAUMATICULCER & CARCINOMA IN SITU,ADVISE SYMPTOMATIC TREATMENT AND TO STOP THE HABIT & FOLLOW UP IS MUST & REFER TO SPECIALIST FOR BIOPSY,,
UNADRedwhiteGNADMNADDarkSharpYesHyesPalate,SPECKLEDLEUKOPLAKIA,TRAUMATICULCER & CARCINOMA IN SITU,ADVISE SYMPTOMATIC TREATMENT AND TO STOP THE HABIT & FOLLOW UP IS MUST & REFER TO SPECIALIST FOR BIOPSY,,
IrregularL1L2RedGNADMNADDarkSNOYesHyesPalate,SPECKLEDLEUKOPLAKIA,CANDIDIASIS & CARCINOMA IN SITU,ADVISE SYMPTOMATIC TREATMENT AND FOLLOW UP IS MUST & IF NO CHANGE AFTER 2 WEEKS & ADVISE BIOPSY ,,
IrregularL1L2RedGNADMNADPiNADSNOYesHyesPalate,SPECKLEDLEUKOPLAKIA,CANDIDIASIS & CARCINOMA IN SITU,ADVISE SYMPTOMATIC TREATMENT AND FOLLOW UP IS MUST & IF NO CHANGE AFTER 2 WEEKS & ADVISE BIOPSY ,,
IrregularL1L2WhiteGNADMNADDarkSNOYesHyesPalate,SPECKLEDLEUKOPLAKIA,CANDIDIASIS & CARCINOMA IN SITU,ADVISE SYMPTOMATIC TREATMENT AND FOLLOW UP IS MUST & IF NO CHANGE AFTER 2 WEEKS & ADVISE BIOPSY ,,
IrregularL1L2WhiteGNADMNADPiNADSNOYesHyesPalate,SPECKLEDLEUKOPLAKIA,CANDIDIASIS & CARCINOMA IN SITU,ADVISE SYMPTOMATIC TREATMENT AND FOLLOW UP IS MUST & IF NO CHANGE AFTER 2 WEEKS & ADVISE BIOPSY ,,
IrregularL1M2RedwhiteGNADMNADPiNADSNOYesSmokingPalate,SPECKLEDLEUKOPLAKIA,ORAL SQUAMOUS CELL CARCINOMA & CARCINOMA IN SITU ,ADVISE SYMPTOMATIC TREATMENT AND TO STOP THE HABIT & FOLLOW UP IS MUST & REFER TO SPECIALIST FOR BIOPSY,,
IrregularL1M2RedwhiteGNADMNADDarkSNOYesSmokingPalate,SPECKLEDLEUKOPLAKIA,ORAL SQUAMOUS CELL CARCINOMA & CARCINOMA IN SITU ,ADVISE SYMPTOMATIC TREATMENT AND TO STOP THE HABIT & FOLLOW UP IS MUST & REFER TO SPECIALIST FOR BIOPSY,,
UNADRedwhiteGNADMNADPiNADSNOYesSmokingPalate,SPECKLEDLEUKOPLAKIA,CANDIDIASIS & CARCINOMA IN SITU,ADVISE SYMPTOMATIC TREATMENT AND TO STOP THE HABIT & FOLLOW UP IS MUST & REFER TO SPECIALIST FOR BIOPSY,,
UNADRedwhiteGNADMNADDarkSNOYesSmokingPalate,SPECKLEDLEUKOPLAKIA,CANDIDIASIS & CARCINOMA IN SITU,ADVISE SYMPTOMATIC TREATMENT AND TO STOP THE HABIT & FOLLOW UP IS MUST & REFER TO SPECIALIST FOR BIOPSY,,
IrregularL1M2RedwhiteGNADMNADPiNADSharpYesSmokingPalate,SPECKLEDLEUKOPLAKIA,TRAUMATICULCER & CARCINOMA IN SITU,ADVISE SYMPTOMATIC TREATMENT AND TO STOP THE HABIT & FOLLOW UP IS MUST & REFER TO SPECIALIST FOR BIOPSY,,
IrregularL1M2RedwhiteGNADMNADDarkSharpYesSmokingPalate,SPECKLEDLEUKOPLAKIA,TRAUMATICULCER & CARCINOMA IN SITU,ADVISE SYMPTOMATIC TREATMENT AND TO STOP THE HABIT & FOLLOW UP IS MUST & REFER TO SPECIALIST FOR BIOPSY,,
UNADRedwhiteGNADMNADPiNADSharpYesSmokingPalate,SPECKLEDLEUKOPLAKIA,TRAUMATICULCER & CARCINOMA IN SITU,ADVISE SYMPTOMATIC TREATMENT AND TO STOP THE HABIT & FOLLOW UP IS MUST & REFER TO SPECIALIST FOR BIOPSY,,
UNADRedwhiteGNADMNADDarkSharpYesSmokingPalate,SPECKLEDLEUKOPLAKIA,TRAUMATICULCER & CARCINOMA IN SITU,ADVISE SYMPTOMATIC TREATMENT AND TO STOP THE HABIT & FOLLOW UP IS MUST & REFER TO SPECIALIST FOR BIOPSY,,
IrregularL1L2RedGNADMNADDarkSNOYesSmokingPalate,SPECKLEDLEUKOPLAKIA,CANDIDIASIS & CARCINOMA IN SITU,ADVISE SYMPTOMATIC TREATMENT AND FOLLOW UP IS MUST & IF NO CHANGE AFTER 2 WEEKS & ADVISE BIOPSY ,,
IrregularL1L2RedGNADMNADPiNADSNOYesSmokingPalate,SPECKLEDLEUKOPLAKIA,CANDIDIASIS & CARCINOMA IN SITU,ADVISE SYMPTOMATIC TREATMENT AND FOLLOW UP IS MUST & IF NO CHANGE AFTER 2 WEEKS & ADVISE BIOPSY ,,
IrregularL1L2WhiteGNADMNADDarkSNOYesSmokingPalate,SPECKLEDLEUKOPLAKIA,CANDIDIASIS & CARCINOMA IN SITU,ADVISE SYMPTOMATIC TREATMENT AND FOLLOW UP IS MUST & IF NO CHANGE AFTER 2 WEEKS & ADVISE BIOPSY ,,
IrregularL1L2WhiteGNADMNADPiNADSNOYesSmokingPalate,SPECKLEDLEUKOPLAKIA,CANDIDIASIS & CARCINOMA IN SITU,ADVISE SYMPTOMATIC TREATMENT AND FOLLOW UP IS MUST & IF NO CHANGE AFTER 2 WEEKS & ADVISE BIOPSY ,,
IrregularL1M2RedwhiteGNADMNADPiNADSNOYesHyesDorsumtongue,SPECKLEDLEUKOPLAKIA,ORAL SQUAMOUS CELL CARCINOMA & CARCINOMA IN SITU ,ADVISE SYMPTOMATIC TREATMENT AND TO STOP THE HABIT & FOLLOW UP IS MUST & REFER TO SPECIALIST FOR BIOPSY,,
IrregularL1M2RedwhiteGNADMNADDarkSNOYesHyesDorsumtongue,SPECKLEDLEUKOPLAKIA,ORAL SQUAMOUS CELL CARCINOMA & CARCINOMA IN SITU ,ADVISE SYMPTOMATIC TREATMENT AND TO STOP THE HABIT & FOLLOW UP IS MUST & REFER TO SPECIALIST FOR BIOPSY,,
UNADRedwhiteGNADMNADPiNADSNOYesHyesDorsumtongue,SPECKLEDLEUKOPLAKIA,CANDIDIASIS & CARCINOMA IN SITU,ADVISE SYMPTOMATIC TREATMENT AND TO STOP THE HABIT & FOLLOW UP IS MUST & REFER TO SPECIALIST FOR BIOPSY,,
UNADRedwhiteGNADMNADDarkSNOYesHyesDorsumtongue,SPECKLEDLEUKOPLAKIA,CANDIDIASIS & CARCINOMA IN SITU,ADVISE SYMPTOMATIC TREATMENT AND TO STOP THE HABIT & FOLLOW UP IS MUST & REFER TO SPECIALIST FOR BIOPSY,,
IrregularL1M2RedwhiteGNADMNADPiNADSharpYesHyesDorsumtongue,SPECKLEDLEUKOPLAKIA,TRAUMATICULCER & CARCINOMA IN SITU,ADVISE SYMPTOMATIC TREATMENT AND TO STOP THE HABIT & FOLLOW UP IS MUST & REFER TO SPECIALIST FOR BIOPSY,,
IrregularL1M2RedwhiteGNADMNADDarkSharpYesHyesDorsumtongue,SPECKLEDLEUKOPLAKIA,TRAUMATICULCER & CARCINOMA IN SITU,ADVISE SYMPTOMATIC TREATMENT AND TO STOP THE HABIT & FOLLOW UP IS MUST & REFER TO SPECIALIST FOR BIOPSY,,
UNADRedwhiteGNADMNADPiNADSharpYesHyesDorsumtongue,SPECKLEDLEUKOPLAKIA,TRAUMATICULCER & CARCINOMA IN SITU,ADVISE SYMPTOMATIC TREATMENT AND TO STOP THE HABIT & FOLLOW UP IS MUST & REFER TO SPECIALIST FOR BIOPSY,,
UNADRedwhiteGNADMNADDarkSharpYesHyesDorsumtongue,SPECKLEDLEUKOPLAKIA,TRAUMATICULCER & CARCINOMA IN SITU,ADVISE SYMPTOMATIC TREATMENT AND TO STOP THE HABIT & FOLLOW UP IS MUST & REFER TO SPECIALIST FOR BIOPSY,,
IrregularL1L2RedGNADMNADDarkSNOYesHyesDorsumtongue,SPECKLEDLEUKOPLAKIA,CANDIDIASIS & CARCINOMA IN SITU,ADVISE SYMPTOMATIC TREATMENT AND FOLLOW UP IS MUST & IF NO CHANGE AFTER 2 WEEKS & ADVISE BIOPSY ,,
IrregularL1L2RedGNADMNADPiNADSNOYesHyesDorsumtongue,SPECKLEDLEUKOPLAKIA,CANDIDIASIS & CARCINOMA IN SITU,ADVISE SYMPTOMATIC TREATMENT AND FOLLOW UP IS MUST & IF NO CHANGE AFTER 2 WEEKS & ADVISE BIOPSY ,,
IrregularL1L2WhiteGNADMNADDarkSNOYesHyesDorsumtongue,SPECKLEDLEUKOPLAKIA,CANDIDIASIS & CARCINOMA IN SITU,ADVISE SYMPTOMATIC TREATMENT AND FOLLOW UP IS MUST & IF NO CHANGE AFTER 2 WEEKS & ADVISE BIOPSY ,,
IrregularL1L2WhiteGNADMNADPiNADSNOYesHyesDorsumtongue,SPECKLEDLEUKOPLAKIA,CANDIDIASIS & CARCINOMA IN SITU,ADVISE SYMPTOMATIC TREATMENT AND FOLLOW UP IS MUST & IF NO CHANGE AFTER 2 WEEKS & ADVISE BIOPSY ,,
IrregularL1M2RedwhiteGNADMNADPiNADSNOYesSmokingDorsumtongue,SPECKLEDLEUKOPLAKIA,ORAL SQUAMOUS CELL CARCINOMA & CARCINOMA IN SITU ,ADVISE SYMPTOMATIC TREATMENT AND TO STOP THE HABIT & FOLLOW UP IS MUST & REFER TO SPECIALIST FOR BIOPSY,,
IrregularL1M2RedwhiteGNADMNADDarkSNOYesSmokingDorsumtongue,SPECKLEDLEUKOPLAKIA,ORAL SQUAMOUS CELL CARCINOMA & CARCINOMA IN SITU ,ADVISE SYMPTOMATIC TREATMENT AND TO STOP THE HABIT & FOLLOW UP IS MUST & REFER TO SPECIALIST FOR BIOPSY,,
UNADRedwhiteGNADMNADPiNADSNOYesSmokingDorsumtongue,SPECKLEDLEUKOPLAKIA,CANDIDIASIS & CARCINOMA IN SITU,ADVISE SYMPTOMATIC TREATMENT AND TO STOP THE HABIT & FOLLOW UP IS MUST & REFER TO SPECIALIST FOR BIOPSY,,
UNADRedwhiteGNADMNADDarkSNOYesSmokingDorsumtongue,SPECKLEDLEUKOPLAKIA,CANDIDIASIS & CARCINOMA IN SITU,ADVISE SYMPTOMATIC TREATMENT AND TO STOP THE HABIT & FOLLOW UP IS MUST & REFER TO SPECIALIST FOR BIOPSY,,
IrregularL1M2RedwhiteGNADMNADPiNADSharpYesSmokingDorsumtongue,SPECKLEDLEUKOPLAKIA,TRAUMATICULCER & CARCINOMA IN SITU,ADVISE SYMPTOMATIC TREATMENT AND TO STOP THE HABIT & FOLLOW UP IS MUST & REFER TO SPECIALIST FOR BIOPSY,,
IrregularL1M2RedwhiteGNADMNADDarkSharpYesSmokingDorsumtongue,SPECKLEDLEUKOPLAKIA,TRAUMATICULCER & CARCINOMA IN SITU,ADVISE SYMPTOMATIC TREATMENT AND TO STOP THE HABIT & FOLLOW UP IS MUST & REFER TO SPECIALIST FOR BIOPSY,,
UNADRedwhiteGNADMNADPiNADSharpYesSmokingDorsumtongue,SPECKLEDLEUKOPLAKIA,TRAUMATICULCER & CARCINOMA IN SITU,ADVISE SYMPTOMATIC TREATMENT AND TO STOP THE HABIT & FOLLOW UP IS MUST & REFER TO SPECIALIST FOR BIOPSY,,
UNADRedwhiteGNADMNADDarkSharpYesSmokingDorsumtongue,SPECKLEDLEUKOPLAKIA,TRAUMATICULCER & CARCINOMA IN SITU,ADVISE SYMPTOMATIC TREATMENT AND TO STOP THE HABIT & FOLLOW UP IS MUST & REFER TO SPECIALIST FOR BIOPSY,,
IrregularL1L2RedGNADMNADDarkSNOYesSmokingDorsumtongue,SPECKLEDLEUKOPLAKIA,CANDIDIASIS & CARCINOMA IN SITU,ADVISE SYMPTOMATIC TREATMENT AND FOLLOW UP IS MUST & IF NO CHANGE AFTER 2 WEEKS & ADVISE BIOPSY ,,
IrregularL1L2RedGNADMNADPiNADSNOYesSmokingDorsumtongue,SPECKLEDLEUKOPLAKIA,CANDIDIASIS & CARCINOMA IN SITU,ADVISE SYMPTOMATIC TREATMENT AND FOLLOW UP IS MUST & IF NO CHANGE AFTER 2 WEEKS & ADVISE BIOPSY ,,
IrregularL1L2WhiteGNADMNADDarkSNOYesSmokingDorsumtongue,SPECKLEDLEUKOPLAKIA,CANDIDIASIS & CARCINOMA IN SITU,ADVISE SYMPTOMATIC TREATMENT AND FOLLOW UP IS MUST & IF NO CHANGE AFTER 2 WEEKS & ADVISE BIOPSY ,,
IrregularL1L2WhiteGNADMNADPiNADSNOYesSmokingDorsumtongue,SPECKLEDLEUKOPLAKIA,CANDIDIASIS & CARCINOMA IN SITU,ADVISE SYMPTOMATIC TREATMENT AND FOLLOW UP IS MUST & IF NO CHANGE AFTER 2 WEEKS & ADVISE BIOPSY ,,
IrregularM1M2PNADIrregularL1MNADPiNADSharpYes MouthHyesBmucosa,TRAUMATICULCER ,ORAL SQUAMOUS CELL CARCINOMA & CARCINOMA IN SITU,ADVISE SYMPTOMATIC TREATMENT AND TO STOP THE HABIT & FOLLOW UP IS MUST & REFER TO A SPECIALIST FOR ADVISE ON BIOPSY,,
IrregularM1M2PNADIrregularL1MNADDarkSharpYes MouthHyesBmucosa,TRAUMATICULCER ,ORAL SQUAMOUS CELL CARCINOMA & CARCINOMA IN SITU,ADVISE SYMPTOMATIC TREATMENT AND TO STOP THE HABIT & FOLLOW UP IS MUST & REFER TO A SPECIALIST FOR ADVISE ON BIOPSY,,
IrregularM1M2PNADIrregularL1MNADPiNADSNOYes MouthHyesBmucosa,TRAUMATICULCER ,ORAL SQUAMOUS CELL CARCINOMA & CARCINOMA IN SITU,ADVISE SYMPTOMATIC TREATMENT AND TO STOP THE HABIT & FOLLOW UP IS MUST & REFER TO A SPECIALIST FOR ADVISE ON BIOPSY,,
IrregularM1M2PNADIrregularL1MNADDarkSNOYes MouthHyesBmucosa,TRAUMATICULCER ,ORAL SQUAMOUS CELL CARCINOMA & CARCINOMA IN SITU,ADVISE SYMPTOMATIC TREATMENT AND TO STOP THE HABIT & FOLLOW UP IS MUST & REFER TO A SPECIALIST FOR ADVISE ON BIOPSY,,
IrregularM1M2RedIrregularL1MNADPiNADSharpYes MouthHyesBmucosa,TRAUMATICULCER ,ORAL SQUAMOUS CELL CARCINOMA & CARCINOMA IN SITU,ADVISE SYMPTOMATIC TREATMENT AND TO STOP THE HABIT & FOLLOW UP IS MUST & REFER TO A SPECIALIST FOR ADVISE ON BIOPSY,,
IrregularM1M2RedIrregularL1MNADDarkSharpYes MouthHyesBmucosa,TRAUMATICULCER ,ORAL SQUAMOUS CELL CARCINOMA & CARCINOMA IN SITU,ADVISE SYMPTOMATIC TREATMENT AND TO STOP THE HABIT & FOLLOW UP IS MUST & REFER TO A SPECIALIST FOR ADVISE ON BIOPSY,,
IrregularM1M2RedIrregularL1MNADPiNADSNOYes MouthHyesBmucosa,TRAUMATICULCER ,ORAL SQUAMOUS CELL CARCINOMA & CARCINOMA IN SITU,ADVISE SYMPTOMATIC TREATMENT AND TO STOP THE HABIT & FOLLOW UP IS MUST & REFER TO A SPECIALIST FOR ADVISE ON BIOPSY,,
IrregularM1M2RedIrregularL1MNADDarkSNOYes MouthHyesBmucosa,TRAUMATICULCER ,ORAL SQUAMOUS CELL CARCINOMA & CARCINOMA IN SITU,ADVISE SYMPTOMATIC TREATMENT AND TO STOP THE HABIT & FOLLOW UP IS MUST & REFER TO A SPECIALIST FOR ADVISE ON BIOPSY,,
IrregularM1M2WhiteIrregularL1MNADPiNADSharpYes MouthHyesBmucosa,TRAUMATICULCER ,ORAL SQUAMOUS CELL CARCINOMA & CARCINOMA IN SITU,ADVISE SYMPTOMATIC TREATMENT AND TO STOP THE HABIT & FOLLOW UP IS MUST & REFER TO A SPECIALIST FOR ADVISE ON BIOPSY,,
IrregularM1M2WhiteIrregularL1MNADDarkSharpYes MouthHyesBmucosa,TRAUMATICULCER ,ORAL SQUAMOUS CELL CARCINOMA & CARCINOMA IN SITU,ADVISE SYMPTOMATIC TREATMENT AND TO STOP THE HABIT & FOLLOW UP IS MUST & REFER TO A SPECIALIST FOR ADVISE ON BIOPSY,,
IrregularM1M2WhiteIrregularL1MNADPiNADSNOYes MouthHyesBmucosa,TRAUMATICULCER ,ORAL SQUAMOUS CELL CARCINOMA & CARCINOMA IN SITU,ADVISE SYMPTOMATIC TREATMENT AND TO STOP THE HABIT & FOLLOW UP IS MUST & REFER TO A SPECIALIST FOR ADVISE ON BIOPSY,,
IrregularM1M2WhiteIrregularL1MNADDarkSNOYes MouthHyesBmucosa,TRAUMATICULCER ,ORAL SQUAMOUS CELL CARCINOMA & CARCINOMA IN SITU,ADVISE SYMPTOMATIC TREATMENT AND TO STOP THE HABIT & FOLLOW UP IS MUST & REFER TO A SPECIALIST FOR ADVISE ON BIOPSY,,
IrregularM1M2PNADGNADMNADPiNADSharpYesHyesBmucosa,TRAUMATICULCER ,APTHOUS ULCER & CARCINOMA IN SITU,ADVISE SYMPTOMATIC TREATMENT AND FOLLOW UP IS MUST & IF NO CHANGE AFTER 2 WEEKS & ADVISE BIOPSY ,,
IrregularM1M2PNADGNADMNADDarkSharpYesHyesBmucosa,TRAUMATICULCER ,APTHOUS ULCER & CARCINOMA IN SITU,ADVISE SYMPTOMATIC TREATMENT AND FOLLOW UP IS MUST & IF NO CHANGE AFTER 2 WEEKS & ADVISE BIOPSY ,,
IrregularM1M2PNADGNADMNADPiNADSNOYesHyesBmucosa,TRAUMATICULCER ,APTHOUS ULCER & CARCINOMA IN SITU,ADVISE SYMPTOMATIC TREATMENT AND FOLLOW UP IS MUST & IF NO CHANGE AFTER 2 WEEKS & ADVISE BIOPSY ,,
IrregularM1M2PNADGNADMNADDarkSNOYesHyesBmucosa,TRAUMATICULCER ,APTHOUS ULCER & CARCINOMA IN SITU,ADVISE SYMPTOMATIC TREATMENT AND FOLLOW UP IS MUST & IF NO CHANGE AFTER 2 WEEKS & ADVISE BIOPSY ,,
IrregularM1M2RedGNADMNADPiNADSharpYesHyesBmucosa,TRAUMATICULCER ,APTHOUS ULCER & CARCINOMA IN SITU,ADVISE SYMPTOMATIC TREATMENT AND FOLLOW UP IS MUST & IF NO CHANGE AFTER 2 WEEKS & ADVISE BIOPSY ,,
IrregularM1M2RedGNADMNADDarkSharpYesHyesBmucosa,TRAUMATICULCER ,APTHOUS ULCER & CARCINOMA IN SITU,ADVISE SYMPTOMATIC TREATMENT AND FOLLOW UP IS MUST & IF NO CHANGE AFTER 2 WEEKS & ADVISE BIOPSY ,,
IrregularM1M2RedGNADMNADPiNADSNOYesHyesBmucosa,TRAUMATICULCER ,APTHOUS ULCER & CARCINOMA IN SITU,ADVISE SYMPTOMATIC TREATMENT AND FOLLOW UP IS MUST & IF NO CHANGE AFTER 2 WEEKS & ADVISE BIOPSY ,,
IrregularM1M2RedGNADMNADDarkSNOYesHyesBmucosa,TRAUMATICULCER ,APTHOUS ULCER & CARCINOMA IN SITU,ADVISE SYMPTOMATIC TREATMENT AND FOLLOW UP IS MUST & IF NO CHANGE AFTER 2 WEEKS & ADVISE BIOPSY ,,
IrregularM1M2WhiteGNADMNADPiNADSharpYesHyesBmucosa,TRAUMATICULCER ,APTHOUS ULCER & CARCINOMA IN SITU,ADVISE SYMPTOMATIC TREATMENT AND FOLLOW UP IS MUST & IF NO CHANGE AFTER 2 WEEKS & ADVISE BIOPSY ,,
IrregularM1M2WhiteGNADMNADDarkSharpYesHyesBmucosa,TRAUMATICULCER ,APTHOUS ULCER & CARCINOMA IN SITU,ADVISE SYMPTOMATIC TREATMENT AND FOLLOW UP IS MUST & IF NO CHANGE AFTER 2 WEEKS & ADVISE BIOPSY ,,
IrregularM1M2WhiteGNADMNADPiNADSNOYesHyesBmucosa,TRAUMATICULCER ,APTHOUS ULCER & CARCINOMA IN SITU,ADVISE SYMPTOMATIC TREATMENT AND FOLLOW UP IS MUST & IF NO CHANGE AFTER 2 WEEKS & ADVISE BIOPSY ,,
IrregularM1M2WhiteGNADMNADDarkSNOYesHyesBmucosa,TRAUMATICULCER ,APTHOUS ULCER & CARCINOMA IN SITU,ADVISE SYMPTOMATIC TREATMENT AND FOLLOW UP IS MUST & IF NO CHANGE AFTER 2 WEEKS & ADVISE BIOPSY ,,
IrregularM1M2PNADIrregularL1MNADPiNADSharpYes MouthSmokingBmucosa,TRAUMATICULCER ,ORAL SQUAMOUS CELL CARCINOMA & CARCINOMA IN SITU,ADVISE SYMPTOMATIC TREATMENT AND TO STOP THE HABIT & FOLLOW UP IS MUST & REFER TO A SPECIALIST FOR ADVISE ON BIOPSY,,
IrregularM1M2PNADIrregularL1MNADDarkSharpYes MouthSmokingBmucosa,TRAUMATICULCER ,ORAL SQUAMOUS CELL CARCINOMA & CARCINOMA IN SITU,ADVISE SYMPTOMATIC TREATMENT AND TO STOP THE HABIT & FOLLOW UP IS MUST & REFER TO A SPECIALIST FOR ADVISE ON BIOPSY,,
IrregularM1M2PNADIrregularL1MNADPiNADSNOYes MouthSmokingBmucosa,TRAUMATICULCER ,ORAL SQUAMOUS CELL CARCINOMA & CARCINOMA IN SITU,ADVISE SYMPTOMATIC TREATMENT AND TO STOP THE HABIT & FOLLOW UP IS MUST & REFER TO A SPECIALIST FOR ADVISE ON BIOPSY,,
IrregularM1M2PNADIrregularL1MNADDarkSNOYes MouthSmokingBmucosa,TRAUMATICULCER ,ORAL SQUAMOUS CELL CARCINOMA & CARCINOMA IN SITU,ADVISE SYMPTOMATIC TREATMENT AND TO STOP THE HABIT & FOLLOW UP IS MUST & REFER TO A SPECIALIST FOR ADVISE ON BIOPSY,,
IrregularM1M2RedIrregularL1MNADPiNADSharpYes MouthSmokingBmucosa,TRAUMATICULCER ,ORAL SQUAMOUS CELL CARCINOMA & CARCINOMA IN SITU,ADVISE SYMPTOMATIC TREATMENT AND TO STOP THE HABIT & FOLLOW UP IS MUST & REFER TO A SPECIALIST FOR ADVISE ON BIOPSY,,
IrregularM1M2RedIrregularL1MNADDarkSharpYes MouthSmokingBmucosa,TRAUMATICULCER ,ORAL SQUAMOUS CELL CARCINOMA & CARCINOMA IN SITU,ADVISE SYMPTOMATIC TREATMENT AND TO STOP THE HABIT & FOLLOW UP IS MUST & REFER TO A SPECIALIST FOR ADVISE ON BIOPSY,,
IrregularM1M2RedIrregularL1MNADPiNADSNOYes MouthSmokingBmucosa,TRAUMATICULCER ,ORAL SQUAMOUS CELL CARCINOMA & CARCINOMA IN SITU,ADVISE SYMPTOMATIC TREATMENT AND TO STOP THE HABIT & FOLLOW UP IS MUST & REFER TO A SPECIALIST FOR ADVISE ON BIOPSY,,
IrregularM1M2RedIrregularL1MNADDarkSNOYes MouthSmokingBmucosa,TRAUMATICULCER ,ORAL SQUAMOUS CELL CARCINOMA & CARCINOMA IN SITU,ADVISE SYMPTOMATIC TREATMENT AND TO STOP THE HABIT & FOLLOW UP IS MUST & REFER TO A SPECIALIST FOR ADVISE ON BIOPSY,,
IrregularM1M2WhiteIrregularL1MNADPiNADSharpYes MouthSmokingBmucosa,TRAUMATICULCER ,ORAL SQUAMOUS CELL CARCINOMA & CARCINOMA IN SITU,ADVISE SYMPTOMATIC TREATMENT AND TO STOP THE HABIT & FOLLOW UP IS MUST & REFER TO A SPECIALIST FOR ADVISE ON BIOPSY,,
IrregularM1M2WhiteIrregularL1MNADDarkSharpYes MouthSmokingBmucosa,TRAUMATICULCER ,ORAL SQUAMOUS CELL CARCINOMA & CARCINOMA IN SITU,ADVISE SYMPTOMATIC TREATMENT AND TO STOP THE HABIT & FOLLOW UP IS MUST & REFER TO A SPECIALIST FOR ADVISE ON BIOPSY,,
IrregularM1M2WhiteIrregularL1MNADPiNADSNOYes MouthSmokingBmucosa,TRAUMATICULCER ,ORAL SQUAMOUS CELL CARCINOMA & CARCINOMA IN SITU,ADVISE SYMPTOMATIC TREATMENT AND TO STOP THE HABIT & FOLLOW UP IS MUST & REFER TO A SPECIALIST FOR ADVISE ON BIOPSY,,
IrregularM1M2WhiteIrregularL1MNADDarkSNOYes MouthSmokingBmucosa,TRAUMATICULCER ,ORAL SQUAMOUS CELL CARCINOMA & CARCINOMA IN SITU,ADVISE SYMPTOMATIC TREATMENT AND TO STOP THE HABIT & FOLLOW UP IS MUST & REFER TO A SPECIALIST FOR ADVISE ON BIOPSY,,
IrregularM1M2PNADGNADMNADPiNADSharpYesSmokingBmucosa,TRAUMATICULCER ,APTHOUS ULCER & CARCINOMA IN SITU,ADVISE SYMPTOMATIC TREATMENT AND FOLLOW UP IS MUST & IF NO CHANGE AFTER 2 WEEKS & ADVISE BIOPSY ,,
IrregularM1M2PNADGNADMNADDarkSharpYesSmokingBmucosa,TRAUMATICULCER ,APTHOUS ULCER & CARCINOMA IN SITU,ADVISE SYMPTOMATIC TREATMENT AND FOLLOW UP IS MUST & IF NO CHANGE AFTER 2 WEEKS & ADVISE BIOPSY ,,
IrregularM1M2PNADGNADMNADPiNADSNOYesSmokingBmucosa,TRAUMATICULCER ,APTHOUS ULCER & CARCINOMA IN SITU,ADVISE SYMPTOMATIC TREATMENT AND FOLLOW UP IS MUST & IF NO CHANGE AFTER 2 WEEKS & ADVISE BIOPSY ,,
IrregularM1M2PNADGNADMNADDarkSNOYesSmokingBmucosa,TRAUMATICULCER ,APTHOUS ULCER & CARCINOMA IN SITU,ADVISE SYMPTOMATIC TREATMENT AND FOLLOW UP IS MUST & IF NO CHANGE AFTER 2 WEEKS & ADVISE BIOPSY ,,
IrregularM1M2RedGNADMNADPiNADSharpYesSmokingBmucosa,TRAUMATICULCER ,APTHOUS ULCER & CARCINOMA IN SITU,ADVISE SYMPTOMATIC TREATMENT AND FOLLOW UP IS MUST & IF NO CHANGE AFTER 2 WEEKS & ADVISE BIOPSY ,,
IrregularM1M2RedGNADMNADDarkSharpYesSmokingBmucosa,TRAUMATICULCER ,APTHOUS ULCER & CARCINOMA IN SITU,ADVISE SYMPTOMATIC TREATMENT AND FOLLOW UP IS MUST & IF NO CHANGE AFTER 2 WEEKS & ADVISE BIOPSY ,,
IrregularM1M2RedGNADMNADPiNADSNOYesSmokingBmucosa,TRAUMATICULCER ,APTHOUS ULCER & CARCINOMA IN SITU,ADVISE SYMPTOMATIC TREATMENT AND FOLLOW UP IS MUST & IF NO CHANGE AFTER 2 WEEKS & ADVISE BIOPSY ,,
IrregularM1M2RedGNADMNADDarkSNOYesSmokingBmucosa,TRAUMATICULCER ,APTHOUS ULCER & CARCINOMA IN SITU,ADVISE SYMPTOMATIC TREATMENT AND FOLLOW UP IS MUST & IF NO CHANGE AFTER 2 WEEKS & ADVISE BIOPSY ,,
IrregularM1M2WhiteGNADMNADPiNADSharpYesSmokingBmucosa,TRAUMATICULCER ,APTHOUS ULCER & CARCINOMA IN SITU,ADVISE SYMPTOMATIC TREATMENT AND FOLLOW UP IS MUST & IF NO CHANGE AFTER 2 WEEKS & ADVISE BIOPSY ,,
IrregularM1M2WhiteGNADMNADDarkSharpYesSmokingBmucosa,TRAUMATICULCER ,APTHOUS ULCER & CARCINOMA IN SITU,ADVISE SYMPTOMATIC TREATMENT AND FOLLOW UP IS MUST & IF NO CHANGE AFTER 2 WEEKS & ADVISE BIOPSY ,,
IrregularM1M2WhiteGNADMNADPiNADSNOYesSmokingBmucosa,TRAUMATICULCER ,APTHOUS ULCER & CARCINOMA IN SITU,ADVISE SYMPTOMATIC TREATMENT AND FOLLOW UP IS MUST & IF NO CHANGE AFTER 2 WEEKS & ADVISE BIOPSY ,,
IrregularM1M2WhiteGNADMNADDarkSNOYesSmokingBmucosa,TRAUMATICULCER ,APTHOUS ULCER & CARCINOMA IN SITU,ADVISE SYMPTOMATIC TREATMENT AND FOLLOW UP IS MUST & IF NO CHANGE AFTER 2 WEEKS & ADVISE BIOPSY ,,
IrregularM1M2PNADIrregularL1MNADPiNADSharpYes MouthHyesMixedareas,TRAUMATICULCER ,ORAL SQUAMOUS CELL CARCINOMA & CARCINOMA IN SITU,ADVISE SYMPTOMATIC TREATMENT AND TO STOP THE HABIT & FOLLOW UP IS MUST & REFER TO A SPECIALIST FOR ADVISE ON BIOPSY,,
IrregularM1M2PNADIrregularL1MNADDarkSharpYes MouthHyesMixedareas,TRAUMATICULCER ,ORAL SQUAMOUS CELL CARCINOMA & CARCINOMA IN SITU,ADVISE SYMPTOMATIC TREATMENT AND TO STOP THE HABIT & FOLLOW UP IS MUST & REFER TO A SPECIALIST FOR ADVISE ON BIOPSY,,
IrregularM1M2PNADIrregularL1MNADPiNADSNOYes MouthHyesMixedareas,TRAUMATICULCER ,ORAL SQUAMOUS CELL CARCINOMA & CARCINOMA IN SITU,ADVISE SYMPTOMATIC TREATMENT AND TO STOP THE HABIT & FOLLOW UP IS MUST & REFER TO A SPECIALIST FOR ADVISE ON BIOPSY,,
IrregularM1M2PNADIrregularL1MNADDarkSNOYes MouthHyesMixedareas,TRAUMATICULCER ,ORAL SQUAMOUS CELL CARCINOMA & CARCINOMA IN SITU,ADVISE SYMPTOMATIC TREATMENT AND TO STOP THE HABIT & FOLLOW UP IS MUST & REFER TO A SPECIALIST FOR ADVISE ON BIOPSY,,
IrregularM1M2RedIrregularL1MNADPiNADSharpYes MouthHyesMixedareas,TRAUMATICULCER ,ORAL SQUAMOUS CELL CARCINOMA & CARCINOMA IN SITU,ADVISE SYMPTOMATIC TREATMENT AND TO STOP THE HABIT & FOLLOW UP IS MUST & REFER TO A SPECIALIST FOR ADVISE ON BIOPSY,,
IrregularM1M2RedIrregularL1MNADDarkSharpYes MouthHyesMixedareas,TRAUMATICULCER ,ORAL SQUAMOUS CELL CARCINOMA & CARCINOMA IN SITU,ADVISE SYMPTOMATIC TREATMENT AND TO STOP THE HABIT & FOLLOW UP IS MUST & REFER TO A SPECIALIST FOR ADVISE ON BIOPSY,,
IrregularM1M2RedIrregularL1MNADPiNADSNOYes MouthHyesMixedareas,TRAUMATICULCER ,ORAL SQUAMOUS CELL CARCINOMA & CARCINOMA IN SITU,ADVISE SYMPTOMATIC TREATMENT AND TO STOP THE HABIT & FOLLOW UP IS MUST & REFER TO A SPECIALIST FOR ADVISE ON BIOPSY,,
IrregularM1M2RedIrregularL1MNADDarkSNOYes MouthHyesMixedareas,TRAUMATICULCER ,ORAL SQUAMOUS CELL CARCINOMA & CARCINOMA IN SITU,ADVISE SYMPTOMATIC TREATMENT AND TO STOP THE HABIT & FOLLOW UP IS MUST & REFER TO A SPECIALIST FOR ADVISE ON BIOPSY,,
IrregularM1M2WhiteIrregularL1MNADPiNADSharpYes MouthHyesMixedareas,TRAUMATICULCER ,ORAL SQUAMOUS CELL CARCINOMA & CARCINOMA IN SITU,ADVISE SYMPTOMATIC TREATMENT AND TO STOP THE HABIT & FOLLOW UP IS MUST & REFER TO A SPECIALIST FOR ADVISE ON BIOPSY,,
IrregularM1M2WhiteIrregularL1MNADDarkSharpYes MouthHyesMixedareas,TRAUMATICULCER ,ORAL SQUAMOUS CELL CARCINOMA & CARCINOMA IN SITU,ADVISE SYMPTOMATIC TREATMENT AND TO STOP THE HABIT & FOLLOW UP IS MUST & REFER TO A SPECIALIST FOR ADVISE ON BIOPSY,,
IrregularM1M2WhiteIrregularL1MNADPiNADSNOYes MouthHyesMixedareas,TRAUMATICULCER ,ORAL SQUAMOUS CELL CARCINOMA & CARCINOMA IN SITU,ADVISE SYMPTOMATIC TREATMENT AND TO STOP THE HABIT & FOLLOW UP IS MUST & REFER TO A SPECIALIST FOR ADVISE ON BIOPSY,,
IrregularM1M2WhiteIrregularL1MNADDarkSNOYes MouthHyesMixedareas,TRAUMATICULCER ,ORAL SQUAMOUS CELL CARCINOMA & CARCINOMA IN SITU,ADVISE SYMPTOMATIC TREATMENT AND TO STOP THE HABIT & FOLLOW UP IS MUST & REFER TO A SPECIALIST FOR ADVISE ON BIOPSY,,
IrregularM1M2PNADGNADMNADPiNADSharpYesHyesMixedareas,TRAUMATICULCER ,APTHOUS ULCER & CARCINOMA IN SITU,ADVISE SYMPTOMATIC TREATMENT AND FOLLOW UP IS MUST & IF NO CHANGE AFTER 2 WEEKS & ADVISE BIOPSY ,,
IrregularM1M2PNADGNADMNADDarkSharpYesHyesMixedareas,TRAUMATICULCER ,APTHOUS ULCER & CARCINOMA IN SITU,ADVISE SYMPTOMATIC TREATMENT AND FOLLOW UP IS MUST & IF NO CHANGE AFTER 2 WEEKS & ADVISE BIOPSY ,,
IrregularM1M2PNADGNADMNADPiNADSNOYesHyesMixedareas,TRAUMATICULCER ,APTHOUS ULCER & CARCINOMA IN SITU,ADVISE SYMPTOMATIC TREATMENT AND FOLLOW UP IS MUST & IF NO CHANGE AFTER 2 WEEKS & ADVISE BIOPSY ,,
IrregularM1M2PNADGNADMNADDarkSNOYesHyesMixedareas,TRAUMATICULCER ,APTHOUS ULCER & CARCINOMA IN SITU,ADVISE SYMPTOMATIC TREATMENT AND FOLLOW UP IS MUST & IF NO CHANGE AFTER 2 WEEKS & ADVISE BIOPSY ,,
IrregularM1M2RedGNADMNADPiNADSharpYesHyesMixedareas,TRAUMATICULCER ,APTHOUS ULCER & CARCINOMA IN SITU,ADVISE SYMPTOMATIC TREATMENT AND FOLLOW UP IS MUST & IF NO CHANGE AFTER 2 WEEKS & ADVISE BIOPSY ,,
IrregularM1M2RedGNADMNADDarkSharpYesHyesMixedareas,TRAUMATICULCER ,APTHOUS ULCER & CARCINOMA IN SITU,ADVISE SYMPTOMATIC TREATMENT AND FOLLOW UP IS MUST & IF NO CHANGE AFTER 2 WEEKS & ADVISE BIOPSY ,,
IrregularM1M2RedGNADMNADPiNADSNOYesHyesMixedareas,TRAUMATICULCER ,APTHOUS ULCER & CARCINOMA IN SITU,ADVISE SYMPTOMATIC TREATMENT AND FOLLOW UP IS MUST & IF NO CHANGE AFTER 2 WEEKS & ADVISE BIOPSY ,,
IrregularM1M2RedGNADMNADDarkSNOYesHyesMixedareas,TRAUMATICULCER ,APTHOUS ULCER & CARCINOMA IN SITU,ADVISE SYMPTOMATIC TREATMENT AND FOLLOW UP IS MUST & IF NO CHANGE AFTER 2 WEEKS & ADVISE BIOPSY ,,
IrregularM1M2WhiteGNADMNADPiNADSharpYesHyesMixedareas,TRAUMATICULCER ,APTHOUS ULCER & CARCINOMA IN SITU,ADVISE SYMPTOMATIC TREATMENT AND FOLLOW UP IS MUST & IF NO CHANGE AFTER 2 WEEKS & ADVISE BIOPSY ,,
IrregularM1M2WhiteGNADMNADDarkSharpYesHyesMixedareas,TRAUMATICULCER ,APTHOUS ULCER & CARCINOMA IN SITU,ADVISE SYMPTOMATIC TREATMENT AND FOLLOW UP IS MUST & IF NO CHANGE AFTER 2 WEEKS & ADVISE BIOPSY ,,
IrregularM1M2WhiteGNADMNADPiNADSNOYesHyesMixedareas,TRAUMATICULCER ,APTHOUS ULCER & CARCINOMA IN SITU,ADVISE SYMPTOMATIC TREATMENT AND FOLLOW UP IS MUST & IF NO CHANGE AFTER 2 WEEKS & ADVISE BIOPSY ,,
IrregularM1M2WhiteGNADMNADDarkSNOYesHyesMixedareas,TRAUMATICULCER ,APTHOUS ULCER & CARCINOMA IN SITU,ADVISE SYMPTOMATIC TREATMENT AND FOLLOW UP IS MUST & IF NO CHANGE AFTER 2 WEEKS & ADVISE BIOPSY ,,
IrregularM1M2PNADIrregularL1MNADPiNADSharpYes MouthSmokingMixedareas,TRAUMATICULCER ,ORAL SQUAMOUS CELL CARCINOMA & CARCINOMA IN SITU,ADVISE SYMPTOMATIC TREATMENT AND TO STOP THE HABIT & FOLLOW UP IS MUST & REFER TO A SPECIALIST FOR ADVISE ON BIOPSY,,
IrregularM1M2PNADIrregularL1MNADDarkSharpYes MouthSmokingMixedareas,TRAUMATICULCER ,ORAL SQUAMOUS CELL CARCINOMA & CARCINOMA IN SITU,ADVISE SYMPTOMATIC TREATMENT AND TO STOP THE HABIT & FOLLOW UP IS MUST & REFER TO A SPECIALIST FOR ADVISE ON BIOPSY,,
IrregularM1M2PNADIrregularL1MNADPiNADSNOYes MouthSmokingMixedareas,TRAUMATICULCER ,ORAL SQUAMOUS CELL CARCINOMA & CARCINOMA IN SITU,ADVISE SYMPTOMATIC TREATMENT AND TO STOP THE HABIT & FOLLOW UP IS MUST & REFER TO A SPECIALIST FOR ADVISE ON BIOPSY,,
IrregularM1M2PNADIrregularL1MNADDarkSNOYes MouthSmokingMixedareas,TRAUMATICULCER ,ORAL SQUAMOUS CELL CARCINOMA & CARCINOMA IN SITU,ADVISE SYMPTOMATIC TREATMENT AND TO STOP THE HABIT & FOLLOW UP IS MUST & REFER TO A SPECIALIST FOR ADVISE ON BIOPSY,,
IrregularM1M2RedIrregularL1MNADPiNADSharpYes MouthSmokingMixedareas,TRAUMATICULCER ,ORAL SQUAMOUS CELL CARCINOMA & CARCINOMA IN SITU,ADVISE SYMPTOMATIC TREATMENT AND TO STOP THE HABIT & FOLLOW UP IS MUST & REFER TO A SPECIALIST FOR ADVISE ON BIOPSY,,
IrregularM1M2RedIrregularL1MNADDarkSharpYes MouthSmokingMixedareas,TRAUMATICULCER ,ORAL SQUAMOUS CELL CARCINOMA & CARCINOMA IN SITU,ADVISE SYMPTOMATIC TREATMENT AND TO STOP THE HABIT & FOLLOW UP IS MUST & REFER TO A SPECIALIST FOR ADVISE ON BIOPSY,,
IrregularM1M2RedIrregularL1MNADPiNADSNOYes MouthSmokingMixedareas,TRAUMATICULCER ,ORAL SQUAMOUS CELL CARCINOMA & CARCINOMA IN SITU,ADVISE SYMPTOMATIC TREATMENT AND TO STOP THE HABIT & FOLLOW UP IS MUST & REFER TO A SPECIALIST FOR ADVISE ON BIOPSY,,
IrregularM1M2RedIrregularL1MNADDarkSNOYes MouthSmokingMixedareas,TRAUMATICULCER ,ORAL SQUAMOUS CELL CARCINOMA & CARCINOMA IN SITU,ADVISE SYMPTOMATIC TREATMENT AND TO STOP THE HABIT & FOLLOW UP IS MUST & REFER TO A SPECIALIST FOR ADVISE ON BIOPSY,,
IrregularM1M2WhiteIrregularL1MNADPiNADSharpYes MouthSmokingMixedareas,TRAUMATICULCER ,ORAL SQUAMOUS CELL CARCINOMA & CARCINOMA IN SITU,ADVISE SYMPTOMATIC TREATMENT AND TO STOP THE HABIT & FOLLOW UP IS MUST & REFER TO A SPECIALIST FOR ADVISE ON BIOPSY,,
IrregularM1M2WhiteIrregularL1MNADDarkSharpYes MouthSmokingMixedareas,TRAUMATICULCER ,ORAL SQUAMOUS CELL CARCINOMA & CARCINOMA IN SITU,ADVISE SYMPTOMATIC TREATMENT AND TO STOP THE HABIT & FOLLOW UP IS MUST & REFER TO A SPECIALIST FOR ADVISE ON BIOPSY,,
IrregularM1M2WhiteIrregularL1MNADPiNADSNOYes MouthSmokingMixedareas,TRAUMATICULCER ,ORAL SQUAMOUS CELL CARCINOMA & CARCINOMA IN SITU,ADVISE SYMPTOMATIC TREATMENT AND TO STOP THE HABIT & FOLLOW UP IS MUST & REFER TO A SPECIALIST FOR ADVISE ON BIOPSY,,
IrregularM1M2WhiteIrregularL1MNADDarkSNOYes MouthSmokingMixedareas,TRAUMATICULCER ,ORAL SQUAMOUS CELL CARCINOMA & CARCINOMA IN SITU,ADVISE SYMPTOMATIC TREATMENT AND TO STOP THE HABIT & FOLLOW UP IS MUST & REFER TO A SPECIALIST FOR ADVISE ON BIOPSY,,
IrregularM1M2PNADGNADMNADPiNADSharpYesSmokingMixedareas,TRAUMATICULCER ,APTHOUS ULCER & CARCINOMA IN SITU,ADVISE SYMPTOMATIC TREATMENT AND FOLLOW UP IS MUST & IF NO CHANGE AFTER 2 WEEKS & ADVISE BIOPSY ,,
IrregularM1M2PNADGNADMNADDarkSharpYesSmokingMixedareas,TRAUMATICULCER ,APTHOUS ULCER & CARCINOMA IN SITU,ADVISE SYMPTOMATIC TREATMENT AND FOLLOW UP IS MUST & IF NO CHANGE AFTER 2 WEEKS & ADVISE BIOPSY ,,
IrregularM1M2PNADGNADMNADPiNADSNOYesSmokingMixedareas,TRAUMATICULCER ,APTHOUS ULCER & CARCINOMA IN SITU,ADVISE SYMPTOMATIC TREATMENT AND FOLLOW UP IS MUST & IF NO CHANGE AFTER 2 WEEKS & ADVISE BIOPSY ,,
IrregularM1M2PNADGNADMNADDarkSNOYesSmokingMixedareas,TRAUMATICULCER ,APTHOUS ULCER & CARCINOMA IN SITU,ADVISE SYMPTOMATIC TREATMENT AND FOLLOW UP IS MUST & IF NO CHANGE AFTER 2 WEEKS & ADVISE BIOPSY ,,
IrregularM1M2RedGNADMNADPiNADSharpYesSmokingMixedareas,TRAUMATICULCER ,APTHOUS ULCER & CARCINOMA IN SITU,ADVISE SYMPTOMATIC TREATMENT AND FOLLOW UP IS MUST & IF NO CHANGE AFTER 2 WEEKS & ADVISE BIOPSY ,,
IrregularM1M2RedGNADMNADDarkSharpYesSmokingMixedareas,TRAUMATICULCER ,APTHOUS ULCER & CARCINOMA IN SITU,ADVISE SYMPTOMATIC TREATMENT AND FOLLOW UP IS MUST & IF NO CHANGE AFTER 2 WEEKS & ADVISE BIOPSY ,,
IrregularM1M2RedGNADMNADPiNADSNOYesSmokingMixedareas,TRAUMATICULCER ,APTHOUS ULCER & CARCINOMA IN SITU,ADVISE SYMPTOMATIC TREATMENT AND FOLLOW UP IS MUST & IF NO CHANGE AFTER 2 WEEKS & ADVISE BIOPSY ,,
IrregularM1M2RedGNADMNADDarkSNOYesSmokingMixedareas,TRAUMATICULCER ,APTHOUS ULCER & CARCINOMA IN SITU,ADVISE SYMPTOMATIC TREATMENT AND FOLLOW UP IS MUST & IF NO CHANGE AFTER 2 WEEKS & ADVISE BIOPSY ,,
IrregularM1M2WhiteGNADMNADPiNADSharpYesSmokingMixedareas,TRAUMATICULCER ,APTHOUS ULCER & CARCINOMA IN SITU,ADVISE SYMPTOMATIC TREATMENT AND FOLLOW UP IS MUST & IF NO CHANGE AFTER 2 WEEKS & ADVISE BIOPSY ,,
IrregularM1M2WhiteGNADMNADDarkSharpYesSmokingMixedareas,TRAUMATICULCER ,APTHOUS ULCER & CARCINOMA IN SITU,ADVISE SYMPTOMATIC TREATMENT AND FOLLOW UP IS MUST & IF NO CHANGE AFTER 2 WEEKS & ADVISE BIOPSY ,,
IrregularM1M2WhiteGNADMNADPiNADSNOYesSmokingMixedareas,TRAUMATICULCER ,APTHOUS ULCER & CARCINOMA IN SITU,ADVISE SYMPTOMATIC TREATMENT AND FOLLOW UP IS MUST & IF NO CHANGE AFTER 2 WEEKS & ADVISE BIOPSY ,,
IrregularM1M2WhiteGNADMNADDarkSNOYesSmokingMixedareas,TRAUMATICULCER ,APTHOUS ULCER & CARCINOMA IN SITU,ADVISE SYMPTOMATIC TREATMENT AND FOLLOW UP IS MUST & IF NO CHANGE AFTER 2 WEEKS & ADVISE BIOPSY ,,
IrregularM1M2PNADIrregularL1MNADPiNADSharpYes MouthHyesBsulcus,TRAUMATICULCER ,ORAL SQUAMOUS CELL CARCINOMA & CARCINOMA IN SITU,ADVISE SYMPTOMATIC TREATMENT AND TO STOP THE HABIT & FOLLOW UP IS MUST & REFER TO A SPECIALIST FOR ADVISE ON BIOPSY,,
IrregularM1M2PNADIrregularL1MNADDarkSharpYes MouthHyesBsulcus,TRAUMATICULCER ,ORAL SQUAMOUS CELL CARCINOMA & CARCINOMA IN SITU,ADVISE SYMPTOMATIC TREATMENT AND TO STOP THE HABIT & FOLLOW UP IS MUST & REFER TO A SPECIALIST FOR ADVISE ON BIOPSY,,
IrregularM1M2PNADIrregularL1MNADPiNADSNOYes MouthHyesBsulcus,TRAUMATICULCER ,ORAL SQUAMOUS CELL CARCINOMA & CARCINOMA IN SITU,ADVISE SYMPTOMATIC TREATMENT AND TO STOP THE HABIT & FOLLOW UP IS MUST & REFER TO A SPECIALIST FOR ADVISE ON BIOPSY,,
IrregularM1M2PNADIrregularL1MNADDarkSNOYes MouthHyesBsulcus,TRAUMATICULCER ,ORAL SQUAMOUS CELL CARCINOMA & CARCINOMA IN SITU,ADVISE SYMPTOMATIC TREATMENT AND TO STOP THE HABIT & FOLLOW UP IS MUST & REFER TO A SPECIALIST FOR ADVISE ON BIOPSY,,
IrregularM1M2RedIrregularL1MNADPiNADSharpYes MouthHyesBsulcus,TRAUMATICULCER ,ORAL SQUAMOUS CELL CARCINOMA & CARCINOMA IN SITU,ADVISE SYMPTOMATIC TREATMENT AND TO STOP THE HABIT & FOLLOW UP IS MUST & REFER TO A SPECIALIST FOR ADVISE ON BIOPSY,,
IrregularM1M2RedIrregularL1MNADDarkSharpYes MouthHyesBsulcus,TRAUMATICULCER ,ORAL SQUAMOUS CELL CARCINOMA & CARCINOMA IN SITU,ADVISE SYMPTOMATIC TREATMENT AND TO STOP THE HABIT & FOLLOW UP IS MUST & REFER TO A SPECIALIST FOR ADVISE ON BIOPSY,,
IrregularM1M2RedIrregularL1MNADPiNADSNOYes MouthHyesBsulcus,TRAUMATICULCER ,ORAL SQUAMOUS CELL CARCINOMA & CARCINOMA IN SITU,ADVISE SYMPTOMATIC TREATMENT AND TO STOP THE HABIT & FOLLOW UP IS MUST & REFER TO A SPECIALIST FOR ADVISE ON BIOPSY,,
IrregularM1M2RedIrregularL1MNADDarkSNOYes MouthHyesBsulcus,TRAUMATICULCER ,ORAL SQUAMOUS CELL CARCINOMA & CARCINOMA IN SITU,ADVISE SYMPTOMATIC TREATMENT AND TO STOP THE HABIT & FOLLOW UP IS MUST & REFER TO A SPECIALIST FOR ADVISE ON BIOPSY,,
IrregularM1M2WhiteIrregularL1MNADPiNADSharpYes MouthHyesBsulcus,TRAUMATICULCER ,ORAL SQUAMOUS CELL CARCINOMA & CARCINOMA IN SITU,ADVISE SYMPTOMATIC TREATMENT AND TO STOP THE HABIT & FOLLOW UP IS MUST & REFER TO A SPECIALIST FOR ADVISE ON BIOPSY,,
IrregularM1M2WhiteIrregularL1MNADDarkSharpYes MouthHyesBsulcus,TRAUMATICULCER ,ORAL SQUAMOUS CELL CARCINOMA & CARCINOMA IN SITU,ADVISE SYMPTOMATIC TREATMENT AND TO STOP THE HABIT & FOLLOW UP IS MUST & REFER TO A SPECIALIST FOR ADVISE ON BIOPSY,,
IrregularM1M2WhiteIrregularL1MNADPiNADSNOYes MouthHyesBsulcus,TRAUMATICULCER ,ORAL SQUAMOUS CELL CARCINOMA & CARCINOMA IN SITU,ADVISE SYMPTOMATIC TREATMENT AND TO STOP THE HABIT & FOLLOW UP IS MUST & REFER TO A SPECIALIST FOR ADVISE ON BIOPSY,,
IrregularM1M2WhiteIrregularL1MNADDarkSNOYes MouthHyesBsulcus,TRAUMATICULCER ,ORAL SQUAMOUS CELL CARCINOMA & CARCINOMA IN SITU,ADVISE SYMPTOMATIC TREATMENT AND TO STOP THE HABIT & FOLLOW UP IS MUST & REFER TO A SPECIALIST FOR ADVISE ON BIOPSY,,
IrregularM1M2PNADGNADMNADPiNADSharpYesHyesBsulcus,TRAUMATICULCER ,APTHOUS ULCER & CARCINOMA IN SITU,ADVISE SYMPTOMATIC TREATMENT AND FOLLOW UP IS MUST & IF NO CHANGE AFTER 2 WEEKS & ADVISE BIOPSY ,,
IrregularM1M2PNADGNADMNADDarkSharpYesHyesBsulcus,TRAUMATICULCER ,APTHOUS ULCER & CARCINOMA IN SITU,ADVISE SYMPTOMATIC TREATMENT AND FOLLOW UP IS MUST & IF NO CHANGE AFTER 2 WEEKS & ADVISE BIOPSY ,,
IrregularM1M2PNADGNADMNADPiNADSNOYesHyesBsulcus,TRAUMATICULCER ,APTHOUS ULCER & CARCINOMA IN SITU,ADVISE SYMPTOMATIC TREATMENT AND FOLLOW UP IS MUST & IF NO CHANGE AFTER 2 WEEKS & ADVISE BIOPSY ,,
IrregularM1M2PNADGNADMNADDarkSNOYesHyesBsulcus,TRAUMATICULCER ,APTHOUS ULCER & CARCINOMA IN SITU,ADVISE SYMPTOMATIC TREATMENT AND FOLLOW UP IS MUST & IF NO CHANGE AFTER 2 WEEKS & ADVISE BIOPSY ,,
IrregularM1M2RedGNADMNADPiNADSharpYesHyesBsulcus,TRAUMATICULCER ,APTHOUS ULCER & CARCINOMA IN SITU,ADVISE SYMPTOMATIC TREATMENT AND FOLLOW UP IS MUST & IF NO CHANGE AFTER 2 WEEKS & ADVISE BIOPSY ,,
IrregularM1M2RedGNADMNADDarkSharpYesHyesBsulcus,TRAUMATICULCER ,APTHOUS ULCER & CARCINOMA IN SITU,ADVISE SYMPTOMATIC TREATMENT AND FOLLOW UP IS MUST & IF NO CHANGE AFTER 2 WEEKS & ADVISE BIOPSY ,,
IrregularM1M2RedGNADMNADPiNADSNOYesHyesBsulcus,TRAUMATICULCER ,APTHOUS ULCER & CARCINOMA IN SITU,ADVISE SYMPTOMATIC TREATMENT AND FOLLOW UP IS MUST & IF NO CHANGE AFTER 2 WEEKS & ADVISE BIOPSY ,,
IrregularM1M2RedGNADMNADDarkSNOYesHyesBsulcus,TRAUMATICULCER ,APTHOUS ULCER & CARCINOMA IN SITU,ADVISE SYMPTOMATIC TREATMENT AND FOLLOW UP IS MUST & IF NO CHANGE AFTER 2 WEEKS & ADVISE BIOPSY ,,
IrregularM1M2WhiteGNADMNADPiNADSharpYesHyesBsulcus,TRAUMATICULCER ,APTHOUS ULCER & CARCINOMA IN SITU,ADVISE SYMPTOMATIC TREATMENT AND FOLLOW UP IS MUST & IF NO CHANGE AFTER 2 WEEKS & ADVISE BIOPSY ,,
IrregularM1M2WhiteGNADMNADDarkSharpYesHyesBsulcus,TRAUMATICULCER ,APTHOUS ULCER & CARCINOMA IN SITU,ADVISE SYMPTOMATIC TREATMENT AND FOLLOW UP IS MUST & IF NO CHANGE AFTER 2 WEEKS & ADVISE BIOPSY ,,
IrregularM1M2WhiteGNADMNADPiNADSNOYesHyesBsulcus,TRAUMATICULCER ,APTHOUS ULCER & CARCINOMA IN SITU,ADVISE SYMPTOMATIC TREATMENT AND FOLLOW UP IS MUST & IF NO CHANGE AFTER 2 WEEKS & ADVISE BIOPSY ,,
IrregularM1M2WhiteGNADMNADDarkSNOYesHyesBsulcus,TRAUMATICULCER ,APTHOUS ULCER & CARCINOMA IN SITU,ADVISE SYMPTOMATIC TREATMENT AND FOLLOW UP IS MUST & IF NO CHANGE AFTER 2 WEEKS & ADVISE BIOPSY ,,
IrregularM1M2PNADIrregularL1MNADPiNADSharpYes MouthSmokingBsulcus,TRAUMATICULCER ,ORAL SQUAMOUS CELL CARCINOMA & CARCINOMA IN SITU,ADVISE SYMPTOMATIC TREATMENT AND TO STOP THE HABIT & FOLLOW UP IS MUST & REFER TO A SPECIALIST FOR ADVISE ON BIOPSY,,
IrregularM1M2PNADIrregularL1MNADDarkSharpYes MouthSmokingBsulcus,TRAUMATICULCER ,ORAL SQUAMOUS CELL CARCINOMA & CARCINOMA IN SITU,ADVISE SYMPTOMATIC TREATMENT AND TO STOP THE HABIT & FOLLOW UP IS MUST & REFER TO A SPECIALIST FOR ADVISE ON BIOPSY,,
IrregularM1M2PNADIrregularL1MNADPiNADSNOYes MouthSmokingBsulcus,TRAUMATICULCER ,ORAL SQUAMOUS CELL CARCINOMA & CARCINOMA IN SITU,ADVISE SYMPTOMATIC TREATMENT AND TO STOP THE HABIT & FOLLOW UP IS MUST & REFER TO A SPECIALIST FOR ADVISE ON BIOPSY,,
IrregularM1M2PNADIrregularL1MNADDarkSNOYes MouthSmokingBsulcus,TRAUMATICULCER ,ORAL SQUAMOUS CELL CARCINOMA & CARCINOMA IN SITU,ADVISE SYMPTOMATIC TREATMENT AND TO STOP THE HABIT & FOLLOW UP IS MUST & REFER TO A SPECIALIST FOR ADVISE ON BIOPSY,,
IrregularM1M2RedIrregularL1MNADPiNADSharpYes MouthSmokingBsulcus,TRAUMATICULCER ,ORAL SQUAMOUS CELL CARCINOMA & CARCINOMA IN SITU,ADVISE SYMPTOMATIC TREATMENT AND TO STOP THE HABIT & FOLLOW UP IS MUST & REFER TO A SPECIALIST FOR ADVISE ON BIOPSY,,
IrregularM1M2RedIrregularL1MNADDarkSharpYes MouthSmokingBsulcus,TRAUMATICULCER ,ORAL SQUAMOUS CELL CARCINOMA & CARCINOMA IN SITU,ADVISE SYMPTOMATIC TREATMENT AND TO STOP THE HABIT & FOLLOW UP IS MUST & REFER TO A SPECIALIST FOR ADVISE ON BIOPSY,,
IrregularM1M2RedIrregularL1MNADPiNADSNOYes MouthSmokingBsulcus,TRAUMATICULCER ,ORAL SQUAMOUS CELL CARCINOMA & CARCINOMA IN SITU,ADVISE SYMPTOMATIC TREATMENT AND TO STOP THE HABIT & FOLLOW UP IS MUST & REFER TO A SPECIALIST FOR ADVISE ON BIOPSY,,
IrregularM1M2RedIrregularL1MNADDarkSNOYes MouthSmokingBsulcus,TRAUMATICULCER ,ORAL SQUAMOUS CELL CARCINOMA & CARCINOMA IN SITU,ADVISE SYMPTOMATIC TREATMENT AND TO STOP THE HABIT & FOLLOW UP IS MUST & REFER TO A SPECIALIST FOR ADVISE ON BIOPSY,,
IrregularM1M2WhiteIrregularL1MNADPiNADSharpYes MouthSmokingBsulcus,TRAUMATICULCER ,ORAL SQUAMOUS CELL CARCINOMA & CARCINOMA IN SITU,ADVISE SYMPTOMATIC TREATMENT AND TO STOP THE HABIT & FOLLOW UP IS MUST & REFER TO A SPECIALIST FOR ADVISE ON BIOPSY,,
IrregularM1M2WhiteIrregularL1MNADDarkSharpYes MouthSmokingBsulcus,TRAUMATICULCER ,ORAL SQUAMOUS CELL CARCINOMA & CARCINOMA IN SITU,ADVISE SYMPTOMATIC TREATMENT AND TO STOP THE HABIT & FOLLOW UP IS MUST & REFER TO A SPECIALIST FOR ADVISE ON BIOPSY,,
IrregularM1M2WhiteIrregularL1MNADPiNADSNOYes MouthSmokingBsulcus,TRAUMATICULCER ,ORAL SQUAMOUS CELL CARCINOMA & CARCINOMA IN SITU,ADVISE SYMPTOMATIC TREATMENT AND TO STOP THE HABIT & FOLLOW UP IS MUST & REFER TO A SPECIALIST FOR ADVISE ON BIOPSY,,
IrregularM1M2WhiteIrregularL1MNADDarkSNOYes MouthSmokingBsulcus,TRAUMATICULCER ,ORAL SQUAMOUS CELL CARCINOMA & CARCINOMA IN SITU,ADVISE SYMPTOMATIC TREATMENT AND TO STOP THE HABIT & FOLLOW UP IS MUST & REFER TO A SPECIALIST FOR ADVISE ON BIOPSY,,
IrregularM1M2PNADGNADMNADPiNADSharpYesSmokingBsulcus,TRAUMATICULCER ,APTHOUS ULCER & CARCINOMA IN SITU,ADVISE SYMPTOMATIC TREATMENT AND FOLLOW UP IS MUST & IF NO CHANGE AFTER 2 WEEKS & ADVISE BIOPSY ,,
IrregularM1M2PNADGNADMNADDarkSharpYesSmokingBsulcus,TRAUMATICULCER ,APTHOUS ULCER & CARCINOMA IN SITU,ADVISE SYMPTOMATIC TREATMENT AND FOLLOW UP IS MUST & IF NO CHANGE AFTER 2 WEEKS & ADVISE BIOPSY ,,
IrregularM1M2PNADGNADMNADPiNADSNOYesSmokingBsulcus,TRAUMATICULCER ,APTHOUS ULCER & CARCINOMA IN SITU,ADVISE SYMPTOMATIC TREATMENT AND FOLLOW UP IS MUST & IF NO CHANGE AFTER 2 WEEKS & ADVISE BIOPSY ,,
IrregularM1M2PNADGNADMNADDarkSNOYesSmokingBsulcus,TRAUMATICULCER ,APTHOUS ULCER & CARCINOMA IN SITU,ADVISE SYMPTOMATIC TREATMENT AND FOLLOW UP IS MUST & IF NO CHANGE AFTER 2 WEEKS & ADVISE BIOPSY ,,
IrregularM1M2RedGNADMNADPiNADSharpYesSmokingBsulcus,TRAUMATICULCER ,APTHOUS ULCER & CARCINOMA IN SITU,ADVISE SYMPTOMATIC TREATMENT AND FOLLOW UP IS MUST & IF NO CHANGE AFTER 2 WEEKS & ADVISE BIOPSY ,,
IrregularM1M2RedGNADMNADDarkSharpYesSmokingBsulcus,TRAUMATICULCER ,APTHOUS ULCER & CARCINOMA IN SITU,ADVISE SYMPTOMATIC TREATMENT AND FOLLOW UP IS MUST & IF NO CHANGE AFTER 2 WEEKS & ADVISE BIOPSY ,,
IrregularM1M2RedGNADMNADPiNADSNOYesSmokingBsulcus,TRAUMATICULCER ,APTHOUS ULCER & CARCINOMA IN SITU,ADVISE SYMPTOMATIC TREATMENT AND FOLLOW UP IS MUST & IF NO CHANGE AFTER 2 WEEKS & ADVISE BIOPSY ,,
IrregularM1M2RedGNADMNADDarkSNOYesSmokingBsulcus,TRAUMATICULCER ,APTHOUS ULCER & CARCINOMA IN SITU,ADVISE SYMPTOMATIC TREATMENT AND FOLLOW UP IS MUST & IF NO CHANGE AFTER 2 WEEKS & ADVISE BIOPSY ,,
IrregularM1M2WhiteGNADMNADPiNADSharpYesSmokingBsulcus,TRAUMATICULCER ,APTHOUS ULCER & CARCINOMA IN SITU,ADVISE SYMPTOMATIC TREATMENT AND FOLLOW UP IS MUST & IF NO CHANGE AFTER 2 WEEKS & ADVISE BIOPSY ,,
IrregularM1M2WhiteGNADMNADDarkSharpYesSmokingBsulcus,TRAUMATICULCER ,APTHOUS ULCER & CARCINOMA IN SITU,ADVISE SYMPTOMATIC TREATMENT AND FOLLOW UP IS MUST & IF NO CHANGE AFTER 2 WEEKS & ADVISE BIOPSY ,,
IrregularM1M2WhiteGNADMNADPiNADSNOYesSmokingBsulcus,TRAUMATICULCER ,APTHOUS ULCER & CARCINOMA IN SITU,ADVISE SYMPTOMATIC TREATMENT AND FOLLOW UP IS MUST & IF NO CHANGE AFTER 2 WEEKS & ADVISE BIOPSY ,,
IrregularM1M2WhiteGNADMNADDarkSNOYesSmokingBsulcus,TRAUMATICULCER ,APTHOUS ULCER & CARCINOMA IN SITU,ADVISE SYMPTOMATIC TREATMENT AND FOLLOW UP IS MUST & IF NO CHANGE AFTER 2 WEEKS & ADVISE BIOPSY ,,
IrregularM1M2PNADIrregularL1MNADPiNADSharpYes MouthHyesPalate,TRAUMATICULCER ,ORAL SQUAMOUS CELL CARCINOMA & CARCINOMA IN SITU,ADVISE SYMPTOMATIC TREATMENT AND TO STOP THE HABIT & FOLLOW UP IS MUST & REFER TO A SPECIALIST FOR ADVISE ON BIOPSY,,
IrregularM1M2PNADIrregularL1MNADDarkSharpYes MouthHyesPalate,TRAUMATICULCER ,ORAL SQUAMOUS CELL CARCINOMA & CARCINOMA IN SITU,ADVISE SYMPTOMATIC TREATMENT AND TO STOP THE HABIT & FOLLOW UP IS MUST & REFER TO A SPECIALIST FOR ADVISE ON BIOPSY,,
IrregularM1M2PNADIrregularL1MNADPiNADSNOYes MouthHyesPalate,TRAUMATICULCER ,ORAL SQUAMOUS CELL CARCINOMA & CARCINOMA IN SITU,ADVISE SYMPTOMATIC TREATMENT AND TO STOP THE HABIT & FOLLOW UP IS MUST & REFER TO A SPECIALIST FOR ADVISE ON BIOPSY,,
IrregularM1M2PNADIrregularL1MNADDarkSNOYes MouthHyesPalate,TRAUMATICULCER ,ORAL SQUAMOUS CELL CARCINOMA & CARCINOMA IN SITU,ADVISE SYMPTOMATIC TREATMENT AND TO STOP THE HABIT & FOLLOW UP IS MUST & REFER TO A SPECIALIST FOR ADVISE ON BIOPSY,,
IrregularM1M2RedIrregularL1MNADPiNADSharpYes MouthHyesPalate,TRAUMATICULCER ,ORAL SQUAMOUS CELL CARCINOMA & CARCINOMA IN SITU,ADVISE SYMPTOMATIC TREATMENT AND TO STOP THE HABIT & FOLLOW UP IS MUST & REFER TO A SPECIALIST FOR ADVISE ON BIOPSY,,
IrregularM1M2RedIrregularL1MNADDarkSharpYes MouthHyesPalate,TRAUMATICULCER ,ORAL SQUAMOUS CELL CARCINOMA & CARCINOMA IN SITU,ADVISE SYMPTOMATIC TREATMENT AND TO STOP THE HABIT & FOLLOW UP IS MUST & REFER TO A SPECIALIST FOR ADVISE ON BIOPSY,,
IrregularM1M2RedIrregularL1MNADPiNADSNOYes MouthHyesPalate,TRAUMATICULCER ,ORAL SQUAMOUS CELL CARCINOMA & CARCINOMA IN SITU,ADVISE SYMPTOMATIC TREATMENT AND TO STOP THE HABIT & FOLLOW UP IS MUST & REFER TO A SPECIALIST FOR ADVISE ON BIOPSY,,
IrregularM1M2RedIrregularL1MNADDarkSNOYes MouthHyesPalate,TRAUMATICULCER ,ORAL SQUAMOUS CELL CARCINOMA & CARCINOMA IN SITU,ADVISE SYMPTOMATIC TREATMENT AND TO STOP THE HABIT & FOLLOW UP IS MUST & REFER TO A SPECIALIST FOR ADVISE ON BIOPSY,,
IrregularM1M2WhiteIrregularL1MNADPiNADSharpYes MouthHyesPalate,TRAUMATICULCER ,ORAL SQUAMOUS CELL CARCINOMA & CARCINOMA IN SITU,ADVISE SYMPTOMATIC TREATMENT AND TO STOP THE HABIT & FOLLOW UP IS MUST & REFER TO A SPECIALIST FOR ADVISE ON BIOPSY,,
IrregularM1M2WhiteIrregularL1MNADDarkSharpYes MouthHyesPalate,TRAUMATICULCER ,ORAL SQUAMOUS CELL CARCINOMA & CARCINOMA IN SITU,ADVISE SYMPTOMATIC TREATMENT AND TO STOP THE HABIT & FOLLOW UP IS MUST & REFER TO A SPECIALIST FOR ADVISE ON BIOPSY,,
IrregularM1M2WhiteIrregularL1MNADPiNADSNOYes MouthHyesPalate,TRAUMATICULCER ,ORAL SQUAMOUS CELL CARCINOMA & CARCINOMA IN SITU,ADVISE SYMPTOMATIC TREATMENT AND TO STOP THE HABIT & FOLLOW UP IS MUST & REFER TO A SPECIALIST FOR ADVISE ON BIOPSY,,
IrregularM1M2WhiteIrregularL1MNADDarkSNOYes MouthHyesPalate,TRAUMATICULCER ,ORAL SQUAMOUS CELL CARCINOMA & CARCINOMA IN SITU,ADVISE SYMPTOMATIC TREATMENT AND TO STOP THE HABIT & FOLLOW UP IS MUST & REFER TO A SPECIALIST FOR ADVISE ON BIOPSY,,
IrregularM1M2PNADGNADMNADPiNADSharpYesHyesPalate,TRAUMATICULCER ,APTHOUS ULCER & CARCINOMA IN SITU,ADVISE SYMPTOMATIC TREATMENT AND FOLLOW UP IS MUST & IF NO CHANGE AFTER 2 WEEKS & ADVISE BIOPSY ,,
IrregularM1M2PNADGNADMNADDarkSharpYesHyesPalate,TRAUMATICULCER ,APTHOUS ULCER & CARCINOMA IN SITU,ADVISE SYMPTOMATIC TREATMENT AND FOLLOW UP IS MUST & IF NO CHANGE AFTER 2 WEEKS & ADVISE BIOPSY ,,
IrregularM1M2PNADGNADMNADPiNADSNOYesHyesPalate,TRAUMATICULCER ,APTHOUS ULCER & CARCINOMA IN SITU,ADVISE SYMPTOMATIC TREATMENT AND FOLLOW UP IS MUST & IF NO CHANGE AFTER 2 WEEKS & ADVISE BIOPSY ,,
IrregularM1M2PNADGNADMNADDarkSNOYesHyesPalate,TRAUMATICULCER ,APTHOUS ULCER & CARCINOMA IN SITU,ADVISE SYMPTOMATIC TREATMENT AND FOLLOW UP IS MUST & IF NO CHANGE AFTER 2 WEEKS & ADVISE BIOPSY ,,
IrregularM1M2RedGNADMNADPiNADSharpYesHyesPalate,TRAUMATICULCER ,APTHOUS ULCER & CARCINOMA IN SITU,ADVISE SYMPTOMATIC TREATMENT AND FOLLOW UP IS MUST & IF NO CHANGE AFTER 2 WEEKS & ADVISE BIOPSY ,,
IrregularM1M2RedGNADMNADDarkSharpYesHyesPalate,TRAUMATICULCER ,APTHOUS ULCER & CARCINOMA IN SITU,ADVISE SYMPTOMATIC TREATMENT AND FOLLOW UP IS MUST & IF NO CHANGE AFTER 2 WEEKS & ADVISE BIOPSY ,,
IrregularM1M2RedGNADMNADPiNADSNOYesHyesPalate,TRAUMATICULCER ,APTHOUS ULCER & CARCINOMA IN SITU,ADVISE SYMPTOMATIC TREATMENT AND FOLLOW UP IS MUST & IF NO CHANGE AFTER 2 WEEKS & ADVISE BIOPSY ,,
IrregularM1M2RedGNADMNADDarkSNOYesHyesPalate,TRAUMATICULCER ,APTHOUS ULCER & CARCINOMA IN SITU,ADVISE SYMPTOMATIC TREATMENT AND FOLLOW UP IS MUST & IF NO CHANGE AFTER 2 WEEKS & ADVISE BIOPSY ,,
IrregularM1M2WhiteGNADMNADPiNADSharpYesHyesPalate,TRAUMATICULCER ,APTHOUS ULCER & CARCINOMA IN SITU,ADVISE SYMPTOMATIC TREATMENT AND FOLLOW UP IS MUST & IF NO CHANGE AFTER 2 WEEKS & ADVISE BIOPSY ,,
IrregularM1M2WhiteGNADMNADDarkSharpYesHyesPalate,TRAUMATICULCER ,APTHOUS ULCER & CARCINOMA IN SITU,ADVISE SYMPTOMATIC TREATMENT AND FOLLOW UP IS MUST & IF NO CHANGE AFTER 2 WEEKS & ADVISE BIOPSY ,,
IrregularM1M2WhiteGNADMNADPiNADSNOYesHyesPalate,TRAUMATICULCER ,APTHOUS ULCER & CARCINOMA IN SITU,ADVISE SYMPTOMATIC TREATMENT AND FOLLOW UP IS MUST & IF NO CHANGE AFTER 2 WEEKS & ADVISE BIOPSY ,,
IrregularM1M2WhiteGNADMNADDarkSNOYesHyesPalate,TRAUMATICULCER ,APTHOUS ULCER & CARCINOMA IN SITU,ADVISE SYMPTOMATIC TREATMENT AND FOLLOW UP IS MUST & IF NO CHANGE AFTER 2 WEEKS & ADVISE BIOPSY ,,
IrregularM1M2PNADIrregularL1MNADPiNADSharpYes MouthSmokingPalate,TRAUMATICULCER ,ORAL SQUAMOUS CELL CARCINOMA & CARCINOMA IN SITU,ADVISE SYMPTOMATIC TREATMENT AND TO STOP THE HABIT & FOLLOW UP IS MUST & REFER TO A SPECIALIST FOR ADVISE ON BIOPSY,,
IrregularM1M2PNADIrregularL1MNADDarkSharpYes MouthSmokingPalate,TRAUMATICULCER ,ORAL SQUAMOUS CELL CARCINOMA & CARCINOMA IN SITU,ADVISE SYMPTOMATIC TREATMENT AND TO STOP THE HABIT & FOLLOW UP IS MUST & REFER TO A SPECIALIST FOR ADVISE ON BIOPSY,,
IrregularM1M2PNADIrregularL1MNADPiNADSNOYes MouthSmokingPalate,TRAUMATICULCER ,ORAL SQUAMOUS CELL CARCINOMA & CARCINOMA IN SITU,ADVISE SYMPTOMATIC TREATMENT AND TO STOP THE HABIT & FOLLOW UP IS MUST & REFER TO A SPECIALIST FOR ADVISE ON BIOPSY,,
IrregularM1M2PNADIrregularL1MNADDarkSNOYes MouthSmokingPalate,TRAUMATICULCER ,ORAL SQUAMOUS CELL CARCINOMA & CARCINOMA IN SITU,ADVISE SYMPTOMATIC TREATMENT AND TO STOP THE HABIT & FOLLOW UP IS MUST & REFER TO A SPECIALIST FOR ADVISE ON BIOPSY,,
IrregularM1M2RedIrregularL1MNADPiNADSharpYes MouthSmokingPalate,TRAUMATICULCER ,ORAL SQUAMOUS CELL CARCINOMA & CARCINOMA IN SITU,ADVISE SYMPTOMATIC TREATMENT AND TO STOP THE HABIT & FOLLOW UP IS MUST & REFER TO A SPECIALIST FOR ADVISE ON BIOPSY,,
IrregularM1M2RedIrregularL1MNADDarkSharpYes MouthSmokingPalate,TRAUMATICULCER ,ORAL SQUAMOUS CELL CARCINOMA & CARCINOMA IN SITU,ADVISE SYMPTOMATIC TREATMENT AND TO STOP THE HABIT & FOLLOW UP IS MUST & REFER TO A SPECIALIST FOR ADVISE ON BIOPSY,,
IrregularM1M2RedIrregularL1MNADPiNADSNOYes MouthSmokingPalate,TRAUMATICULCER ,ORAL SQUAMOUS CELL CARCINOMA & CARCINOMA IN SITU,ADVISE SYMPTOMATIC TREATMENT AND TO STOP THE HABIT & FOLLOW UP IS MUST & REFER TO A SPECIALIST FOR ADVISE ON BIOPSY,,
IrregularM1M2RedIrregularL1MNADDarkSNOYes MouthSmokingPalate,TRAUMATICULCER ,ORAL SQUAMOUS CELL CARCINOMA & CARCINOMA IN SITU,ADVISE SYMPTOMATIC TREATMENT AND TO STOP THE HABIT & FOLLOW UP IS MUST & REFER TO A SPECIALIST FOR ADVISE ON BIOPSY,,
IrregularM1M2WhiteIrregularL1MNADPiNADSharpYes MouthSmokingPalate,TRAUMATICULCER ,ORAL SQUAMOUS CELL CARCINOMA & CARCINOMA IN SITU,ADVISE SYMPTOMATIC TREATMENT AND TO STOP THE HABIT & FOLLOW UP IS MUST & REFER TO A SPECIALIST FOR ADVISE ON BIOPSY,,
IrregularM1M2WhiteIrregularL1MNADDarkSharpYes MouthSmokingPalate,TRAUMATICULCER ,ORAL SQUAMOUS CELL CARCINOMA & CARCINOMA IN SITU,ADVISE SYMPTOMATIC TREATMENT AND TO STOP THE HABIT & FOLLOW UP IS MUST & REFER TO A SPECIALIST FOR ADVISE ON BIOPSY,,
IrregularM1M2WhiteIrregularL1MNADPiNADSNOYes MouthSmokingPalate,TRAUMATICULCER ,ORAL SQUAMOUS CELL CARCINOMA & CARCINOMA IN SITU,ADVISE SYMPTOMATIC TREATMENT AND TO STOP THE HABIT & FOLLOW UP IS MUST & REFER TO A SPECIALIST FOR ADVISE ON BIOPSY,,
IrregularM1M2WhiteIrregularL1MNADDarkSNOYes MouthSmokingPalate,TRAUMATICULCER ,ORAL SQUAMOUS CELL CARCINOMA & CARCINOMA IN SITU,ADVISE SYMPTOMATIC TREATMENT AND TO STOP THE HABIT & FOLLOW UP IS MUST & REFER TO A SPECIALIST FOR ADVISE ON BIOPSY,,
IrregularM1M2PNADGNADMNADPiNADSharpYesSmokingPalate,TRAUMATICULCER ,APTHOUS ULCER & CARCINOMA IN SITU,ADVISE SYMPTOMATIC TREATMENT AND FOLLOW UP IS MUST & IF NO CHANGE AFTER 2 WEEKS & ADVISE BIOPSY ,,
IrregularM1M2PNADGNADMNADDarkSharpYesSmokingPalate,TRAUMATICULCER ,APTHOUS ULCER & CARCINOMA IN SITU,ADVISE SYMPTOMATIC TREATMENT AND FOLLOW UP IS MUST & IF NO CHANGE AFTER 2 WEEKS & ADVISE BIOPSY ,,
IrregularM1M2PNADGNADMNADPiNADSNOYesSmokingPalate,TRAUMATICULCER ,APTHOUS ULCER & CARCINOMA IN SITU,ADVISE SYMPTOMATIC TREATMENT AND FOLLOW UP IS MUST & IF NO CHANGE AFTER 2 WEEKS & ADVISE BIOPSY ,,
IrregularM1M2PNADGNADMNADDarkSNOYesSmokingPalate,TRAUMATICULCER ,APTHOUS ULCER & CARCINOMA IN SITU,ADVISE SYMPTOMATIC TREATMENT AND FOLLOW UP IS MUST & IF NO CHANGE AFTER 2 WEEKS & ADVISE BIOPSY ,,
IrregularM1M2RedGNADMNADPiNADSharpYesSmokingPalate,TRAUMATICULCER ,APTHOUS ULCER & CARCINOMA IN SITU,ADVISE SYMPTOMATIC TREATMENT AND FOLLOW UP IS MUST & IF NO CHANGE AFTER 2 WEEKS & ADVISE BIOPSY ,,
IrregularM1M2RedGNADMNADDarkSharpYesSmokingPalate,TRAUMATICULCER ,APTHOUS ULCER & CARCINOMA IN SITU,ADVISE SYMPTOMATIC TREATMENT AND FOLLOW UP IS MUST & IF NO CHANGE AFTER 2 WEEKS & ADVISE BIOPSY ,,
IrregularM1M2RedGNADMNADPiNADSNOYesSmokingPalate,TRAUMATICULCER ,APTHOUS ULCER & CARCINOMA IN SITU,ADVISE SYMPTOMATIC TREATMENT AND FOLLOW UP IS MUST & IF NO CHANGE AFTER 2 WEEKS & ADVISE BIOPSY ,,
IrregularM1M2RedGNADMNADDarkSNOYesSmokingPalate,TRAUMATICULCER ,APTHOUS ULCER & CARCINOMA IN SITU,ADVISE SYMPTOMATIC TREATMENT AND FOLLOW UP IS MUST & IF NO CHANGE AFTER 2 WEEKS & ADVISE BIOPSY ,,
IrregularM1M2WhiteGNADMNADPiNADSharpYesSmokingPalate,TRAUMATICULCER ,APTHOUS ULCER & CARCINOMA IN SITU,ADVISE SYMPTOMATIC TREATMENT AND FOLLOW UP IS MUST & IF NO CHANGE AFTER 2 WEEKS & ADVISE BIOPSY ,,
IrregularM1M2WhiteGNADMNADDarkSharpYesSmokingPalate,TRAUMATICULCER ,APTHOUS ULCER & CARCINOMA IN SITU,ADVISE SYMPTOMATIC TREATMENT AND FOLLOW UP IS MUST & IF NO CHANGE AFTER 2 WEEKS & ADVISE BIOPSY ,,
IrregularM1M2WhiteGNADMNADPiNADSNOYesSmokingPalate,TRAUMATICULCER ,APTHOUS ULCER & CARCINOMA IN SITU,ADVISE SYMPTOMATIC TREATMENT AND FOLLOW UP IS MUST & IF NO CHANGE AFTER 2 WEEKS & ADVISE BIOPSY ,,
IrregularM1M2WhiteGNADMNADDarkSNOYesSmokingPalate,TRAUMATICULCER ,APTHOUS ULCER & CARCINOMA IN SITU,ADVISE SYMPTOMATIC TREATMENT AND FOLLOW UP IS MUST & IF NO CHANGE AFTER 2 WEEKS & ADVISE BIOPSY ,,
IrregularM1M2PNADIrregularL1MNADPiNADSharpYes MouthHyesDorsumtongue,TRAUMATICULCER ,ORAL SQUAMOUS CELL CARCINOMA & CARCINOMA IN SITU,ADVISE SYMPTOMATIC TREATMENT AND TO STOP THE HABIT & FOLLOW UP IS MUST & REFER TO A SPECIALIST FOR ADVISE ON BIOPSY,,
IrregularM1M2PNADIrregularL1MNADDarkSharpYes MouthHyesDorsumtongue,TRAUMATICULCER ,ORAL SQUAMOUS CELL CARCINOMA & CARCINOMA IN SITU,ADVISE SYMPTOMATIC TREATMENT AND TO STOP THE HABIT & FOLLOW UP IS MUST & REFER TO A SPECIALIST FOR ADVISE ON BIOPSY,,
IrregularM1M2PNADIrregularL1MNADPiNADSNOYes MouthHyesDorsumtongue,TRAUMATICULCER ,ORAL SQUAMOUS CELL CARCINOMA & CARCINOMA IN SITU,ADVISE SYMPTOMATIC TREATMENT AND TO STOP THE HABIT & FOLLOW UP IS MUST & REFER TO A SPECIALIST FOR ADVISE ON BIOPSY,,
IrregularM1M2PNADIrregularL1MNADDarkSNOYes MouthHyesDorsumtongue,TRAUMATICULCER ,ORAL SQUAMOUS CELL CARCINOMA & CARCINOMA IN SITU,ADVISE SYMPTOMATIC TREATMENT AND TO STOP THE HABIT & FOLLOW UP IS MUST & REFER TO A SPECIALIST FOR ADVISE ON BIOPSY,,
IrregularM1M2RedIrregularL1MNADPiNADSharpYes MouthHyesDorsumtongue,TRAUMATICULCER ,ORAL SQUAMOUS CELL CARCINOMA & CARCINOMA IN SITU,ADVISE SYMPTOMATIC TREATMENT AND TO STOP THE HABIT & FOLLOW UP IS MUST & REFER TO A SPECIALIST FOR ADVISE ON BIOPSY,,
IrregularM1M2RedIrregularL1MNADDarkSharpYes MouthHyesDorsumtongue,TRAUMATICULCER ,ORAL SQUAMOUS CELL CARCINOMA & CARCINOMA IN SITU,ADVISE SYMPTOMATIC TREATMENT AND TO STOP THE HABIT & FOLLOW UP IS MUST & REFER TO A SPECIALIST FOR ADVISE ON BIOPSY,,
IrregularM1M2RedIrregularL1MNADPiNADSNOYes MouthHyesDorsumtongue,TRAUMATICULCER ,ORAL SQUAMOUS CELL CARCINOMA & CARCINOMA IN SITU,ADVISE SYMPTOMATIC TREATMENT AND TO STOP THE HABIT & FOLLOW UP IS MUST & REFER TO A SPECIALIST FOR ADVISE ON BIOPSY,,
IrregularM1M2RedIrregularL1MNADDarkSNOYes MouthHyesDorsumtongue,TRAUMATICULCER ,ORAL SQUAMOUS CELL CARCINOMA & CARCINOMA IN SITU,ADVISE SYMPTOMATIC TREATMENT AND TO STOP THE HABIT & FOLLOW UP IS MUST & REFER TO A SPECIALIST FOR ADVISE ON BIOPSY,,
IrregularM1M2WhiteIrregularL1MNADPiNADSharpYes MouthHyesDorsumtongue,TRAUMATICULCER ,ORAL SQUAMOUS CELL CARCINOMA & CARCINOMA IN SITU,ADVISE SYMPTOMATIC TREATMENT AND TO STOP THE HABIT & FOLLOW UP IS MUST & REFER TO A SPECIALIST FOR ADVISE ON BIOPSY,,
IrregularM1M2WhiteIrregularL1MNADDarkSharpYes MouthHyesDorsumtongue,TRAUMATICULCER ,ORAL SQUAMOUS CELL CARCINOMA & CARCINOMA IN SITU,ADVISE SYMPTOMATIC TREATMENT AND TO STOP THE HABIT & FOLLOW UP IS MUST & REFER TO A SPECIALIST FOR ADVISE ON BIOPSY,,
IrregularM1M2WhiteIrregularL1MNADPiNADSNOYes MouthHyesDorsumtongue,TRAUMATICULCER ,ORAL SQUAMOUS CELL CARCINOMA & CARCINOMA IN SITU,ADVISE SYMPTOMATIC TREATMENT AND TO STOP THE HABIT & FOLLOW UP IS MUST & REFER TO A SPECIALIST FOR ADVISE ON BIOPSY,,
IrregularM1M2WhiteIrregularL1MNADDarkSNOYes MouthHyesDorsumtongue,TRAUMATICULCER ,ORAL SQUAMOUS CELL CARCINOMA & CARCINOMA IN SITU,ADVISE SYMPTOMATIC TREATMENT AND TO STOP THE HABIT & FOLLOW UP IS MUST & REFER TO A SPECIALIST FOR ADVISE ON BIOPSY,,
IrregularM1M2PNADGNADMNADPiNADSharpYesHyesDorsumtongue,TRAUMATICULCER ,APTHOUS ULCER & CARCINOMA IN SITU,ADVISE SYMPTOMATIC TREATMENT AND FOLLOW UP IS MUST & IF NO CHANGE AFTER 2 WEEKS & ADVISE BIOPSY ,,
IrregularM1M2PNADGNADMNADDarkSharpYesHyesDorsumtongue,TRAUMATICULCER ,APTHOUS ULCER & CARCINOMA IN SITU,ADVISE SYMPTOMATIC TREATMENT AND FOLLOW UP IS MUST & IF NO CHANGE AFTER 2 WEEKS & ADVISE BIOPSY ,,
IrregularM1M2PNADGNADMNADPiNADSNOYesHyesDorsumtongue,TRAUMATICULCER ,APTHOUS ULCER & CARCINOMA IN SITU,ADVISE SYMPTOMATIC TREATMENT AND FOLLOW UP IS MUST & IF NO CHANGE AFTER 2 WEEKS & ADVISE BIOPSY ,,
IrregularM1M2PNADGNADMNADDarkSNOYesHyesDorsumtongue,TRAUMATICULCER ,APTHOUS ULCER & CARCINOMA IN SITU,ADVISE SYMPTOMATIC TREATMENT AND FOLLOW UP IS MUST & IF NO CHANGE AFTER 2 WEEKS & ADVISE BIOPSY ,,
IrregularM1M2RedGNADMNADPiNADSharpYesHyesDorsumtongue,TRAUMATICULCER ,APTHOUS ULCER & CARCINOMA IN SITU,ADVISE SYMPTOMATIC TREATMENT AND FOLLOW UP IS MUST & IF NO CHANGE AFTER 2 WEEKS & ADVISE BIOPSY ,,
IrregularM1M2RedGNADMNADDarkSharpYesHyesDorsumtongue,TRAUMATICULCER ,APTHOUS ULCER & CARCINOMA IN SITU,ADVISE SYMPTOMATIC TREATMENT AND FOLLOW UP IS MUST & IF NO CHANGE AFTER 2 WEEKS & ADVISE BIOPSY ,,
IrregularM1M2RedGNADMNADPiNADSNOYesHyesDorsumtongue,TRAUMATICULCER ,APTHOUS ULCER & CARCINOMA IN SITU,ADVISE SYMPTOMATIC TREATMENT AND FOLLOW UP IS MUST & IF NO CHANGE AFTER 2 WEEKS & ADVISE BIOPSY ,,
IrregularM1M2RedGNADMNADDarkSNOYesHyesDorsumtongue,TRAUMATICULCER ,APTHOUS ULCER & CARCINOMA IN SITU,ADVISE SYMPTOMATIC TREATMENT AND FOLLOW UP IS MUST & IF NO CHANGE AFTER 2 WEEKS & ADVISE BIOPSY ,,
IrregularM1M2WhiteGNADMNADPiNADSharpYesHyesDorsumtongue,TRAUMATICULCER ,APTHOUS ULCER & CARCINOMA IN SITU,ADVISE SYMPTOMATIC TREATMENT AND FOLLOW UP IS MUST & IF NO CHANGE AFTER 2 WEEKS & ADVISE BIOPSY ,,
IrregularM1M2WhiteGNADMNADDarkSharpYesHyesDorsumtongue,TRAUMATICULCER ,APTHOUS ULCER & CARCINOMA IN SITU,ADVISE SYMPTOMATIC TREATMENT AND FOLLOW UP IS MUST & IF NO CHANGE AFTER 2 WEEKS & ADVISE BIOPSY ,,
IrregularM1M2WhiteGNADMNADPiNADSNOYesHyesDorsumtongue,TRAUMATICULCER ,APTHOUS ULCER & CARCINOMA IN SITU,ADVISE SYMPTOMATIC TREATMENT AND FOLLOW UP IS MUST & IF NO CHANGE AFTER 2 WEEKS & ADVISE BIOPSY ,,
IrregularM1M2WhiteGNADMNADDarkSNOYesHyesDorsumtongue,TRAUMATICULCER ,APTHOUS ULCER & CARCINOMA IN SITU,ADVISE SYMPTOMATIC TREATMENT AND FOLLOW UP IS MUST & IF NO CHANGE AFTER 2 WEEKS & ADVISE BIOPSY ,,
IrregularM1M2PNADIrregularL1MNADPiNADSharpYes MouthSmokingDorsumtongue,TRAUMATICULCER ,ORAL SQUAMOUS CELL CARCINOMA & CARCINOMA IN SITU,ADVISE SYMPTOMATIC TREATMENT AND TO STOP THE HABIT & FOLLOW UP IS MUST & REFER TO A SPECIALIST FOR ADVISE ON BIOPSY,,
IrregularM1M2PNADIrregularL1MNADDarkSharpYes MouthSmokingDorsumtongue,TRAUMATICULCER ,ORAL SQUAMOUS CELL CARCINOMA & CARCINOMA IN SITU,ADVISE SYMPTOMATIC TREATMENT AND TO STOP THE HABIT & FOLLOW UP IS MUST & REFER TO A SPECIALIST FOR ADVISE ON BIOPSY,,
IrregularM1M2PNADIrregularL1MNADPiNADSNOYes MouthSmokingDorsumtongue,TRAUMATICULCER ,ORAL SQUAMOUS CELL CARCINOMA & CARCINOMA IN SITU,ADVISE SYMPTOMATIC TREATMENT AND TO STOP THE HABIT & FOLLOW UP IS MUST & REFER TO A SPECIALIST FOR ADVISE ON BIOPSY,,
IrregularM1M2PNADIrregularL1MNADDarkSNOYes MouthSmokingDorsumtongue,TRAUMATICULCER ,ORAL SQUAMOUS CELL CARCINOMA & CARCINOMA IN SITU,ADVISE SYMPTOMATIC TREATMENT AND TO STOP THE HABIT & FOLLOW UP IS MUST & REFER TO A SPECIALIST FOR ADVISE ON BIOPSY,,
IrregularM1M2RedIrregularL1MNADPiNADSharpYes MouthSmokingDorsumtongue,TRAUMATICULCER ,ORAL SQUAMOUS CELL CARCINOMA & CARCINOMA IN SITU,ADVISE SYMPTOMATIC TREATMENT AND TO STOP THE HABIT & FOLLOW UP IS MUST & REFER TO A SPECIALIST FOR ADVISE ON BIOPSY,,
IrregularM1M2RedIrregularL1MNADDarkSharpYes MouthSmokingDorsumtongue,TRAUMATICULCER ,ORAL SQUAMOUS CELL CARCINOMA & CARCINOMA IN SITU,ADVISE SYMPTOMATIC TREATMENT AND TO STOP THE HABIT & FOLLOW UP IS MUST & REFER TO A SPECIALIST FOR ADVISE ON BIOPSY,,
IrregularM1M2RedIrregularL1MNADPiNADSNOYes MouthSmokingDorsumtongue,TRAUMATICULCER ,ORAL SQUAMOUS CELL CARCINOMA & CARCINOMA IN SITU,ADVISE SYMPTOMATIC TREATMENT AND TO STOP THE HABIT & FOLLOW UP IS MUST & REFER TO A SPECIALIST FOR ADVISE ON BIOPSY,,
IrregularM1M2RedIrregularL1MNADDarkSNOYes MouthSmokingDorsumtongue,TRAUMATICULCER ,ORAL SQUAMOUS CELL CARCINOMA & CARCINOMA IN SITU,ADVISE SYMPTOMATIC TREATMENT AND TO STOP THE HABIT & FOLLOW UP IS MUST & REFER TO A SPECIALIST FOR ADVISE ON BIOPSY,,
IrregularM1M2WhiteIrregularL1MNADPiNADSharpYes MouthSmokingDorsumtongue,TRAUMATICULCER ,ORAL SQUAMOUS CELL CARCINOMA & CARCINOMA IN SITU,ADVISE SYMPTOMATIC TREATMENT AND TO STOP THE HABIT & FOLLOW UP IS MUST & REFER TO A SPECIALIST FOR ADVISE ON BIOPSY,,
IrregularM1M2WhiteIrregularL1MNADDarkSharpYes MouthSmokingDorsumtongue,TRAUMATICULCER ,ORAL SQUAMOUS CELL CARCINOMA & CARCINOMA IN SITU,ADVISE SYMPTOMATIC TREATMENT AND TO STOP THE HABIT & FOLLOW UP IS MUST & REFER TO A SPECIALIST FOR ADVISE ON BIOPSY,,
IrregularM1M2WhiteIrregularL1MNADPiNADSNOYes MouthSmokingDorsumtongue,TRAUMATICULCER ,ORAL SQUAMOUS CELL CARCINOMA & CARCINOMA IN SITU,ADVISE SYMPTOMATIC TREATMENT AND TO STOP THE HABIT & FOLLOW UP IS MUST & REFER TO A SPECIALIST FOR ADVISE ON BIOPSY,,
IrregularM1M2WhiteIrregularL1MNADDarkSNOYes MouthSmokingDorsumtongue,TRAUMATICULCER ,ORAL SQUAMOUS CELL CARCINOMA & CARCINOMA IN SITU,ADVISE SYMPTOMATIC TREATMENT AND TO STOP THE HABIT & FOLLOW UP IS MUST & REFER TO A SPECIALIST FOR ADVISE ON BIOPSY,,
IrregularM1M2PNADGNADMNADPiNADSharpYesSmokingDorsumtongue,TRAUMATICULCER ,APTHOUS ULCER & CARCINOMA IN SITU,ADVISE SYMPTOMATIC TREATMENT AND FOLLOW UP IS MUST & IF NO CHANGE AFTER 2 WEEKS & ADVISE BIOPSY ,,
IrregularM1M2PNADGNADMNADDarkSharpYesSmokingDorsumtongue,TRAUMATICULCER ,APTHOUS ULCER & CARCINOMA IN SITU,ADVISE SYMPTOMATIC TREATMENT AND FOLLOW UP IS MUST & IF NO CHANGE AFTER 2 WEEKS & ADVISE BIOPSY ,,
IrregularM1M2PNADGNADMNADPiNADSNOYesSmokingDorsumtongue,TRAUMATICULCER ,APTHOUS ULCER & CARCINOMA IN SITU,ADVISE SYMPTOMATIC TREATMENT AND FOLLOW UP IS MUST & IF NO CHANGE AFTER 2 WEEKS & ADVISE BIOPSY ,,
IrregularM1M2PNADGNADMNADDarkSNOYesSmokingDorsumtongue,TRAUMATICULCER ,APTHOUS ULCER & CARCINOMA IN SITU,ADVISE SYMPTOMATIC TREATMENT AND FOLLOW UP IS MUST & IF NO CHANGE AFTER 2 WEEKS & ADVISE BIOPSY ,,
IrregularM1M2RedGNADMNADPiNADSharpYesSmokingDorsumtongue,TRAUMATICULCER ,APTHOUS ULCER & CARCINOMA IN SITU,ADVISE SYMPTOMATIC TREATMENT AND FOLLOW UP IS MUST & IF NO CHANGE AFTER 2 WEEKS & ADVISE BIOPSY ,,
IrregularM1M2RedGNADMNADDarkSharpYesSmokingDorsumtongue,TRAUMATICULCER ,APTHOUS ULCER & CARCINOMA IN SITU,ADVISE SYMPTOMATIC TREATMENT AND FOLLOW UP IS MUST & IF NO CHANGE AFTER 2 WEEKS & ADVISE BIOPSY ,,
IrregularM1M2RedGNADMNADPiNADSNOYesSmokingDorsumtongue,TRAUMATICULCER ,APTHOUS ULCER & CARCINOMA IN SITU,ADVISE SYMPTOMATIC TREATMENT AND FOLLOW UP IS MUST & IF NO CHANGE AFTER 2 WEEKS & ADVISE BIOPSY ,,
IrregularM1M2RedGNADMNADDarkSNOYesSmokingDorsumtongue,TRAUMATICULCER ,APTHOUS ULCER & CARCINOMA IN SITU,ADVISE SYMPTOMATIC TREATMENT AND FOLLOW UP IS MUST & IF NO CHANGE AFTER 2 WEEKS & ADVISE BIOPSY ,,
IrregularM1M2WhiteGNADMNADPiNADSharpYesSmokingDorsumtongue,TRAUMATICULCER ,APTHOUS ULCER & CARCINOMA IN SITU,ADVISE SYMPTOMATIC TREATMENT AND FOLLOW UP IS MUST & IF NO CHANGE AFTER 2 WEEKS & ADVISE BIOPSY ,,
IrregularM1M2WhiteGNADMNADDarkSharpYesSmokingDorsumtongue,TRAUMATICULCER ,APTHOUS ULCER & CARCINOMA IN SITU,ADVISE SYMPTOMATIC TREATMENT AND FOLLOW UP IS MUST & IF NO CHANGE AFTER 2 WEEKS & ADVISE BIOPSY ,,
IrregularM1M2WhiteGNADMNADPiNADSNOYesSmokingDorsumtongue,TRAUMATICULCER ,APTHOUS ULCER & CARCINOMA IN SITU,ADVISE SYMPTOMATIC TREATMENT AND FOLLOW UP IS MUST & IF NO CHANGE AFTER 2 WEEKS & ADVISE BIOPSY ,,
IrregularM1M2WhiteGNADMNADDarkSNOYesSmokingDorsumtongue,TRAUMATICULCER ,APTHOUS ULCER & CARCINOMA IN SITU,ADVISE SYMPTOMATIC TREATMENT AND FOLLOW UP IS MUST & IF NO CHANGE AFTER 2 WEEKS & ADVISE BIOPSY ,,
IrregularM1M2PNADGNADMarblewhitePiNADSharpYes MouthHyesBmucosa,ORAL SQUAMOUS CELL CARCINOMA,TRAUMATICULCER & CARCINOMA IN SITU,REFER TO A SPECIALIST FOR BIOPSY & SYMPTOMATIC TREATMENT,Severe Dysplasia,
IrregularM1M2PNADGNADMarblewhiteDarkSharpYes MouthHyesBmucosa,ORAL SQUAMOUS CELL CARCINOMA,TRAUMATICULCER & CARCINOMA IN SITU,REFER TO A SPECIALIST FOR BIOPSY & SYMPTOMATIC TREATMENT,Severe Dysplasia,
IrregularM1M2PNADGNADMarblewhitePiNADSNOYes MouthHyesBmucosa,ORAL SQUAMOUS CELL CARCINOMA,TRAUMATICULCER & CARCINOMA IN SITU,REFER TO A SPECIALIST FOR BIOPSY & SYMPTOMATIC TREATMENT,Severe Dysplasia,
IrregularM1M2PNADGNADMarblewhiteDarkSNOYes MouthHyesBmucosa,ORAL SQUAMOUS CELL CARCINOMA,TRAUMATICULCER & CARCINOMA IN SITU,REFER TO A SPECIALIST FOR BIOPSY & SYMPTOMATIC TREATMENT,Severe Dysplasia,
IrregularM1M2RedGNADMarblewhitePiNADSharpYes MouthHyesBmucosa,ORAL SQUAMOUS CELL CARCINOMA,TRAUMATICULCER & CARCINOMA IN SITU,REFER TO A SPECIALIST FOR BIOPSY & SYMPTOMATIC TREATMENT,Severe Dysplasia,
IrregularM1M2RedGNADMarblewhiteDarkSharpYes MouthHyesBmucosa,ORAL SQUAMOUS CELL CARCINOMA,TRAUMATICULCER & CARCINOMA IN SITU,REFER TO A SPECIALIST FOR BIOPSY & SYMPTOMATIC TREATMENT,Severe Dysplasia,
IrregularM1M2RedGNADMarblewhitePiNADSNOYes MouthHyesBmucosa,ORAL SQUAMOUS CELL CARCINOMA,TRAUMATICULCER & CARCINOMA IN SITU,REFER TO A SPECIALIST FOR BIOPSY & SYMPTOMATIC TREATMENT,Severe Dysplasia,
IrregularM1M2RedGNADMarblewhiteDarkSNOYes MouthHyesBmucosa,ORAL SQUAMOUS CELL CARCINOMA,TRAUMATICULCER & CARCINOMA IN SITU,REFER TO A SPECIALIST FOR BIOPSY & SYMPTOMATIC TREATMENT,Severe Dysplasia,
IrregularM1M2WhiteGNADMarblewhitePiNADSharpYes MouthHyesBmucosa,ORAL SQUAMOUS CELL CARCINOMA,TRAUMATICULCER & CARCINOMA IN SITU,REFER TO A SPECIALIST FOR BIOPSY & SYMPTOMATIC TREATMENT,Severe Dysplasia,
IrregularM1M2WhiteGNADMarblewhiteDarkSharpYes MouthHyesBmucosa,ORAL SQUAMOUS CELL CARCINOMA,TRAUMATICULCER & CARCINOMA IN SITU,REFER TO A SPECIALIST FOR BIOPSY & SYMPTOMATIC TREATMENT,Severe Dysplasia,
IrregularM1M2WhiteGNADMarblewhitePiNADSNOYes MouthHyesBmucosa,ORAL SQUAMOUS CELL CARCINOMA,TRAUMATICULCER & CARCINOMA IN SITU,REFER TO A SPECIALIST FOR BIOPSY & SYMPTOMATIC TREATMENT,Severe Dysplasia,
IrregularM1M2WhiteGNADMarblewhiteDarkSNOYes MouthHyesBmucosa,ORAL SQUAMOUS CELL CARCINOMA,TRAUMATICULCER & CARCINOMA IN SITU,REFER TO A SPECIALIST FOR BIOPSY & SYMPTOMATIC TREATMENT,Severe Dysplasia,
IrregularM1M2RedIrregularM1MarblewhitePiNADSharpYes MouthHyesBmucosa,ORAL SQUAMOUS CELL CARCINOMA,TRAUMATICULCER & CARCINOMA IN SITU,REFER TO A SPECIALIST FOR BIOPSY & SYMPTOMATIC TREATMENT,Severe Dysplasia,
IrregularM1M2RedIrregularM1MarblewhiteDarkSharpYes MouthHyesBmucosa,ORAL SQUAMOUS CELL CARCINOMA,TRAUMATICULCER & CARCINOMA IN SITU,REFER TO A SPECIALIST FOR BIOPSY & SYMPTOMATIC TREATMENT,Severe Dysplasia,
IrregularM1M2RedIrregularM1MarblewhitePiNADSNOYes MouthHyesBmucosa,ORAL SQUAMOUS CELL CARCINOMA,TRAUMATICULCER & CARCINOMA IN SITU,REFER TO A SPECIALIST FOR BIOPSY & SYMPTOMATIC TREATMENT,Severe Dysplasia,
IrregularM1M2RedIrregularM1MarblewhiteDarkSNOYes MouthHyesBmucosa,ORAL SQUAMOUS CELL CARCINOMA,TRAUMATICULCER & CARCINOMA IN SITU,REFER TO A SPECIALIST FOR BIOPSY & SYMPTOMATIC TREATMENT,Severe Dysplasia,
IrregularM1M2WhiteIrregularM1MarblewhitePiNADSharpYes MouthHyesBmucosa,ORAL SQUAMOUS CELL CARCINOMA,TRAUMATICULCER & CARCINOMA IN SITU,REFER TO A SPECIALIST FOR BIOPSY & SYMPTOMATIC TREATMENT,Severe Dysplasia,
IrregularM1M2WhiteIrregularM1MarblewhiteDarkSharpYes MouthHyesBmucosa,ORAL SQUAMOUS CELL CARCINOMA,TRAUMATICULCER & CARCINOMA IN SITU,REFER TO A SPECIALIST FOR BIOPSY & SYMPTOMATIC TREATMENT,Severe Dysplasia,
IrregularM1M2WhiteIrregularM1MarblewhitePiNADSNOYes MouthHyesBmucosa,ORAL SQUAMOUS CELL CARCINOMA,TRAUMATICULCER & CARCINOMA IN SITU,REFER TO A SPECIALIST FOR BIOPSY & SYMPTOMATIC TREATMENT,Severe Dysplasia,
IrregularM1M2WhiteIrregularM1MarblewhiteDarkSNOYes MouthHyesBmucosa,ORAL SQUAMOUS CELL CARCINOMA,TRAUMATICULCER & CARCINOMA IN SITU,REFER TO A SPECIALIST FOR BIOPSY & SYMPTOMATIC TREATMENT,Severe Dysplasia,
IrregularM1M2PNADGNADMarblewhitePiNADSharpYes MouthSmokingBmucosa,ORAL SQUAMOUS CELL CARCINOMA,TRAUMATICULCER & CARCINOMA IN SITU,REFER TO A SPECIALIST FOR BIOPSY & SYMPTOMATIC TREATMENT,Severe Dysplasia,
IrregularM1M2PNADGNADMarblewhiteDarkSharpYes MouthSmokingBmucosa,ORAL SQUAMOUS CELL CARCINOMA,TRAUMATICULCER & CARCINOMA IN SITU,REFER TO A SPECIALIST FOR BIOPSY & SYMPTOMATIC TREATMENT,Severe Dysplasia,
IrregularM1M2PNADGNADMarblewhitePiNADSNOYes MouthSmokingBmucosa,ORAL SQUAMOUS CELL CARCINOMA,TRAUMATICULCER & CARCINOMA IN SITU,REFER TO A SPECIALIST FOR BIOPSY & SYMPTOMATIC TREATMENT,Severe Dysplasia,
IrregularM1M2PNADGNADMarblewhiteDarkSNOYes MouthSmokingBmucosa,ORAL SQUAMOUS CELL CARCINOMA,TRAUMATICULCER & CARCINOMA IN SITU,REFER TO A SPECIALIST FOR BIOPSY & SYMPTOMATIC TREATMENT,Severe Dysplasia,
IrregularM1M2RedGNADMarblewhitePiNADSharpYes MouthSmokingBmucosa,ORAL SQUAMOUS CELL CARCINOMA,TRAUMATICULCER & CARCINOMA IN SITU,REFER TO A SPECIALIST FOR BIOPSY & SYMPTOMATIC TREATMENT,Severe Dysplasia,
IrregularM1M2RedGNADMarblewhiteDarkSharpYes MouthSmokingBmucosa,ORAL SQUAMOUS CELL CARCINOMA,TRAUMATICULCER & CARCINOMA IN SITU,REFER TO A SPECIALIST FOR BIOPSY & SYMPTOMATIC TREATMENT,Severe Dysplasia,
IrregularM1M2RedGNADMarblewhitePiNADSNOYes MouthSmokingBmucosa,ORAL SQUAMOUS CELL CARCINOMA,TRAUMATICULCER & CARCINOMA IN SITU,REFER TO A SPECIALIST FOR BIOPSY & SYMPTOMATIC TREATMENT,Severe Dysplasia,
IrregularM1M2RedGNADMarblewhiteDarkSNOYes MouthSmokingBmucosa,ORAL SQUAMOUS CELL CARCINOMA,TRAUMATICULCER & CARCINOMA IN SITU,REFER TO A SPECIALIST FOR BIOPSY & SYMPTOMATIC TREATMENT,Severe Dysplasia,
IrregularM1M2WhiteGNADMarblewhitePiNADSharpYes MouthSmokingBmucosa,ORAL SQUAMOUS CELL CARCINOMA,TRAUMATICULCER & CARCINOMA IN SITU,REFER TO A SPECIALIST FOR BIOPSY & SYMPTOMATIC TREATMENT,Severe Dysplasia,
IrregularM1M2WhiteGNADMarblewhiteDarkSharpYes MouthSmokingBmucosa,ORAL SQUAMOUS CELL CARCINOMA,TRAUMATICULCER & CARCINOMA IN SITU,REFER TO A SPECIALIST FOR BIOPSY & SYMPTOMATIC TREATMENT,Severe Dysplasia,
IrregularM1M2WhiteGNADMarblewhitePiNADSNOYes MouthSmokingBmucosa,ORAL SQUAMOUS CELL CARCINOMA,TRAUMATICULCER & CARCINOMA IN SITU,REFER TO A SPECIALIST FOR BIOPSY & SYMPTOMATIC TREATMENT,Severe Dysplasia,
IrregularM1M2WhiteGNADMarblewhiteDarkSNOYes MouthSmokingBmucosa,ORAL SQUAMOUS CELL CARCINOMA,TRAUMATICULCER & CARCINOMA IN SITU,REFER TO A SPECIALIST FOR BIOPSY & SYMPTOMATIC TREATMENT,Severe Dysplasia,
IrregularM1M2RedIrregularM1MarblewhitePiNADSharpYes MouthSmokingBmucosa,ORAL SQUAMOUS CELL CARCINOMA,TRAUMATICULCER & CARCINOMA IN SITU,REFER TO A SPECIALIST FOR BIOPSY & SYMPTOMATIC TREATMENT,Severe Dysplasia,
IrregularM1M2RedIrregularM1MarblewhiteDarkSharpYes MouthSmokingBmucosa,ORAL SQUAMOUS CELL CARCINOMA,TRAUMATICULCER & CARCINOMA IN SITU,REFER TO A SPECIALIST FOR BIOPSY & SYMPTOMATIC TREATMENT,Severe Dysplasia,
IrregularM1M2RedIrregularM1MarblewhitePiNADSNOYes MouthSmokingBmucosa,ORAL SQUAMOUS CELL CARCINOMA,TRAUMATICULCER & CARCINOMA IN SITU,REFER TO A SPECIALIST FOR BIOPSY & SYMPTOMATIC TREATMENT,Severe Dysplasia,
IrregularM1M2RedIrregularM1MarblewhiteDarkSNOYes MouthSmokingBmucosa,ORAL SQUAMOUS CELL CARCINOMA,TRAUMATICULCER & CARCINOMA IN SITU,REFER TO A SPECIALIST FOR BIOPSY & SYMPTOMATIC TREATMENT,Severe Dysplasia,
IrregularM1M2WhiteIrregularM1MarblewhitePiNADSharpYes MouthSmokingBmucosa,ORAL SQUAMOUS CELL CARCINOMA,TRAUMATICULCER & CARCINOMA IN SITU,REFER TO A SPECIALIST FOR BIOPSY & SYMPTOMATIC TREATMENT,Severe Dysplasia,
IrregularM1M2WhiteIrregularM1MarblewhiteDarkSharpYes MouthSmokingBmucosa,ORAL SQUAMOUS CELL CARCINOMA,TRAUMATICULCER & CARCINOMA IN SITU,REFER TO A SPECIALIST FOR BIOPSY & SYMPTOMATIC TREATMENT,Severe Dysplasia,
IrregularM1M2WhiteIrregularM1MarblewhitePiNADSNOYes MouthSmokingBmucosa,ORAL SQUAMOUS CELL CARCINOMA,TRAUMATICULCER & CARCINOMA IN SITU,REFER TO A SPECIALIST FOR BIOPSY & SYMPTOMATIC TREATMENT,Severe Dysplasia,
IrregularM1M2WhiteIrregularM1MarblewhiteDarkSNOYes MouthSmokingBmucosa,ORAL SQUAMOUS CELL CARCINOMA,TRAUMATICULCER & CARCINOMA IN SITU,REFER TO A SPECIALIST FOR BIOPSY & SYMPTOMATIC TREATMENT,Severe Dysplasia,
IrregularM1M2PNADGNADMarblewhitePiNADSharpYes MouthHyesMixedareas,ORAL SQUAMOUS CELL CARCINOMA,TRAUMATICULCER & CARCINOMA IN SITU,REFER TO A SPECIALIST FOR BIOPSY & SYMPTOMATIC TREATMENT,Severe Dysplasia,
IrregularM1M2PNADGNADMarblewhiteDarkSharpYes MouthHyesMixedareas,ORAL SQUAMOUS CELL CARCINOMA,TRAUMATICULCER & CARCINOMA IN SITU,REFER TO A SPECIALIST FOR BIOPSY & SYMPTOMATIC TREATMENT,Severe Dysplasia,
IrregularM1M2PNADGNADMarblewhitePiNADSNOYes MouthHyesMixedareas,ORAL SQUAMOUS CELL CARCINOMA,TRAUMATICULCER & CARCINOMA IN SITU,REFER TO A SPECIALIST FOR BIOPSY & SYMPTOMATIC TREATMENT,Severe Dysplasia,
IrregularM1M2PNADGNADMarblewhiteDarkSNOYes MouthHyesMixedareas,ORAL SQUAMOUS CELL CARCINOMA,TRAUMATICULCER & CARCINOMA IN SITU,REFER TO A SPECIALIST FOR BIOPSY & SYMPTOMATIC TREATMENT,Severe Dysplasia,
IrregularM1M2RedGNADMarblewhitePiNADSharpYes MouthHyesMixedareas,ORAL SQUAMOUS CELL CARCINOMA,TRAUMATICULCER & CARCINOMA IN SITU,REFER TO A SPECIALIST FOR BIOPSY & SYMPTOMATIC TREATMENT,Severe Dysplasia,
IrregularM1M2RedGNADMarblewhiteDarkSharpYes MouthHyesMixedareas,ORAL SQUAMOUS CELL CARCINOMA,TRAUMATICULCER & CARCINOMA IN SITU,REFER TO A SPECIALIST FOR BIOPSY & SYMPTOMATIC TREATMENT,Severe Dysplasia,
IrregularM1M2RedGNADMarblewhitePiNADSNOYes MouthHyesMixedareas,ORAL SQUAMOUS CELL CARCINOMA,TRAUMATICULCER & CARCINOMA IN SITU,REFER TO A SPECIALIST FOR BIOPSY & SYMPTOMATIC TREATMENT,Severe Dysplasia,
IrregularM1M2RedGNADMarblewhiteDarkSNOYes MouthHyesMixedareas,ORAL SQUAMOUS CELL CARCINOMA,TRAUMATICULCER & CARCINOMA IN SITU,REFER TO A SPECIALIST FOR BIOPSY & SYMPTOMATIC TREATMENT,Severe Dysplasia,
IrregularM1M2WhiteGNADMarblewhitePiNADSharpYes MouthHyesMixedareas,ORAL SQUAMOUS CELL CARCINOMA,TRAUMATICULCER & CARCINOMA IN SITU,REFER TO A SPECIALIST FOR BIOPSY & SYMPTOMATIC TREATMENT,Severe Dysplasia,
IrregularM1M2WhiteGNADMarblewhiteDarkSharpYes MouthHyesMixedareas,ORAL SQUAMOUS CELL CARCINOMA,TRAUMATICULCER & CARCINOMA IN SITU,REFER TO A SPECIALIST FOR BIOPSY & SYMPTOMATIC TREATMENT,Severe Dysplasia,
IrregularM1M2WhiteGNADMarblewhitePiNADSNOYes MouthHyesMixedareas,ORAL SQUAMOUS CELL CARCINOMA,TRAUMATICULCER & CARCINOMA IN SITU,REFER TO A SPECIALIST FOR BIOPSY & SYMPTOMATIC TREATMENT,Severe Dysplasia,
IrregularM1M2WhiteGNADMarblewhiteDarkSNOYes MouthHyesMixedareas,ORAL SQUAMOUS CELL CARCINOMA,TRAUMATICULCER & CARCINOMA IN SITU,REFER TO A SPECIALIST FOR BIOPSY & SYMPTOMATIC TREATMENT,Severe Dysplasia,
IrregularL1M2RedIrregularM1MarblewhitePiNADSharpYes MouthHyesMixedareas,ORAL SQUAMOUS CELL CARCINOMA,TRAUMATICULCER & CARCINOMA IN SITU,REFER TO A SPECIALIST FOR BIOPSY & SYMPTOMATIC TREATMENT,Severe Dysplasia,
IrregularL1M2RedIrregularM1MarblewhiteDarkSharpYes MouthHyesMixedareas,ORAL SQUAMOUS CELL CARCINOMA,TRAUMATICULCER & CARCINOMA IN SITU,REFER TO A SPECIALIST FOR BIOPSY & SYMPTOMATIC TREATMENT,Severe Dysplasia,
IrregularL1M2RedIrregularM1MarblewhitePiNADSNOYes MouthHyesMixedareas,ORAL SQUAMOUS CELL CARCINOMA,TRAUMATICULCER & CARCINOMA IN SITU,REFER TO A SPECIALIST FOR BIOPSY & SYMPTOMATIC TREATMENT,Severe Dysplasia,
IrregularL1M2RedIrregularM1MarblewhiteDarkSNOYes MouthHyesMixedareas,ORAL SQUAMOUS CELL CARCINOMA,TRAUMATICULCER & CARCINOMA IN SITU,REFER TO A SPECIALIST FOR BIOPSY & SYMPTOMATIC TREATMENT,Severe Dysplasia,
IrregularL1M2WhiteIrregularM1MarblewhitePiNADSharpYes MouthHyesMixedareas,ORAL SQUAMOUS CELL CARCINOMA,TRAUMATICULCER & CARCINOMA IN SITU,REFER TO A SPECIALIST FOR BIOPSY & SYMPTOMATIC TREATMENT,Severe Dysplasia,
IrregularL1M2WhiteIrregularM1MarblewhiteDarkSharpYes MouthHyesMixedareas,ORAL SQUAMOUS CELL CARCINOMA,TRAUMATICULCER & CARCINOMA IN SITU,REFER TO A SPECIALIST FOR BIOPSY & SYMPTOMATIC TREATMENT,Severe Dysplasia,
IrregularL1M2WhiteIrregularM1MarblewhitePiNADSNOYes MouthHyesMixedareas,ORAL SQUAMOUS CELL CARCINOMA,TRAUMATICULCER & CARCINOMA IN SITU,REFER TO A SPECIALIST FOR BIOPSY & SYMPTOMATIC TREATMENT,Severe Dysplasia,
IrregularL1M2WhiteIrregularM1MarblewhiteDarkSNOYes MouthHyesMixedareas,ORAL SQUAMOUS CELL CARCINOMA,TRAUMATICULCER & CARCINOMA IN SITU,REFER TO A SPECIALIST FOR BIOPSY & SYMPTOMATIC TREATMENT,Severe Dysplasia,
IrregularM1M2PNADGNADMarblewhitePiNADSharpYes MouthSmokingMixedareas,ORAL SQUAMOUS CELL CARCINOMA,TRAUMATICULCER & CARCINOMA IN SITU,REFER TO A SPECIALIST FOR BIOPSY & SYMPTOMATIC TREATMENT,Severe Dysplasia,
IrregularM1M2PNADGNADMarblewhiteDarkSharpYes MouthSmokingMixedareas,ORAL SQUAMOUS CELL CARCINOMA,TRAUMATICULCER & CARCINOMA IN SITU,REFER TO A SPECIALIST FOR BIOPSY & SYMPTOMATIC TREATMENT,Severe Dysplasia,
IrregularM1M2PNADGNADMarblewhitePiNADSNOYes MouthSmokingMixedareas,ORAL SQUAMOUS CELL CARCINOMA,TRAUMATICULCER & CARCINOMA IN SITU,REFER TO A SPECIALIST FOR BIOPSY & SYMPTOMATIC TREATMENT,Severe Dysplasia,
IrregularM1M2PNADGNADMarblewhiteDarkSNOYes MouthSmokingMixedareas,ORAL SQUAMOUS CELL CARCINOMA,TRAUMATICULCER & CARCINOMA IN SITU,REFER TO A SPECIALIST FOR BIOPSY & SYMPTOMATIC TREATMENT,Severe Dysplasia,
IrregularM1M2RedGNADMarblewhitePiNADSharpYes MouthSmokingMixedareas,ORAL SQUAMOUS CELL CARCINOMA,TRAUMATICULCER & CARCINOMA IN SITU,REFER TO A SPECIALIST FOR BIOPSY & SYMPTOMATIC TREATMENT,Severe Dysplasia,
IrregularM1M2RedGNADMarblewhiteDarkSharpYes MouthSmokingMixedareas,ORAL SQUAMOUS CELL CARCINOMA,TRAUMATICULCER & CARCINOMA IN SITU,REFER TO A SPECIALIST FOR BIOPSY & SYMPTOMATIC TREATMENT,Severe Dysplasia,
IrregularM1M2RedGNADMarblewhitePiNADSNOYes MouthSmokingMixedareas,ORAL SQUAMOUS CELL CARCINOMA,TRAUMATICULCER & CARCINOMA IN SITU,REFER TO A SPECIALIST FOR BIOPSY & SYMPTOMATIC TREATMENT,Severe Dysplasia,
IrregularM1M2RedGNADMarblewhiteDarkSNOYes MouthSmokingMixedareas,ORAL SQUAMOUS CELL CARCINOMA,TRAUMATICULCER & CARCINOMA IN SITU,REFER TO A SPECIALIST FOR BIOPSY & SYMPTOMATIC TREATMENT,Severe Dysplasia,
IrregularM1M2WhiteGNADMarblewhitePiNADSharpYes MouthSmokingMixedareas,ORAL SQUAMOUS CELL CARCINOMA,TRAUMATICULCER & CARCINOMA IN SITU,REFER TO A SPECIALIST FOR BIOPSY & SYMPTOMATIC TREATMENT,Severe Dysplasia,
IrregularM1M2WhiteGNADMarblewhiteDarkSharpYes MouthSmokingMixedareas,ORAL SQUAMOUS CELL CARCINOMA,TRAUMATICULCER & CARCINOMA IN SITU,REFER TO A SPECIALIST FOR BIOPSY & SYMPTOMATIC TREATMENT,Severe Dysplasia,
IrregularM1M2WhiteGNADMarblewhitePiNADSNOYes MouthSmokingMixedareas,ORAL SQUAMOUS CELL CARCINOMA,TRAUMATICULCER & CARCINOMA IN SITU,REFER TO A SPECIALIST FOR BIOPSY & SYMPTOMATIC TREATMENT,Severe Dysplasia,
IrregularM1M2WhiteGNADMarblewhiteDarkSNOYes MouthSmokingMixedareas,ORAL SQUAMOUS CELL CARCINOMA,TRAUMATICULCER & CARCINOMA IN SITU,REFER TO A SPECIALIST FOR BIOPSY & SYMPTOMATIC TREATMENT,Severe Dysplasia,
IrregularL1M2RedIrregularM1MarblewhitePiNADSharpYes MouthSmokingMixedareas,ORAL SQUAMOUS CELL CARCINOMA,TRAUMATICULCER & CARCINOMA IN SITU,REFER TO A SPECIALIST FOR BIOPSY & SYMPTOMATIC TREATMENT,Severe Dysplasia,
IrregularL1M2RedIrregularM1MarblewhiteDarkSharpYes MouthSmokingMixedareas,ORAL SQUAMOUS CELL CARCINOMA,TRAUMATICULCER & CARCINOMA IN SITU,REFER TO A SPECIALIST FOR BIOPSY & SYMPTOMATIC TREATMENT,Severe Dysplasia,
IrregularL1M2RedIrregularM1MarblewhitePiNADSNOYes MouthSmokingMixedareas,ORAL SQUAMOUS CELL CARCINOMA,TRAUMATICULCER & CARCINOMA IN SITU,REFER TO A SPECIALIST FOR BIOPSY & SYMPTOMATIC TREATMENT,Severe Dysplasia,
IrregularL1M2RedIrregularM1MarblewhiteDarkSNOYes MouthSmokingMixedareas,ORAL SQUAMOUS CELL CARCINOMA,TRAUMATICULCER & CARCINOMA IN SITU,REFER TO A SPECIALIST FOR BIOPSY & SYMPTOMATIC TREATMENT,Severe Dysplasia,
IrregularL1M2WhiteIrregularM1MarblewhitePiNADSharpYes MouthSmokingMixedareas,ORAL SQUAMOUS CELL CARCINOMA,TRAUMATICULCER & CARCINOMA IN SITU,REFER TO A SPECIALIST FOR BIOPSY & SYMPTOMATIC TREATMENT,Severe Dysplasia,
IrregularL1M2WhiteIrregularM1MarblewhiteDarkSharpYes MouthSmokingMixedareas,ORAL SQUAMOUS CELL CARCINOMA,TRAUMATICULCER & CARCINOMA IN SITU,REFER TO A SPECIALIST FOR BIOPSY & SYMPTOMATIC TREATMENT,Severe Dysplasia,
IrregularL1M2WhiteIrregularM1MarblewhitePiNADSNOYes MouthSmokingMixedareas,ORAL SQUAMOUS CELL CARCINOMA,TRAUMATICULCER & CARCINOMA IN SITU,REFER TO A SPECIALIST FOR BIOPSY & SYMPTOMATIC TREATMENT,Severe Dysplasia,
IrregularL1M2WhiteIrregularM1MarblewhiteDarkSNOYes MouthSmokingMixedareas,ORAL SQUAMOUS CELL CARCINOMA,TRAUMATICULCER & CARCINOMA IN SITU,REFER TO A SPECIALIST FOR BIOPSY & SYMPTOMATIC TREATMENT,Severe Dysplasia,
IrregularM1M2PNADGNADMarblewhitePiNADSharpYes MouthHyesBsulcus,ORAL SQUAMOUS CELL CARCINOMA,TRAUMATICULCER & CARCINOMA IN SITU,REFER TO A SPECIALIST FOR BIOPSY & SYMPTOMATIC TREATMENT,Severe Dysplasia,
IrregularM1M2PNADGNADMarblewhiteDarkSharpYes MouthHyesBsulcus,ORAL SQUAMOUS CELL CARCINOMA,TRAUMATICULCER & CARCINOMA IN SITU,REFER TO A SPECIALIST FOR BIOPSY & SYMPTOMATIC TREATMENT,Severe Dysplasia,
IrregularM1M2PNADGNADMarblewhitePiNADSNOYes MouthHyesBsulcus,ORAL SQUAMOUS CELL CARCINOMA,TRAUMATICULCER & CARCINOMA IN SITU,REFER TO A SPECIALIST FOR BIOPSY & SYMPTOMATIC TREATMENT,Severe Dysplasia,
IrregularM1M2PNADGNADMarblewhiteDarkSNOYes MouthHyesBsulcus,ORAL SQUAMOUS CELL CARCINOMA,TRAUMATICULCER & CARCINOMA IN SITU,REFER TO A SPECIALIST FOR BIOPSY & SYMPTOMATIC TREATMENT,Severe Dysplasia,
IrregularM1M2RedGNADMarblewhitePiNADSharpYes MouthHyesBsulcus,ORAL SQUAMOUS CELL CARCINOMA,TRAUMATICULCER & CARCINOMA IN SITU,REFER TO A SPECIALIST FOR BIOPSY & SYMPTOMATIC TREATMENT,Severe Dysplasia,
IrregularM1M2RedGNADMarblewhiteDarkSharpYes MouthHyesBsulcus,ORAL SQUAMOUS CELL CARCINOMA,TRAUMATICULCER & CARCINOMA IN SITU,REFER TO A SPECIALIST FOR BIOPSY & SYMPTOMATIC TREATMENT,Severe Dysplasia,
IrregularM1M2RedGNADMarblewhitePiNADSNOYes MouthHyesBsulcus,ORAL SQUAMOUS CELL CARCINOMA,TRAUMATICULCER & CARCINOMA IN SITU,REFER TO A SPECIALIST FOR BIOPSY & SYMPTOMATIC TREATMENT,Severe Dysplasia,
IrregularM1M2RedGNADMarblewhiteDarkSNOYes MouthHyesBsulcus,ORAL SQUAMOUS CELL CARCINOMA,TRAUMATICULCER & CARCINOMA IN SITU,REFER TO A SPECIALIST FOR BIOPSY & SYMPTOMATIC TREATMENT,Severe Dysplasia,
IrregularM1M2WhiteGNADMarblewhitePiNADSharpYes MouthHyesBsulcus,ORAL SQUAMOUS CELL CARCINOMA,TRAUMATICULCER & CARCINOMA IN SITU,REFER TO A SPECIALIST FOR BIOPSY & SYMPTOMATIC TREATMENT,Severe Dysplasia,
IrregularM1M2WhiteGNADMarblewhiteDarkSharpYes MouthHyesBsulcus,ORAL SQUAMOUS CELL CARCINOMA,TRAUMATICULCER & CARCINOMA IN SITU,REFER TO A SPECIALIST FOR BIOPSY & SYMPTOMATIC TREATMENT,Severe Dysplasia,
IrregularM1M2WhiteGNADMarblewhitePiNADSNOYes MouthHyesBsulcus,ORAL SQUAMOUS CELL CARCINOMA,TRAUMATICULCER & CARCINOMA IN SITU,REFER TO A SPECIALIST FOR BIOPSY & SYMPTOMATIC TREATMENT,Severe Dysplasia,
IrregularM1M2WhiteGNADMarblewhiteDarkSNOYes MouthHyesBsulcus,ORAL SQUAMOUS CELL CARCINOMA,TRAUMATICULCER & CARCINOMA IN SITU,REFER TO A SPECIALIST FOR BIOPSY & SYMPTOMATIC TREATMENT,Severe Dysplasia,
IrregularL1M2RedIrregularM1MarblewhitePiNADSharpYes MouthHyesBsulcus,ORAL SQUAMOUS CELL CARCINOMA,TRAUMATICULCER & CARCINOMA IN SITU,REFER TO A SPECIALIST FOR BIOPSY & SYMPTOMATIC TREATMENT,Severe Dysplasia,
IrregularL1M2RedIrregularM1MarblewhiteDarkSharpYes MouthHyesBsulcus,ORAL SQUAMOUS CELL CARCINOMA,TRAUMATICULCER & CARCINOMA IN SITU,REFER TO A SPECIALIST FOR BIOPSY & SYMPTOMATIC TREATMENT,Severe Dysplasia,
IrregularL1M2RedIrregularM1MarblewhitePiNADSNOYes MouthHyesBsulcus,ORAL SQUAMOUS CELL CARCINOMA,TRAUMATICULCER & CARCINOMA IN SITU,REFER TO A SPECIALIST FOR BIOPSY & SYMPTOMATIC TREATMENT,Severe Dysplasia,
IrregularL1M2RedIrregularM1MarblewhiteDarkSNOYes MouthHyesBsulcus,ORAL SQUAMOUS CELL CARCINOMA,TRAUMATICULCER & CARCINOMA IN SITU,REFER TO A SPECIALIST FOR BIOPSY & SYMPTOMATIC TREATMENT,Severe Dysplasia,
IrregularL1M2WhiteIrregularM1MarblewhitePiNADSharpYes MouthHyesBsulcus,ORAL SQUAMOUS CELL CARCINOMA,TRAUMATICULCER & CARCINOMA IN SITU,REFER TO A SPECIALIST FOR BIOPSY & SYMPTOMATIC TREATMENT,Severe Dysplasia,
IrregularL1M2WhiteIrregularM1MarblewhiteDarkSharpYes MouthHyesBsulcus,ORAL SQUAMOUS CELL CARCINOMA,TRAUMATICULCER & CARCINOMA IN SITU,REFER TO A SPECIALIST FOR BIOPSY & SYMPTOMATIC TREATMENT,Severe Dysplasia,
IrregularL1M2WhiteIrregularM1MarblewhitePiNADSNOYes MouthHyesBsulcus,ORAL SQUAMOUS CELL CARCINOMA,TRAUMATICULCER & CARCINOMA IN SITU,REFER TO A SPECIALIST FOR BIOPSY & SYMPTOMATIC TREATMENT,Severe Dysplasia,
IrregularL1M2WhiteIrregularM1MarblewhiteDarkSNOYes MouthHyesBsulcus,ORAL SQUAMOUS CELL CARCINOMA,TRAUMATICULCER & CARCINOMA IN SITU,REFER TO A SPECIALIST FOR BIOPSY & SYMPTOMATIC TREATMENT,Severe Dysplasia,
IrregularM1M2PNADGNADMarblewhitePiNADSharpYes MouthSmokingBsulcus,ORAL SQUAMOUS CELL CARCINOMA,TRAUMATICULCER & CARCINOMA IN SITU,REFER TO A SPECIALIST FOR BIOPSY & SYMPTOMATIC TREATMENT,Severe Dysplasia,
IrregularM1M2PNADGNADMarblewhiteDarkSharpYes MouthSmokingBsulcus,ORAL SQUAMOUS CELL CARCINOMA,TRAUMATICULCER & CARCINOMA IN SITU,REFER TO A SPECIALIST FOR BIOPSY & SYMPTOMATIC TREATMENT,Severe Dysplasia,
IrregularM1M2PNADGNADMarblewhitePiNADSNOYes MouthSmokingBsulcus,ORAL SQUAMOUS CELL CARCINOMA,TRAUMATICULCER & CARCINOMA IN SITU,REFER TO A SPECIALIST FOR BIOPSY & SYMPTOMATIC TREATMENT,Severe Dysplasia,
IrregularM1M2PNADGNADMarblewhiteDarkSNOYes MouthSmokingBsulcus,ORAL SQUAMOUS CELL CARCINOMA,TRAUMATICULCER & CARCINOMA IN SITU,REFER TO A SPECIALIST FOR BIOPSY & SYMPTOMATIC TREATMENT,Severe Dysplasia,
IrregularM1M2RedGNADMarblewhitePiNADSharpYes MouthSmokingBsulcus,ORAL SQUAMOUS CELL CARCINOMA,TRAUMATICULCER & CARCINOMA IN SITU,REFER TO A SPECIALIST FOR BIOPSY & SYMPTOMATIC TREATMENT,Severe Dysplasia,
IrregularM1M2RedGNADMarblewhiteDarkSharpYes MouthSmokingBsulcus,ORAL SQUAMOUS CELL CARCINOMA,TRAUMATICULCER & CARCINOMA IN SITU,REFER TO A SPECIALIST FOR BIOPSY & SYMPTOMATIC TREATMENT,Severe Dysplasia,
IrregularM1M2RedGNADMarblewhitePiNADSNOYes MouthSmokingBsulcus,ORAL SQUAMOUS CELL CARCINOMA,TRAUMATICULCER & CARCINOMA IN SITU,REFER TO A SPECIALIST FOR BIOPSY & SYMPTOMATIC TREATMENT,Severe Dysplasia,
IrregularM1M2RedGNADMarblewhiteDarkSNOYes MouthSmokingBsulcus,ORAL SQUAMOUS CELL CARCINOMA,TRAUMATICULCER & CARCINOMA IN SITU,REFER TO A SPECIALIST FOR BIOPSY & SYMPTOMATIC TREATMENT,Severe Dysplasia,
IrregularM1M2WhiteGNADMarblewhitePiNADSharpYes MouthSmokingBsulcus,ORAL SQUAMOUS CELL CARCINOMA,TRAUMATICULCER & CARCINOMA IN SITU,REFER TO A SPECIALIST FOR BIOPSY & SYMPTOMATIC TREATMENT,Severe Dysplasia,
IrregularM1M2WhiteGNADMarblewhiteDarkSharpYes MouthSmokingBsulcus,ORAL SQUAMOUS CELL CARCINOMA,TRAUMATICULCER & CARCINOMA IN SITU,REFER TO A SPECIALIST FOR BIOPSY & SYMPTOMATIC TREATMENT,Severe Dysplasia,
IrregularM1M2WhiteGNADMarblewhitePiNADSNOYes MouthSmokingBsulcus,ORAL SQUAMOUS CELL CARCINOMA,TRAUMATICULCER & CARCINOMA IN SITU,REFER TO A SPECIALIST FOR BIOPSY & SYMPTOMATIC TREATMENT,Severe Dysplasia,
IrregularM1M2WhiteGNADMarblewhiteDarkSNOYes MouthSmokingBsulcus,ORAL SQUAMOUS CELL CARCINOMA,TRAUMATICULCER & CARCINOMA IN SITU,REFER TO A SPECIALIST FOR BIOPSY & SYMPTOMATIC TREATMENT,Severe Dysplasia,
IrregularL1M2RedIrregularM1MarblewhitePiNADSharpYes MouthSmokingBsulcus,ORAL SQUAMOUS CELL CARCINOMA,TRAUMATICULCER & CARCINOMA IN SITU,REFER TO A SPECIALIST FOR BIOPSY & SYMPTOMATIC TREATMENT,Severe Dysplasia,
IrregularL1M2RedIrregularM1MarblewhiteDarkSharpYes MouthSmokingBsulcus,ORAL SQUAMOUS CELL CARCINOMA,TRAUMATICULCER & CARCINOMA IN SITU,REFER TO A SPECIALIST FOR BIOPSY & SYMPTOMATIC TREATMENT,Severe Dysplasia,
IrregularL1M2RedIrregularM1MarblewhitePiNADSNOYes MouthSmokingBsulcus,ORAL SQUAMOUS CELL CARCINOMA,TRAUMATICULCER & CARCINOMA IN SITU,REFER TO A SPECIALIST FOR BIOPSY & SYMPTOMATIC TREATMENT,Severe Dysplasia,
IrregularL1M2RedIrregularM1MarblewhiteDarkSNOYes MouthSmokingBsulcus,ORAL SQUAMOUS CELL CARCINOMA,TRAUMATICULCER & CARCINOMA IN SITU,REFER TO A SPECIALIST FOR BIOPSY & SYMPTOMATIC TREATMENT,Severe Dysplasia,
IrregularL1M2WhiteIrregularM1MarblewhitePiNADSharpYes MouthSmokingBsulcus,ORAL SQUAMOUS CELL CARCINOMA,TRAUMATICULCER & CARCINOMA IN SITU,REFER TO A SPECIALIST FOR BIOPSY & SYMPTOMATIC TREATMENT,Severe Dysplasia,
IrregularL1M2WhiteIrregularM1MarblewhiteDarkSharpYes MouthSmokingBsulcus,ORAL SQUAMOUS CELL CARCINOMA,TRAUMATICULCER & CARCINOMA IN SITU,REFER TO A SPECIALIST FOR BIOPSY & SYMPTOMATIC TREATMENT,Severe Dysplasia,
IrregularL1M2WhiteIrregularM1MarblewhitePiNADSNOYes MouthSmokingBsulcus,ORAL SQUAMOUS CELL CARCINOMA,TRAUMATICULCER & CARCINOMA IN SITU,REFER TO A SPECIALIST FOR BIOPSY & SYMPTOMATIC TREATMENT,Severe Dysplasia,
IrregularL1M2WhiteIrregularM1MarblewhiteDarkSNOYes MouthSmokingBsulcus,ORAL SQUAMOUS CELL CARCINOMA,TRAUMATICULCER & CARCINOMA IN SITU,REFER TO A SPECIALIST FOR BIOPSY & SYMPTOMATIC TREATMENT,Severe Dysplasia,
IrregularM1M2PNADGNADMarblewhitePiNADSharpYes MouthHyesPalate,ORAL SQUAMOUS CELL CARCINOMA,TRAUMATICULCER & CARCINOMA IN SITU,REFER TO A SPECIALIST FOR BIOPSY & SYMPTOMATIC TREATMENT,Severe Dysplasia,
IrregularM1M2PNADGNADMarblewhiteDarkSharpYes MouthHyesPalate,ORAL SQUAMOUS CELL CARCINOMA,TRAUMATICULCER & CARCINOMA IN SITU,REFER TO A SPECIALIST FOR BIOPSY & SYMPTOMATIC TREATMENT,Severe Dysplasia,
IrregularM1M2PNADGNADMarblewhitePiNADSNOYes MouthHyesPalate,ORAL SQUAMOUS CELL CARCINOMA,TRAUMATICULCER & CARCINOMA IN SITU,REFER TO A SPECIALIST FOR BIOPSY & SYMPTOMATIC TREATMENT,Severe Dysplasia,
IrregularM1M2PNADGNADMarblewhiteDarkSNOYes MouthHyesPalate,ORAL SQUAMOUS CELL CARCINOMA,TRAUMATICULCER & CARCINOMA IN SITU,REFER TO A SPECIALIST FOR BIOPSY & SYMPTOMATIC TREATMENT,Severe Dysplasia,
IrregularM1M2RedGNADMarblewhitePiNADSharpYes MouthHyesPalate,ORAL SQUAMOUS CELL CARCINOMA,TRAUMATICULCER & CARCINOMA IN SITU,REFER TO A SPECIALIST FOR BIOPSY & SYMPTOMATIC TREATMENT,Severe Dysplasia,
IrregularM1M2RedGNADMarblewhiteDarkSharpYes MouthHyesPalate,ORAL SQUAMOUS CELL CARCINOMA,TRAUMATICULCER & CARCINOMA IN SITU,REFER TO A SPECIALIST FOR BIOPSY & SYMPTOMATIC TREATMENT,Severe Dysplasia,
IrregularM1M2RedGNADMarblewhitePiNADSNOYes MouthHyesPalate,ORAL SQUAMOUS CELL CARCINOMA,TRAUMATICULCER & CARCINOMA IN SITU,REFER TO A SPECIALIST FOR BIOPSY & SYMPTOMATIC TREATMENT,Severe Dysplasia,
IrregularM1M2RedGNADMarblewhiteDarkSNOYes MouthHyesPalate,ORAL SQUAMOUS CELL CARCINOMA,TRAUMATICULCER & CARCINOMA IN SITU,REFER TO A SPECIALIST FOR BIOPSY & SYMPTOMATIC TREATMENT,Severe Dysplasia,
IrregularM1M2WhiteGNADMarblewhitePiNADSharpYes MouthHyesPalate,ORAL SQUAMOUS CELL CARCINOMA,TRAUMATICULCER & CARCINOMA IN SITU,REFER TO A SPECIALIST FOR BIOPSY & SYMPTOMATIC TREATMENT,Severe Dysplasia,
IrregularM1M2WhiteGNADMarblewhiteDarkSharpYes MouthHyesPalate,ORAL SQUAMOUS CELL CARCINOMA,TRAUMATICULCER & CARCINOMA IN SITU,REFER TO A SPECIALIST FOR BIOPSY & SYMPTOMATIC TREATMENT,Severe Dysplasia,
IrregularM1M2WhiteGNADMarblewhitePiNADSNOYes MouthHyesPalate,ORAL SQUAMOUS CELL CARCINOMA,TRAUMATICULCER & CARCINOMA IN SITU,REFER TO A SPECIALIST FOR BIOPSY & SYMPTOMATIC TREATMENT,Severe Dysplasia,
IrregularM1M2WhiteGNADMarblewhiteDarkSNOYes MouthHyesPalate,ORAL SQUAMOUS CELL CARCINOMA,TRAUMATICULCER & CARCINOMA IN SITU,REFER TO A SPECIALIST FOR BIOPSY & SYMPTOMATIC TREATMENT,Severe Dysplasia,
IrregularL1M2RedIrregularM1MarblewhitePiNADSharpYes MouthHyesPalate,ORAL SQUAMOUS CELL CARCINOMA,TRAUMATICULCER & CARCINOMA IN SITU,REFER TO A SPECIALIST FOR BIOPSY & SYMPTOMATIC TREATMENT,Severe Dysplasia,
IrregularL1M2RedIrregularM1MarblewhiteDarkSharpYes MouthHyesPalate,ORAL SQUAMOUS CELL CARCINOMA,TRAUMATICULCER & CARCINOMA IN SITU,REFER TO A SPECIALIST FOR BIOPSY & SYMPTOMATIC TREATMENT,Severe Dysplasia,
IrregularL1M2RedIrregularM1MarblewhitePiNADSNOYes MouthHyesPalate,ORAL SQUAMOUS CELL CARCINOMA,TRAUMATICULCER & CARCINOMA IN SITU,REFER TO A SPECIALIST FOR BIOPSY & SYMPTOMATIC TREATMENT,Severe Dysplasia,
IrregularL1M2RedIrregularM1MarblewhiteDarkSNOYes MouthHyesPalate,ORAL SQUAMOUS CELL CARCINOMA,TRAUMATICULCER & CARCINOMA IN SITU,REFER TO A SPECIALIST FOR BIOPSY & SYMPTOMATIC TREATMENT,Severe Dysplasia,
IrregularL1M2WhiteIrregularM1MarblewhitePiNADSharpYes MouthHyesPalate,ORAL SQUAMOUS CELL CARCINOMA,TRAUMATICULCER & CARCINOMA IN SITU,REFER TO A SPECIALIST FOR BIOPSY & SYMPTOMATIC TREATMENT,Severe Dysplasia,
IrregularL1M2WhiteIrregularM1MarblewhiteDarkSharpYes MouthHyesPalate,ORAL SQUAMOUS CELL CARCINOMA,TRAUMATICULCER & CARCINOMA IN SITU,REFER TO A SPECIALIST FOR BIOPSY & SYMPTOMATIC TREATMENT,Severe Dysplasia,
IrregularL1M2WhiteIrregularM1MarblewhitePiNADSNOYes MouthHyesPalate,ORAL SQUAMOUS CELL CARCINOMA,TRAUMATICULCER & CARCINOMA IN SITU,REFER TO A SPECIALIST FOR BIOPSY & SYMPTOMATIC TREATMENT,Severe Dysplasia,
IrregularL1M2WhiteIrregularM1MarblewhiteDarkSNOYes MouthHyesPalate,ORAL SQUAMOUS CELL CARCINOMA,TRAUMATICULCER & CARCINOMA IN SITU,REFER TO A SPECIALIST FOR BIOPSY & SYMPTOMATIC TREATMENT,Severe Dysplasia,
IrregularM1M2PNADGNADMarblewhitePiNADSharpYes MouthSmokingPalate,ORAL SQUAMOUS CELL CARCINOMA,TRAUMATICULCER & CARCINOMA IN SITU,REFER TO A SPECIALIST FOR BIOPSY & SYMPTOMATIC TREATMENT,Severe Dysplasia,
IrregularM1M2PNADGNADMarblewhiteDarkSharpYes MouthSmokingPalate,ORAL SQUAMOUS CELL CARCINOMA,TRAUMATICULCER & CARCINOMA IN SITU,REFER TO A SPECIALIST FOR BIOPSY & SYMPTOMATIC TREATMENT,Severe Dysplasia,
IrregularM1M2PNADGNADMarblewhitePiNADSNOYes MouthSmokingPalate,ORAL SQUAMOUS CELL CARCINOMA,TRAUMATICULCER & CARCINOMA IN SITU,REFER TO A SPECIALIST FOR BIOPSY & SYMPTOMATIC TREATMENT,Severe Dysplasia,
IrregularM1M2PNADGNADMarblewhiteDarkSNOYes MouthSmokingPalate,ORAL SQUAMOUS CELL CARCINOMA,TRAUMATICULCER & CARCINOMA IN SITU,REFER TO A SPECIALIST FOR BIOPSY & SYMPTOMATIC TREATMENT,Severe Dysplasia,
IrregularM1M2RedGNADMarblewhitePiNADSharpYes MouthSmokingPalate,ORAL SQUAMOUS CELL CARCINOMA,TRAUMATICULCER & CARCINOMA IN SITU,REFER TO A SPECIALIST FOR BIOPSY & SYMPTOMATIC TREATMENT,Severe Dysplasia,
IrregularM1M2RedGNADMarblewhiteDarkSharpYes MouthSmokingPalate,ORAL SQUAMOUS CELL CARCINOMA,TRAUMATICULCER & CARCINOMA IN SITU,REFER TO A SPECIALIST FOR BIOPSY & SYMPTOMATIC TREATMENT,Severe Dysplasia,
IrregularM1M2RedGNADMarblewhitePiNADSNOYes MouthSmokingPalate,ORAL SQUAMOUS CELL CARCINOMA,TRAUMATICULCER & CARCINOMA IN SITU,REFER TO A SPECIALIST FOR BIOPSY & SYMPTOMATIC TREATMENT,Severe Dysplasia,
IrregularM1M2RedGNADMarblewhiteDarkSNOYes MouthSmokingPalate,ORAL SQUAMOUS CELL CARCINOMA,TRAUMATICULCER & CARCINOMA IN SITU,REFER TO A SPECIALIST FOR BIOPSY & SYMPTOMATIC TREATMENT,Severe Dysplasia,
IrregularM1M2WhiteGNADMarblewhitePiNADSharpYes MouthSmokingPalate,ORAL SQUAMOUS CELL CARCINOMA,TRAUMATICULCER & CARCINOMA IN SITU,REFER TO A SPECIALIST FOR BIOPSY & SYMPTOMATIC TREATMENT,Severe Dysplasia,
IrregularM1M2WhiteGNADMarblewhiteDarkSharpYes MouthSmokingPalate,ORAL SQUAMOUS CELL CARCINOMA,TRAUMATICULCER & CARCINOMA IN SITU,REFER TO A SPECIALIST FOR BIOPSY & SYMPTOMATIC TREATMENT,Severe Dysplasia,
IrregularM1M2WhiteGNADMarblewhitePiNADSNOYes MouthSmokingPalate,ORAL SQUAMOUS CELL CARCINOMA,TRAUMATICULCER & CARCINOMA IN SITU,REFER TO A SPECIALIST FOR BIOPSY & SYMPTOMATIC TREATMENT,Severe Dysplasia,
IrregularM1M2WhiteGNADMarblewhiteDarkSNOYes MouthSmokingPalate,ORAL SQUAMOUS CELL CARCINOMA,TRAUMATICULCER & CARCINOMA IN SITU,REFER TO A SPECIALIST FOR BIOPSY & SYMPTOMATIC TREATMENT,Severe Dysplasia,
IrregularL1M2RedIrregularM1MarblewhitePiNADSharpYes MouthSmokingPalate,ORAL SQUAMOUS CELL CARCINOMA,TRAUMATICULCER & CARCINOMA IN SITU,REFER TO A SPECIALIST FOR BIOPSY & SYMPTOMATIC TREATMENT,Severe Dysplasia,
IrregularL1M2RedIrregularM1MarblewhiteDarkSharpYes MouthSmokingPalate,ORAL SQUAMOUS CELL CARCINOMA,TRAUMATICULCER & CARCINOMA IN SITU,REFER TO A SPECIALIST FOR BIOPSY & SYMPTOMATIC TREATMENT,Severe Dysplasia,
IrregularL1M2RedIrregularM1MarblewhitePiNADSNOYes MouthSmokingPalate,ORAL SQUAMOUS CELL CARCINOMA,TRAUMATICULCER & CARCINOMA IN SITU,REFER TO A SPECIALIST FOR BIOPSY & SYMPTOMATIC TREATMENT,Severe Dysplasia,
IrregularL1M2RedIrregularM1MarblewhiteDarkSNOYes MouthSmokingPalate,ORAL SQUAMOUS CELL CARCINOMA,TRAUMATICULCER & CARCINOMA IN SITU,REFER TO A SPECIALIST FOR BIOPSY & SYMPTOMATIC TREATMENT,Severe Dysplasia,
IrregularL1M2WhiteIrregularM1MarblewhitePiNADSharpYes MouthSmokingPalate,ORAL SQUAMOUS CELL CARCINOMA,TRAUMATICULCER & CARCINOMA IN SITU,REFER TO A SPECIALIST FOR BIOPSY & SYMPTOMATIC TREATMENT,Severe Dysplasia,
IrregularL1M2WhiteIrregularM1MarblewhiteDarkSharpYes MouthSmokingPalate,ORAL SQUAMOUS CELL CARCINOMA,TRAUMATICULCER & CARCINOMA IN SITU,REFER TO A SPECIALIST FOR BIOPSY & SYMPTOMATIC TREATMENT,Severe Dysplasia,
IrregularL1M2WhiteIrregularM1MarblewhitePiNADSNOYes MouthSmokingPalate,ORAL SQUAMOUS CELL CARCINOMA,TRAUMATICULCER & CARCINOMA IN SITU,REFER TO A SPECIALIST FOR BIOPSY & SYMPTOMATIC TREATMENT,Severe Dysplasia,
IrregularL1M2WhiteIrregularM1MarblewhiteDarkSNOYes MouthSmokingPalate,ORAL SQUAMOUS CELL CARCINOMA,TRAUMATICULCER & CARCINOMA IN SITU,REFER TO A SPECIALIST FOR BIOPSY & SYMPTOMATIC TREATMENT,Severe Dysplasia,
IrregularM1M2PNADGNADMarblewhitePiNADSharpYes MouthHyesDorsumtongue,ORAL SQUAMOUS CELL CARCINOMA,TRAUMATICULCER & CARCINOMA IN SITU,REFER TO A SPECIALIST FOR BIOPSY & SYMPTOMATIC TREATMENT,Severe Dysplasia,
IrregularM1M2PNADGNADMarblewhiteDarkSharpYes MouthHyesDorsumtongue,ORAL SQUAMOUS CELL CARCINOMA,TRAUMATICULCER & CARCINOMA IN SITU,REFER TO A SPECIALIST FOR BIOPSY & SYMPTOMATIC TREATMENT,Severe Dysplasia,
IrregularM1M2PNADGNADMarblewhitePiNADSNOYes MouthHyesDorsumtongue,ORAL SQUAMOUS CELL CARCINOMA,TRAUMATICULCER & CARCINOMA IN SITU,REFER TO A SPECIALIST FOR BIOPSY & SYMPTOMATIC TREATMENT,Severe Dysplasia,
IrregularM1M2PNADGNADMarblewhiteDarkSNOYes MouthHyesDorsumtongue,ORAL SQUAMOUS CELL CARCINOMA,TRAUMATICULCER & CARCINOMA IN SITU,REFER TO A SPECIALIST FOR BIOPSY & SYMPTOMATIC TREATMENT,Severe Dysplasia,
IrregularM1M2RedGNADMarblewhitePiNADSharpYes MouthHyesDorsumtongue,ORAL SQUAMOUS CELL CARCINOMA,TRAUMATICULCER & CARCINOMA IN SITU,REFER TO A SPECIALIST FOR BIOPSY & SYMPTOMATIC TREATMENT,Severe Dysplasia,
IrregularM1M2RedGNADMarblewhiteDarkSharpYes MouthHyesDorsumtongue,ORAL SQUAMOUS CELL CARCINOMA,TRAUMATICULCER & CARCINOMA IN SITU,REFER TO A SPECIALIST FOR BIOPSY & SYMPTOMATIC TREATMENT,Severe Dysplasia,
IrregularM1M2RedGNADMarblewhitePiNADSNOYes MouthHyesDorsumtongue,ORAL SQUAMOUS CELL CARCINOMA,TRAUMATICULCER & CARCINOMA IN SITU,REFER TO A SPECIALIST FOR BIOPSY & SYMPTOMATIC TREATMENT,Severe Dysplasia,
IrregularM1M2RedGNADMarblewhiteDarkSNOYes MouthHyesDorsumtongue,ORAL SQUAMOUS CELL CARCINOMA,TRAUMATICULCER & CARCINOMA IN SITU,REFER TO A SPECIALIST FOR BIOPSY & SYMPTOMATIC TREATMENT,Severe Dysplasia,
IrregularM1M2WhiteGNADMarblewhitePiNADSharpYes MouthHyesDorsumtongue,ORAL SQUAMOUS CELL CARCINOMA,TRAUMATICULCER & CARCINOMA IN SITU,REFER TO A SPECIALIST FOR BIOPSY & SYMPTOMATIC TREATMENT,Severe Dysplasia,
IrregularM1M2WhiteGNADMarblewhiteDarkSharpYes MouthHyesDorsumtongue,ORAL SQUAMOUS CELL CARCINOMA,TRAUMATICULCER & CARCINOMA IN SITU,REFER TO A SPECIALIST FOR BIOPSY & SYMPTOMATIC TREATMENT,Severe Dysplasia,
IrregularM1M2WhiteGNADMarblewhitePiNADSNOYes MouthHyesDorsumtongue,ORAL SQUAMOUS CELL CARCINOMA,TRAUMATICULCER & CARCINOMA IN SITU,REFER TO A SPECIALIST FOR BIOPSY & SYMPTOMATIC TREATMENT,Severe Dysplasia,
IrregularM1M2WhiteGNADMarblewhiteDarkSNOYes MouthHyesDorsumtongue,ORAL SQUAMOUS CELL CARCINOMA,TRAUMATICULCER & CARCINOMA IN SITU,REFER TO A SPECIALIST FOR BIOPSY & SYMPTOMATIC TREATMENT,Severe Dysplasia,
IrregularL1M2RedIrregularM1MarblewhitePiNADSharpYes MouthHyesDorsumtongue,ORAL SQUAMOUS CELL CARCINOMA,TRAUMATICULCER & CARCINOMA IN SITU,REFER TO A SPECIALIST FOR BIOPSY & SYMPTOMATIC TREATMENT,Severe Dysplasia,
IrregularL1M2RedIrregularM1MarblewhiteDarkSharpYes MouthHyesDorsumtongue,ORAL SQUAMOUS CELL CARCINOMA,TRAUMATICULCER & CARCINOMA IN SITU,REFER TO A SPECIALIST FOR BIOPSY & SYMPTOMATIC TREATMENT,Severe Dysplasia,
IrregularL1M2RedIrregularM1MarblewhitePiNADSNOYes MouthHyesDorsumtongue,ORAL SQUAMOUS CELL CARCINOMA,TRAUMATICULCER & CARCINOMA IN SITU,REFER TO A SPECIALIST FOR BIOPSY & SYMPTOMATIC TREATMENT,Severe Dysplasia,
IrregularL1M2RedIrregularM1MarblewhiteDarkSNOYes MouthHyesDorsumtongue,ORAL SQUAMOUS CELL CARCINOMA,TRAUMATICULCER & CARCINOMA IN SITU,REFER TO A SPECIALIST FOR BIOPSY & SYMPTOMATIC TREATMENT,Severe Dysplasia,
IrregularL1M2WhiteIrregularM1MarblewhitePiNADSharpYes MouthHyesDorsumtongue,ORAL SQUAMOUS CELL CARCINOMA,TRAUMATICULCER & CARCINOMA IN SITU,REFER TO A SPECIALIST FOR BIOPSY & SYMPTOMATIC TREATMENT,Severe Dysplasia,
IrregularL1M2WhiteIrregularM1MarblewhiteDarkSharpYes MouthHyesDorsumtongue,ORAL SQUAMOUS CELL CARCINOMA,TRAUMATICULCER & CARCINOMA IN SITU,REFER TO A SPECIALIST FOR BIOPSY & SYMPTOMATIC TREATMENT,Severe Dysplasia,
IrregularL1M2WhiteIrregularM1MarblewhitePiNADSNOYes MouthHyesDorsumtongue,ORAL SQUAMOUS CELL CARCINOMA,TRAUMATICULCER & CARCINOMA IN SITU,REFER TO A SPECIALIST FOR BIOPSY & SYMPTOMATIC TREATMENT,Severe Dysplasia,
IrregularL1M2WhiteIrregularM1MarblewhiteDarkSNOYes MouthHyesDorsumtongue,ORAL SQUAMOUS CELL CARCINOMA,TRAUMATICULCER & CARCINOMA IN SITU,REFER TO A SPECIALIST FOR BIOPSY & SYMPTOMATIC TREATMENT,Severe Dysplasia,
IrregularM1M2PNADGNADMarblewhitePiNADSharpYes MouthSmokingDorsumtongue,ORAL SQUAMOUS CELL CARCINOMA,TRAUMATICULCER & CARCINOMA IN SITU,REFER TO A SPECIALIST FOR BIOPSY & SYMPTOMATIC TREATMENT,Severe Dysplasia,
IrregularM1M2PNADGNADMarblewhiteDarkSharpYes MouthSmokingDorsumtongue,ORAL SQUAMOUS CELL CARCINOMA,TRAUMATICULCER & CARCINOMA IN SITU,REFER TO A SPECIALIST FOR BIOPSY & SYMPTOMATIC TREATMENT,Severe Dysplasia,
IrregularM1M2PNADGNADMarblewhitePiNADSNOYes MouthSmokingDorsumtongue,ORAL SQUAMOUS CELL CARCINOMA,TRAUMATICULCER & CARCINOMA IN SITU,REFER TO A SPECIALIST FOR BIOPSY & SYMPTOMATIC TREATMENT,Severe Dysplasia,
IrregularM1M2PNADGNADMarblewhiteDarkSNOYes MouthSmokingDorsumtongue,ORAL SQUAMOUS CELL CARCINOMA,TRAUMATICULCER & CARCINOMA IN SITU,REFER TO A SPECIALIST FOR BIOPSY & SYMPTOMATIC TREATMENT,Severe Dysplasia,
IrregularM1M2RedGNADMarblewhitePiNADSharpYes MouthSmokingDorsumtongue,ORAL SQUAMOUS CELL CARCINOMA,TRAUMATICULCER & CARCINOMA IN SITU,REFER TO A SPECIALIST FOR BIOPSY & SYMPTOMATIC TREATMENT,Severe Dysplasia,
IrregularM1M2RedGNADMarblewhiteDarkSharpYes MouthSmokingDorsumtongue,ORAL SQUAMOUS CELL CARCINOMA,TRAUMATICULCER & CARCINOMA IN SITU,REFER TO A SPECIALIST FOR BIOPSY & SYMPTOMATIC TREATMENT,Severe Dysplasia,
IrregularM1M2RedGNADMarblewhitePiNADSNOYes MouthSmokingDorsumtongue,ORAL SQUAMOUS CELL CARCINOMA,TRAUMATICULCER & CARCINOMA IN SITU,REFER TO A SPECIALIST FOR BIOPSY & SYMPTOMATIC TREATMENT,Severe Dysplasia,
IrregularM1M2RedGNADMarblewhiteDarkSNOYes MouthSmokingDorsumtongue,ORAL SQUAMOUS CELL CARCINOMA,TRAUMATICULCER & CARCINOMA IN SITU,REFER TO A SPECIALIST FOR BIOPSY & SYMPTOMATIC TREATMENT,Severe Dysplasia,
IrregularM1M2WhiteGNADMarblewhitePiNADSharpYes MouthSmokingDorsumtongue,ORAL SQUAMOUS CELL CARCINOMA,TRAUMATICULCER & CARCINOMA IN SITU,REFER TO A SPECIALIST FOR BIOPSY & SYMPTOMATIC TREATMENT,Severe Dysplasia,
IrregularM1M2WhiteGNADMarblewhiteDarkSharpYes MouthSmokingDorsumtongue,ORAL SQUAMOUS CELL CARCINOMA,TRAUMATICULCER & CARCINOMA IN SITU,REFER TO A SPECIALIST FOR BIOPSY & SYMPTOMATIC TREATMENT,Severe Dysplasia,
IrregularM1M2WhiteGNADMarblewhitePiNADSNOYes MouthSmokingDorsumtongue,ORAL SQUAMOUS CELL CARCINOMA,TRAUMATICULCER & CARCINOMA IN SITU,REFER TO A SPECIALIST FOR BIOPSY & SYMPTOMATIC TREATMENT,Severe Dysplasia,
IrregularM1M2WhiteGNADMarblewhiteDarkSNOYes MouthSmokingDorsumtongue,ORAL SQUAMOUS CELL CARCINOMA,TRAUMATICULCER & CARCINOMA IN SITU,REFER TO A SPECIALIST FOR BIOPSY & SYMPTOMATIC TREATMENT,Severe Dysplasia,
IrregularL1M2RedIrregularM1MarblewhitePiNADSharpYes MouthSmokingDorsumtongue,ORAL SQUAMOUS CELL CARCINOMA,TRAUMATICULCER & CARCINOMA IN SITU,REFER TO A SPECIALIST FOR BIOPSY & SYMPTOMATIC TREATMENT,Severe Dysplasia,
IrregularL1M2RedIrregularM1MarblewhiteDarkSharpYes MouthSmokingDorsumtongue,ORAL SQUAMOUS CELL CARCINOMA,TRAUMATICULCER & CARCINOMA IN SITU,REFER TO A SPECIALIST FOR BIOPSY & SYMPTOMATIC TREATMENT,Severe Dysplasia,
IrregularL1M2RedIrregularM1MarblewhitePiNADSNOYes MouthSmokingDorsumtongue,ORAL SQUAMOUS CELL CARCINOMA,TRAUMATICULCER & CARCINOMA IN SITU,REFER TO A SPECIALIST FOR BIOPSY & SYMPTOMATIC TREATMENT,Severe Dysplasia,
IrregularL1M2RedIrregularM1MarblewhiteDarkSNOYes MouthSmokingDorsumtongue,ORAL SQUAMOUS CELL CARCINOMA,TRAUMATICULCER & CARCINOMA IN SITU,REFER TO A SPECIALIST FOR BIOPSY & SYMPTOMATIC TREATMENT,Severe Dysplasia,
IrregularL1M2WhiteIrregularM1MarblewhitePiNADSharpYes MouthSmokingDorsumtongue,ORAL SQUAMOUS CELL CARCINOMA,TRAUMATICULCER & CARCINOMA IN SITU,REFER TO A SPECIALIST FOR BIOPSY & SYMPTOMATIC TREATMENT,Severe Dysplasia,
IrregularL1M2WhiteIrregularM1MarblewhiteDarkSharpYes MouthSmokingDorsumtongue,ORAL SQUAMOUS CELL CARCINOMA,TRAUMATICULCER & CARCINOMA IN SITU,REFER TO A SPECIALIST FOR BIOPSY & SYMPTOMATIC TREATMENT,Severe Dysplasia,
IrregularL1M2WhiteIrregularM1MarblewhitePiNADSNOYes MouthSmokingDorsumtongue,ORAL SQUAMOUS CELL CARCINOMA,TRAUMATICULCER & CARCINOMA IN SITU,REFER TO A SPECIALIST FOR BIOPSY & SYMPTOMATIC TREATMENT,Severe Dysplasia,
IrregularL1M2WhiteIrregularM1MarblewhiteDarkSNOYes MouthSmokingDorsumtongue,ORAL SQUAMOUS CELL CARCINOMA,TRAUMATICULCER & CARCINOMA IN SITU,REFER TO A SPECIALIST FOR BIOPSY & SYMPTOMATIC TREATMENT,Severe Dysplasia,
UNADWhiteIrregularM1MarblewhiteDarkSharpYes MouthHyesBmucosa,VERRUCOUS CARCINOMA,VERRUCOUSLEUKOPLAKIA & ORAL SQUAMOUS CELL CARCINOMA,REFER TO A SPECIALIST FOR BIOPSY & SYMPTOMATIC TREATMENT,Severe Dysplasia,
UNADWhiteIrregularM1MarblewhitePiNADSharpYes MouthHyesBmucosa,VERRUCOUS CARCINOMA,VERRUCOUSLEUKOPLAKIA & ORAL SQUAMOUS CELL CARCINOMA,REFER TO A SPECIALIST FOR BIOPSY & SYMPTOMATIC TREATMENT,Severe Dysplasia,
UNADWhiteIrregularM1MarblewhiteDarkSNOYes MouthHyesBmucosa,VERRUCOUS CARCINOMA,VERRUCOUSLEUKOPLAKIA & ORAL SQUAMOUS CELL CARCINOMA,REFER TO A SPECIALIST FOR BIOPSY & SYMPTOMATIC TREATMENT,Severe Dysplasia,
UNADWhiteIrregularM1MarblewhitePiNADSNOYes MouthHyesBmucosa,VERRUCOUS CARCINOMA,VERRUCOUSLEUKOPLAKIA & ORAL SQUAMOUS CELL CARCINOMA,REFER TO A SPECIALIST FOR BIOPSY & SYMPTOMATIC TREATMENT,Severe Dysplasia,
UNADWhiteIrregularM1MarblewhiteDarkSharpYes MouthSmokingBmucosa,VERRUCOUS CARCINOMA,VERRUCOUSLEUKOPLAKIA & ORAL SQUAMOUS CELL CARCINOMA,REFER TO A SPECIALIST FOR BIOPSY & SYMPTOMATIC TREATMENT,Severe Dysplasia,
UNADWhiteIrregularM1MarblewhitePiNADSharpYes MouthSmokingBmucosa,VERRUCOUS CARCINOMA,VERRUCOUSLEUKOPLAKIA & ORAL SQUAMOUS CELL CARCINOMA,REFER TO A SPECIALIST FOR BIOPSY & SYMPTOMATIC TREATMENT,Severe Dysplasia,
UNADWhiteIrregularM1MarblewhiteDarkSNOYes MouthSmokingBmucosa,VERRUCOUS CARCINOMA,VERRUCOUSLEUKOPLAKIA & ORAL SQUAMOUS CELL CARCINOMA,REFER TO A SPECIALIST FOR BIOPSY & SYMPTOMATIC TREATMENT,Severe Dysplasia,
UNADWhiteIrregularM1MarblewhitePiNADSNOYes MouthSmokingBmucosa,VERRUCOUS CARCINOMA,VERRUCOUSLEUKOPLAKIA & ORAL SQUAMOUS CELL CARCINOMA,REFER TO A SPECIALIST FOR BIOPSY & SYMPTOMATIC TREATMENT,Severe Dysplasia,
UNADWhiteIrregularM1MarblewhiteDarkSharpYes MouthHyesMixedareas,VERRUCOUS CARCINOMA,VERRUCOUSLEUKOPLAKIA & ORAL SQUAMOUS CELL CARCINOMA,REFER TO A SPECIALIST FOR BIOPSY & SYMPTOMATIC TREATMENT,Severe Dysplasia,
UNADWhiteIrregularM1MarblewhitePiNADSharpYes MouthHyesMixedareas,VERRUCOUS CARCINOMA,VERRUCOUSLEUKOPLAKIA & ORAL SQUAMOUS CELL CARCINOMA,REFER TO A SPECIALIST FOR BIOPSY & SYMPTOMATIC TREATMENT,Severe Dysplasia,
UNADWhiteIrregularM1MarblewhiteDarkSNOYes MouthHyesMixedareas,VERRUCOUS CARCINOMA,VERRUCOUSLEUKOPLAKIA & ORAL SQUAMOUS CELL CARCINOMA,REFER TO A SPECIALIST FOR BIOPSY & SYMPTOMATIC TREATMENT,Severe Dysplasia,
UNADWhiteIrregularM1MarblewhitePiNADSNOYes MouthHyesMixedareas,VERRUCOUS CARCINOMA,VERRUCOUSLEUKOPLAKIA & ORAL SQUAMOUS CELL CARCINOMA,REFER TO A SPECIALIST FOR BIOPSY & SYMPTOMATIC TREATMENT,Severe Dysplasia,
UNADWhiteIrregularM1MarblewhiteDarkSharpYes MouthSmokingMixedareas,VERRUCOUS CARCINOMA,VERRUCOUSLEUKOPLAKIA & ORAL SQUAMOUS CELL CARCINOMA,REFER TO A SPECIALIST FOR BIOPSY & SYMPTOMATIC TREATMENT,Severe Dysplasia,
UNADWhiteIrregularM1MarblewhitePiNADSharpYes MouthSmokingMixedareas,VERRUCOUS CARCINOMA,VERRUCOUSLEUKOPLAKIA & ORAL SQUAMOUS CELL CARCINOMA,REFER TO A SPECIALIST FOR BIOPSY & SYMPTOMATIC TREATMENT,Severe Dysplasia,
UNADWhiteIrregularM1MarblewhiteDarkSNOYes MouthSmokingMixedareas,VERRUCOUS CARCINOMA,VERRUCOUSLEUKOPLAKIA & ORAL SQUAMOUS CELL CARCINOMA,REFER TO A SPECIALIST FOR BIOPSY & SYMPTOMATIC TREATMENT,Severe Dysplasia,
UNADWhiteIrregularM1MarblewhitePiNADSNOYes MouthSmokingMixedareas,VERRUCOUS CARCINOMA,VERRUCOUSLEUKOPLAKIA & ORAL SQUAMOUS CELL CARCINOMA,REFER TO A SPECIALIST FOR BIOPSY & SYMPTOMATIC TREATMENT,Severe Dysplasia,
UNADWhiteIrregularM1MarblewhiteDarkSharpYes MouthHyesBsulcus,VERRUCOUS CARCINOMA,VERRUCOUSLEUKOPLAKIA & ORAL SQUAMOUS CELL CARCINOMA,REFER TO A SPECIALIST FOR BIOPSY & SYMPTOMATIC TREATMENT,Severe Dysplasia,
UNADWhiteIrregularM1MarblewhitePiNADSharpYes MouthHyesBsulcus,VERRUCOUS CARCINOMA,VERRUCOUSLEUKOPLAKIA & ORAL SQUAMOUS CELL CARCINOMA,REFER TO A SPECIALIST FOR BIOPSY & SYMPTOMATIC TREATMENT,Severe Dysplasia,
UNADWhiteIrregularM1MarblewhiteDarkSNOYes MouthHyesBsulcus,VERRUCOUS CARCINOMA,VERRUCOUSLEUKOPLAKIA & ORAL SQUAMOUS CELL CARCINOMA,REFER TO A SPECIALIST FOR BIOPSY & SYMPTOMATIC TREATMENT,Severe Dysplasia,
UNADWhiteIrregularM1MarblewhitePiNADSNOYes MouthHyesBsulcus,VERRUCOUS CARCINOMA,VERRUCOUSLEUKOPLAKIA & ORAL SQUAMOUS CELL CARCINOMA,REFER TO A SPECIALIST FOR BIOPSY & SYMPTOMATIC TREATMENT,Severe Dysplasia,
UNADWhiteIrregularM1MarblewhiteDarkSharpYes MouthSmokingBsulcus,VERRUCOUS CARCINOMA,VERRUCOUSLEUKOPLAKIA & ORAL SQUAMOUS CELL CARCINOMA,REFER TO A SPECIALIST FOR BIOPSY & SYMPTOMATIC TREATMENT,Severe Dysplasia,
UNADWhiteIrregularM1MarblewhitePiNADSharpYes MouthSmokingBsulcus,VERRUCOUS CARCINOMA,VERRUCOUSLEUKOPLAKIA & ORAL SQUAMOUS CELL CARCINOMA,REFER TO A SPECIALIST FOR BIOPSY & SYMPTOMATIC TREATMENT,Severe Dysplasia,
UNADWhiteIrregularM1MarblewhiteDarkSNOYes MouthSmokingBsulcus,VERRUCOUS CARCINOMA,VERRUCOUSLEUKOPLAKIA & ORAL SQUAMOUS CELL CARCINOMA,REFER TO A SPECIALIST FOR BIOPSY & SYMPTOMATIC TREATMENT,Severe Dysplasia,
UNADWhiteIrregularM1MarblewhitePiNADSNOYes MouthSmokingBsulcus,VERRUCOUS CARCINOMA,VERRUCOUSLEUKOPLAKIA & ORAL SQUAMOUS CELL CARCINOMA,REFER TO A SPECIALIST FOR BIOPSY & SYMPTOMATIC TREATMENT,Severe Dysplasia,
UNADWhiteIrregularM1MarblewhiteDarkSharpYes MouthHyesPalate,VERRUCOUS CARCINOMA,VERRUCOUSLEUKOPLAKIA & ORAL SQUAMOUS CELL CARCINOMA,REFER TO A SPECIALIST FOR BIOPSY & SYMPTOMATIC TREATMENT,Severe Dysplasia,
UNADWhiteIrregularM1MarblewhitePiNADSharpYes MouthHyesPalate,VERRUCOUS CARCINOMA,VERRUCOUSLEUKOPLAKIA & ORAL SQUAMOUS CELL CARCINOMA,REFER TO A SPECIALIST FOR BIOPSY & SYMPTOMATIC TREATMENT,Severe Dysplasia,
UNADWhiteIrregularM1MarblewhiteDarkSNOYes MouthHyesPalate,VERRUCOUS CARCINOMA,VERRUCOUSLEUKOPLAKIA & ORAL SQUAMOUS CELL CARCINOMA,REFER TO A SPECIALIST FOR BIOPSY & SYMPTOMATIC TREATMENT,Severe Dysplasia,
UNADWhiteIrregularM1MarblewhitePiNADSNOYes MouthHyesPalate,VERRUCOUS CARCINOMA,VERRUCOUSLEUKOPLAKIA & ORAL SQUAMOUS CELL CARCINOMA,REFER TO A SPECIALIST FOR BIOPSY & SYMPTOMATIC TREATMENT,Severe Dysplasia,
UNADWhiteIrregularM1MarblewhiteDarkSharpYes MouthSmokingPalate,VERRUCOUS CARCINOMA,VERRUCOUSLEUKOPLAKIA & ORAL SQUAMOUS CELL CARCINOMA,REFER TO A SPECIALIST FOR BIOPSY & SYMPTOMATIC TREATMENT,Severe Dysplasia,
UNADWhiteIrregularM1MarblewhitePiNADSharpYes MouthSmokingPalate,VERRUCOUS CARCINOMA,VERRUCOUSLEUKOPLAKIA & ORAL SQUAMOUS CELL CARCINOMA,REFER TO A SPECIALIST FOR BIOPSY & SYMPTOMATIC TREATMENT,Severe Dysplasia,
UNADWhiteIrregularM1MarblewhiteDarkSNOYes MouthSmokingPalate,VERRUCOUS CARCINOMA,VERRUCOUSLEUKOPLAKIA & ORAL SQUAMOUS CELL CARCINOMA,REFER TO A SPECIALIST FOR BIOPSY & SYMPTOMATIC TREATMENT,Severe Dysplasia,
UNADWhiteIrregularM1MarblewhitePiNADSNOYes MouthSmokingPalate,VERRUCOUS CARCINOMA,VERRUCOUSLEUKOPLAKIA & ORAL SQUAMOUS CELL CARCINOMA,REFER TO A SPECIALIST FOR BIOPSY & SYMPTOMATIC TREATMENT,Severe Dysplasia,
UNADWhiteIrregularM1MarblewhiteDarkSharpYes MouthHyesDorsumtongue,VERRUCOUS CARCINOMA,VERRUCOUSLEUKOPLAKIA & ORAL SQUAMOUS CELL CARCINOMA,REFER TO A SPECIALIST FOR BIOPSY & SYMPTOMATIC TREATMENT,Severe Dysplasia,
UNADWhiteIrregularM1MarblewhitePiNADSharpYes MouthHyesDorsumtongue,VERRUCOUS CARCINOMA,VERRUCOUSLEUKOPLAKIA & ORAL SQUAMOUS CELL CARCINOMA,REFER TO A SPECIALIST FOR BIOPSY & SYMPTOMATIC TREATMENT,Severe Dysplasia,
UNADWhiteIrregularM1MarblewhiteDarkSNOYes MouthHyesDorsumtongue,VERRUCOUS CARCINOMA,VERRUCOUSLEUKOPLAKIA & ORAL SQUAMOUS CELL CARCINOMA,REFER TO A SPECIALIST FOR BIOPSY & SYMPTOMATIC TREATMENT,Severe Dysplasia,
UNADWhiteIrregularM1MarblewhitePiNADSNOYes MouthHyesDorsumtongue,VERRUCOUS CARCINOMA,VERRUCOUSLEUKOPLAKIA & ORAL SQUAMOUS CELL CARCINOMA,REFER TO A SPECIALIST FOR BIOPSY & SYMPTOMATIC TREATMENT,Severe Dysplasia,
UNADWhiteIrregularM1MarblewhiteDarkSharpYes MouthSmokingDorsumtongue,VERRUCOUS CARCINOMA,VERRUCOUSLEUKOPLAKIA & ORAL SQUAMOUS CELL CARCINOMA,REFER TO A SPECIALIST FOR BIOPSY & SYMPTOMATIC TREATMENT,Severe Dysplasia,
UNADWhiteIrregularM1MarblewhitePiNADSharpYes MouthSmokingDorsumtongue,VERRUCOUS CARCINOMA,VERRUCOUSLEUKOPLAKIA & ORAL SQUAMOUS CELL CARCINOMA,REFER TO A SPECIALIST FOR BIOPSY & SYMPTOMATIC TREATMENT,Severe Dysplasia,
UNADWhiteIrregularM1MarblewhiteDarkSNOYes MouthSmokingDorsumtongue,VERRUCOUS CARCINOMA,VERRUCOUSLEUKOPLAKIA & ORAL SQUAMOUS CELL CARCINOMA,REFER TO A SPECIALIST FOR BIOPSY & SYMPTOMATIC TREATMENT,Severe Dysplasia,
UNADWhiteIrregularM1MarblewhitePiNADSNOYes MouthSmokingDorsumtongue,VERRUCOUS CARCINOMA,VERRUCOUSLEUKOPLAKIA & ORAL SQUAMOUS CELL CARCINOMA,REFER TO A SPECIALIST FOR BIOPSY & SYMPTOMATIC TREATMENT,Severe Dysplasia,
UNADPNADIrregularM1MNADDarkSNOYes MouthHyesBmucosa,SQUAMOUS PAPILLOMA,VERRUCOUS CARCINOMA & ORAL SQUAMOUS CELL CARCINOMA & VERRUCOUSLEUKOPLAKIA,REFER TO A SPECIALIST FOR BIOPSY ,,
UNADPNADIrregularM1MNADDarkSNOYes MouthHnoBmucosa,SQUAMOUS PAPILLOMA,VERRUCOUS CARCINOMA & ORAL SQUAMOUS CELL CARCINOMA & VERRUCOUSLEUKOPLAKIA,REFER TO A SPECIALIST FOR BIOPSY ,,
UNADPNADIrregularM1MNADPiNADSNOYes MouthHyesBmucosa,SQUAMOUS PAPILLOMA,VERRUCOUS CARCINOMA & ORAL SQUAMOUS CELL CARCINOMA & VERRUCOUSLEUKOPLAKIA,REFER TO A SPECIALIST FOR BIOPSY ,,
UNADPNADIrregularM1MNADPiNADSNOYes MouthHnoBmucosa,SQUAMOUS PAPILLOMA,VERRUCOUS CARCINOMA & ORAL SQUAMOUS CELL CARCINOMA & VERRUCOUSLEUKOPLAKIA,REFER TO A SPECIALIST FOR BIOPSY ,,
UNADPNADIrregularM1MNADDarkSNOYes MouthSmokingBmucosa,SQUAMOUS PAPILLOMA,VERRUCOUS CARCINOMA & ORAL SQUAMOUS CELL CARCINOMA & VERRUCOUSLEUKOPLAKIA,REFER TO A SPECIALIST FOR BIOPSY ,,
UNADPNADIrregularM1MNADPiNADSNOYes MouthSmokingBmucosa,SQUAMOUS PAPILLOMA,VERRUCOUS CARCINOMA & ORAL SQUAMOUS CELL CARCINOMA & VERRUCOUSLEUKOPLAKIA,REFER TO A SPECIALIST FOR BIOPSY ,,
UNADPNADIrregularM1MNADDarkSNOYes MouthHyesMixedareas,SQUAMOUS PAPILLOMA,VERRUCOUS CARCINOMA & ORAL SQUAMOUS CELL CARCINOMA & VERRUCOUSLEUKOPLAKIA,REFER TO A SPECIALIST FOR BIOPSY ,,
UNADPNADIrregularM1MNADDarkSNOYes MouthHnoMixedareas,SQUAMOUS PAPILLOMA,VERRUCOUS CARCINOMA & ORAL SQUAMOUS CELL CARCINOMA & VERRUCOUSLEUKOPLAKIA,REFER TO A SPECIALIST FOR BIOPSY ,,
UNADPNADIrregularM1MNADPiNADSNOYes MouthHyesMixedareas,SQUAMOUS PAPILLOMA,VERRUCOUS CARCINOMA & ORAL SQUAMOUS CELL CARCINOMA & VERRUCOUSLEUKOPLAKIA,REFER TO A SPECIALIST FOR BIOPSY ,,
UNADPNADIrregularM1MNADPiNADSNOYes MouthHnoMixedareas,SQUAMOUS PAPILLOMA,VERRUCOUS CARCINOMA & ORAL SQUAMOUS CELL CARCINOMA & VERRUCOUSLEUKOPLAKIA,REFER TO A SPECIALIST FOR BIOPSY ,,
UNADPNADIrregularM1MNADDarkSNOYes MouthSmokingMixedareas,SQUAMOUS PAPILLOMA,VERRUCOUS CARCINOMA & ORAL SQUAMOUS CELL CARCINOMA & VERRUCOUSLEUKOPLAKIA,REFER TO A SPECIALIST FOR BIOPSY ,,
UNADPNADIrregularM1MNADPiNADSNOYes MouthSmokingMixedareas,SQUAMOUS PAPILLOMA,VERRUCOUS CARCINOMA & ORAL SQUAMOUS CELL CARCINOMA & VERRUCOUSLEUKOPLAKIA,REFER TO A SPECIALIST FOR BIOPSY ,,
UNADPNADIrregularM1MNADDarkSNOYes MouthHyesBsulcus,SQUAMOUS PAPILLOMA,VERRUCOUS CARCINOMA & ORAL SQUAMOUS CELL CARCINOMA & VERRUCOUSLEUKOPLAKIA,REFER TO A SPECIALIST FOR BIOPSY ,,
UNADPNADIrregularM1MNADDarkSNOYes MouthHnoBsulcus,SQUAMOUS PAPILLOMA,VERRUCOUS CARCINOMA & ORAL SQUAMOUS CELL CARCINOMA & VERRUCOUSLEUKOPLAKIA,REFER TO A SPECIALIST FOR BIOPSY ,,
UNADPNADIrregularM1MNADPiNADSNOYes MouthHyesBsulcus,SQUAMOUS PAPILLOMA,VERRUCOUS CARCINOMA & ORAL SQUAMOUS CELL CARCINOMA & VERRUCOUSLEUKOPLAKIA,REFER TO A SPECIALIST FOR BIOPSY ,,
UNADPNADIrregularM1MNADPiNADSNOYes MouthHnoBsulcus,SQUAMOUS PAPILLOMA,VERRUCOUS CARCINOMA & ORAL SQUAMOUS CELL CARCINOMA & VERRUCOUSLEUKOPLAKIA,REFER TO A SPECIALIST FOR BIOPSY ,,
UNADPNADIrregularM1MNADDarkSNOYes MouthSmokingBsulcus,SQUAMOUS PAPILLOMA,VERRUCOUS CARCINOMA & ORAL SQUAMOUS CELL CARCINOMA & VERRUCOUSLEUKOPLAKIA,REFER TO A SPECIALIST FOR BIOPSY ,,
UNADPNADIrregularM1MNADPiNADSNOYes MouthSmokingBsulcus,SQUAMOUS PAPILLOMA,VERRUCOUS CARCINOMA & ORAL SQUAMOUS CELL CARCINOMA & VERRUCOUSLEUKOPLAKIA,REFER TO A SPECIALIST FOR BIOPSY ,,
UNADPNADIrregularM1MNADDarkSNOYes MouthHyesPalate,SQUAMOUS PAPILLOMA,VERRUCOUS CARCINOMA & ORAL SQUAMOUS CELL CARCINOMA & VERRUCOUSLEUKOPLAKIA,REFER TO A SPECIALIST FOR BIOPSY ,,
UNADPNADIrregularM1MNADDarkSNOYes MouthHnoPalate,SQUAMOUS PAPILLOMA,VERRUCOUS CARCINOMA & ORAL SQUAMOUS CELL CARCINOMA & VERRUCOUSLEUKOPLAKIA,REFER TO A SPECIALIST FOR BIOPSY ,,
UNADPNADIrregularM1MNADPiNADSNOYes MouthHyesPalate,SQUAMOUS PAPILLOMA,VERRUCOUS CARCINOMA & ORAL SQUAMOUS CELL CARCINOMA & VERRUCOUSLEUKOPLAKIA,REFER TO A SPECIALIST FOR BIOPSY ,,
UNADPNADIrregularM1MNADPiNADSNOYes MouthHnoPalate,SQUAMOUS PAPILLOMA,VERRUCOUS CARCINOMA & ORAL SQUAMOUS CELL CARCINOMA & VERRUCOUSLEUKOPLAKIA,REFER TO A SPECIALIST FOR BIOPSY ,,
UNADPNADIrregularM1MNADDarkSNOYes MouthSmokingPalate,SQUAMOUS PAPILLOMA,VERRUCOUS CARCINOMA & ORAL SQUAMOUS CELL CARCINOMA & VERRUCOUSLEUKOPLAKIA,REFER TO A SPECIALIST FOR BIOPSY ,,
UNADPNADIrregularM1MNADPiNADSNOYes MouthSmokingPalate,SQUAMOUS PAPILLOMA,VERRUCOUS CARCINOMA & ORAL SQUAMOUS CELL CARCINOMA & VERRUCOUSLEUKOPLAKIA,REFER TO A SPECIALIST FOR BIOPSY ,,
UNADPNADIrregularM1MNADDarkSNOYes MouthHyesDorsumtongue,SQUAMOUS PAPILLOMA,VERRUCOUS CARCINOMA & ORAL SQUAMOUS CELL CARCINOMA & VERRUCOUSLEUKOPLAKIA,REFER TO A SPECIALIST FOR BIOPSY ,,
UNADPNADIrregularM1MNADDarkSNOYes MouthHnoDorsumtongue,SQUAMOUS PAPILLOMA,VERRUCOUS CARCINOMA & ORAL SQUAMOUS CELL CARCINOMA & VERRUCOUSLEUKOPLAKIA,REFER TO A SPECIALIST FOR BIOPSY ,,
UNADPNADIrregularM1MNADPiNADSNOYes MouthHyesDorsumtongue,SQUAMOUS PAPILLOMA,VERRUCOUS CARCINOMA & ORAL SQUAMOUS CELL CARCINOMA & VERRUCOUSLEUKOPLAKIA,REFER TO A SPECIALIST FOR BIOPSY ,,
UNADPNADIrregularM1MNADPiNADSNOYes MouthHnoDorsumtongue,SQUAMOUS PAPILLOMA,VERRUCOUS CARCINOMA & ORAL SQUAMOUS CELL CARCINOMA & VERRUCOUSLEUKOPLAKIA,REFER TO A SPECIALIST FOR BIOPSY ,,
UNADPNADIrregularM1MNADDarkSNOYes MouthSmokingDorsumtongue,SQUAMOUS PAPILLOMA,VERRUCOUS CARCINOMA & ORAL SQUAMOUS CELL CARCINOMA & VERRUCOUSLEUKOPLAKIA,REFER TO A SPECIALIST FOR BIOPSY ,,
UNADPNADIrregularM1MNADPiNADSNOYes MouthSmokingDorsumtongue,SQUAMOUS PAPILLOMA,VERRUCOUS CARCINOMA & ORAL SQUAMOUS CELL CARCINOMA & VERRUCOUSLEUKOPLAKIA,REFER TO A SPECIALIST FOR BIOPSY ,,
UNADPNADGNADMNADPiNADSNONoHnoBmucosa,NOTHING ABNORMAL DETECTED,,NIL,Variable Diagnosis,
UNADPNADGNADMNADPiNADSNONoHnoMixedareas,NOTHING ABNORMAL DETECTED,,NIL,Variable Diagnosis,
UNADPNADGNADMNADPiNADSNONoHnoBsulcus,NOTHING ABNORMAL DETECTED,,NIL,Variable Diagnosis,
UNADPNADGNADMNADPiNADSNONoHnoPalate,NOTHING ABNORMAL DETECTED,,NIL,Variable Diagnosis,
UNADPNADGNADMNADPiNADSNONoHnoDorsumtongue,NOTHING ABNORMAL DETECTED,,NIL,Variable Diagnosis,
IrregularL1M2RedIrregularM1MarblewhitePiNADSharpYes MouthHyesBmucosa,ORAL SQUAMOUS CELL CARCINOMA,TRAUMATICULCER & CARCINOMA IN SITU,REFER TO A SPECIALIST FOR BIOPSY & SYMPTOMATIC TREATMENT,Severe Dysplasia,
IrregularL1M2RedIrregularM1MarblewhiteDarkSharpYes MouthHyesBmucosa,ORAL SQUAMOUS CELL CARCINOMA,TRAUMATICULCER & CARCINOMA IN SITU,REFER TO A SPECIALIST FOR BIOPSY & SYMPTOMATIC TREATMENT,Severe Dysplasia,
IrregularL1M2RedIrregularM1MarblewhitePiNADSNOYes MouthHyesBmucosa,ORAL SQUAMOUS CELL CARCINOMA,TRAUMATICULCER & CARCINOMA IN SITU,REFER TO A SPECIALIST FOR BIOPSY & SYMPTOMATIC TREATMENT,Severe Dysplasia,
IrregularL1M2RedIrregularM1MarblewhiteDarkSNOYes MouthHyesBmucosa,ORAL SQUAMOUS CELL CARCINOMA,TRAUMATICULCER & CARCINOMA IN SITU,REFER TO A SPECIALIST FOR BIOPSY & SYMPTOMATIC TREATMENT,Severe Dysplasia,
IrregularL1M2WhiteIrregularM1MarblewhitePiNADSharpYes MouthHyesBmucosa,ORAL SQUAMOUS CELL CARCINOMA,TRAUMATICULCER & CARCINOMA IN SITU,REFER TO A SPECIALIST FOR BIOPSY & SYMPTOMATIC TREATMENT,Severe Dysplasia,
IrregularL1M2WhiteIrregularM1MarblewhiteDarkSharpYes MouthHyesBmucosa,ORAL SQUAMOUS CELL CARCINOMA,TRAUMATICULCER & CARCINOMA IN SITU,REFER TO A SPECIALIST FOR BIOPSY & SYMPTOMATIC TREATMENT,Severe Dysplasia,
IrregularL1M2WhiteIrregularM1MarblewhitePiNADSNOYes MouthHyesBmucosa,ORAL SQUAMOUS CELL CARCINOMA,TRAUMATICULCER & CARCINOMA IN SITU,REFER TO A SPECIALIST FOR BIOPSY & SYMPTOMATIC TREATMENT,Severe Dysplasia,
IrregularL1M2WhiteIrregularM1MarblewhiteDarkSNOYes MouthHyesBmucosa,ORAL SQUAMOUS CELL CARCINOMA,TRAUMATICULCER & CARCINOMA IN SITU,REFER TO A SPECIALIST FOR BIOPSY & SYMPTOMATIC TREATMENT,Severe Dysplasia,
IrregularL1M2RedIrregularM1MarblewhitePiNADSharpYes MouthSmokingBmucosa,ORAL SQUAMOUS CELL CARCINOMA,TRAUMATICULCER & CARCINOMA IN SITU,REFER TO A SPECIALIST FOR BIOPSY & SYMPTOMATIC TREATMENT,Severe Dysplasia,
IrregularL1M2RedIrregularM1MarblewhiteDarkSharpYes MouthSmokingBmucosa,ORAL SQUAMOUS CELL CARCINOMA,TRAUMATICULCER & CARCINOMA IN SITU,REFER TO A SPECIALIST FOR BIOPSY & SYMPTOMATIC TREATMENT,Severe Dysplasia,
IrregularL1M2RedIrregularM1MarblewhitePiNADSNOYes MouthSmokingBmucosa,ORAL SQUAMOUS CELL CARCINOMA,TRAUMATICULCER & CARCINOMA IN SITU,REFER TO A SPECIALIST FOR BIOPSY & SYMPTOMATIC TREATMENT,Severe Dysplasia,
IrregularL1M2RedIrregularM1MarblewhiteDarkSNOYes MouthSmokingBmucosa,ORAL SQUAMOUS CELL CARCINOMA,TRAUMATICULCER & CARCINOMA IN SITU,REFER TO A SPECIALIST FOR BIOPSY & SYMPTOMATIC TREATMENT,Severe Dysplasia,
IrregularL1M2WhiteIrregularM1MarblewhitePiNADSharpYes MouthSmokingBmucosa,ORAL SQUAMOUS CELL CARCINOMA,TRAUMATICULCER & CARCINOMA IN SITU,REFER TO A SPECIALIST FOR BIOPSY & SYMPTOMATIC TREATMENT,Severe Dysplasia,
IrregularL1M2WhiteIrregularM1MarblewhiteDarkSharpYes MouthSmokingBmucosa,ORAL SQUAMOUS CELL CARCINOMA,TRAUMATICULCER & CARCINOMA IN SITU,REFER TO A SPECIALIST FOR BIOPSY & SYMPTOMATIC TREATMENT,Severe Dysplasia,
IrregularL1M2WhiteIrregularM1MarblewhitePiNADSNOYes MouthSmokingBmucosa,ORAL SQUAMOUS CELL CARCINOMA,TRAUMATICULCER & CARCINOMA IN SITU,REFER TO A SPECIALIST FOR BIOPSY & SYMPTOMATIC TREATMENT,Severe Dysplasia,
IrregularL1M2WhiteIrregularM1MarblewhiteDarkSNOYes MouthSmokingBmucosa,ORAL SQUAMOUS CELL CARCINOMA,TRAUMATICULCER & CARCINOMA IN SITU,REFER TO A SPECIALIST FOR BIOPSY & SYMPTOMATIC TREATMENT,Severe Dysplasia,
IrregularM1M2RedIrregularM1MarblewhitePiNADSharpYes MouthHyesMixedareas,ORAL SQUAMOUS CELL CARCINOMA,TRAUMATICULCER & CARCINOMA IN SITU,REFER TO A SPECIALIST FOR BIOPSY & SYMPTOMATIC TREATMENT,Severe Dysplasia,
IrregularM1M2RedIrregularM1MarblewhiteDarkSharpYes MouthHyesMixedareas,ORAL SQUAMOUS CELL CARCINOMA,TRAUMATICULCER & CARCINOMA IN SITU,REFER TO A SPECIALIST FOR BIOPSY & SYMPTOMATIC TREATMENT,Severe Dysplasia,
IrregularM1M2RedIrregularM1MarblewhitePiNADSNOYes MouthHyesMixedareas,ORAL SQUAMOUS CELL CARCINOMA,TRAUMATICULCER & CARCINOMA IN SITU,REFER TO A SPECIALIST FOR BIOPSY & SYMPTOMATIC TREATMENT,Severe Dysplasia,
IrregularM1M2RedIrregularM1MarblewhiteDarkSNOYes MouthHyesMixedareas,ORAL SQUAMOUS CELL CARCINOMA,TRAUMATICULCER & CARCINOMA IN SITU,REFER TO A SPECIALIST FOR BIOPSY & SYMPTOMATIC TREATMENT,Severe Dysplasia,
IrregularM1M2WhiteIrregularM1MarblewhitePiNADSharpYes MouthHyesMixedareas,ORAL SQUAMOUS CELL CARCINOMA,TRAUMATICULCER & CARCINOMA IN SITU,REFER TO A SPECIALIST FOR BIOPSY & SYMPTOMATIC TREATMENT,Severe Dysplasia,
IrregularM1M2WhiteIrregularM1MarblewhiteDarkSharpYes MouthHyesMixedareas,ORAL SQUAMOUS CELL CARCINOMA,TRAUMATICULCER & CARCINOMA IN SITU,REFER TO A SPECIALIST FOR BIOPSY & SYMPTOMATIC TREATMENT,Severe Dysplasia,
IrregularM1M2WhiteIrregularM1MarblewhitePiNADSNOYes MouthHyesMixedareas,ORAL SQUAMOUS CELL CARCINOMA,TRAUMATICULCER & CARCINOMA IN SITU,REFER TO A SPECIALIST FOR BIOPSY & SYMPTOMATIC TREATMENT,Severe Dysplasia,
IrregularM1M2WhiteIrregularM1MarblewhiteDarkSNOYes MouthHyesMixedareas,ORAL SQUAMOUS CELL CARCINOMA,TRAUMATICULCER & CARCINOMA IN SITU,REFER TO A SPECIALIST FOR BIOPSY & SYMPTOMATIC TREATMENT,Severe Dysplasia,
IrregularM1M2RedIrregularM1MarblewhitePiNADSharpYes MouthSmokingMixedareas,ORAL SQUAMOUS CELL CARCINOMA,TRAUMATICULCER & CARCINOMA IN SITU,REFER TO A SPECIALIST FOR BIOPSY & SYMPTOMATIC TREATMENT,Severe Dysplasia,
IrregularM1M2RedIrregularM1MarblewhiteDarkSharpYes MouthSmokingMixedareas,ORAL SQUAMOUS CELL CARCINOMA,TRAUMATICULCER & CARCINOMA IN SITU,REFER TO A SPECIALIST FOR BIOPSY & SYMPTOMATIC TREATMENT,Severe Dysplasia,
IrregularM1M2RedIrregularM1MarblewhitePiNADSNOYes MouthSmokingMixedareas,ORAL SQUAMOUS CELL CARCINOMA,TRAUMATICULCER & CARCINOMA IN SITU,REFER TO A SPECIALIST FOR BIOPSY & SYMPTOMATIC TREATMENT,Severe Dysplasia,
IrregularM1M2RedIrregularM1MarblewhiteDarkSNOYes MouthSmokingMixedareas,ORAL SQUAMOUS CELL CARCINOMA,TRAUMATICULCER & CARCINOMA IN SITU,REFER TO A SPECIALIST FOR BIOPSY & SYMPTOMATIC TREATMENT,Severe Dysplasia,
IrregularM1M2WhiteIrregularM1MarblewhitePiNADSharpYes MouthSmokingMixedareas,ORAL SQUAMOUS CELL CARCINOMA,TRAUMATICULCER & CARCINOMA IN SITU,REFER TO A SPECIALIST FOR BIOPSY & SYMPTOMATIC TREATMENT,Severe Dysplasia,
IrregularM1M2WhiteIrregularM1MarblewhiteDarkSharpYes MouthSmokingMixedareas,ORAL SQUAMOUS CELL CARCINOMA,TRAUMATICULCER & CARCINOMA IN SITU,REFER TO A SPECIALIST FOR BIOPSY & SYMPTOMATIC TREATMENT,Severe Dysplasia,
IrregularM1M2WhiteIrregularM1MarblewhitePiNADSNOYes MouthSmokingMixedareas,ORAL SQUAMOUS CELL CARCINOMA,TRAUMATICULCER & CARCINOMA IN SITU,REFER TO A SPECIALIST FOR BIOPSY & SYMPTOMATIC TREATMENT,Severe Dysplasia,
IrregularM1M2WhiteIrregularM1MarblewhiteDarkSNOYes MouthSmokingMixedareas,ORAL SQUAMOUS CELL CARCINOMA,TRAUMATICULCER & CARCINOMA IN SITU,REFER TO A SPECIALIST FOR BIOPSY & SYMPTOMATIC TREATMENT,Severe Dysplasia,
IrregularM1M2RedIrregularM1MarblewhitePiNADSharpYes MouthHyesBsulcus,ORAL SQUAMOUS CELL CARCINOMA,TRAUMATICULCER & CARCINOMA IN SITU,REFER TO A SPECIALIST FOR BIOPSY & SYMPTOMATIC TREATMENT,Severe Dysplasia,
IrregularM1M2RedIrregularM1MarblewhiteDarkSharpYes MouthHyesBsulcus,ORAL SQUAMOUS CELL CARCINOMA,TRAUMATICULCER & CARCINOMA IN SITU,REFER TO A SPECIALIST FOR BIOPSY & SYMPTOMATIC TREATMENT,Severe Dysplasia,
IrregularM1M2RedIrregularM1MarblewhitePiNADSNOYes MouthHyesBsulcus,ORAL SQUAMOUS CELL CARCINOMA,TRAUMATICULCER & CARCINOMA IN SITU,REFER TO A SPECIALIST FOR BIOPSY & SYMPTOMATIC TREATMENT,Severe Dysplasia,
IrregularM1M2RedIrregularM1MarblewhiteDarkSNOYes MouthHyesBsulcus,ORAL SQUAMOUS CELL CARCINOMA,TRAUMATICULCER & CARCINOMA IN SITU,REFER TO A SPECIALIST FOR BIOPSY & SYMPTOMATIC TREATMENT,Severe Dysplasia,
IrregularM1M2WhiteIrregularM1MarblewhitePiNADSharpYes MouthHyesBsulcus,ORAL SQUAMOUS CELL CARCINOMA,TRAUMATICULCER & CARCINOMA IN SITU,REFER TO A SPECIALIST FOR BIOPSY & SYMPTOMATIC TREATMENT,Severe Dysplasia,
IrregularM1M2WhiteIrregularM1MarblewhiteDarkSharpYes MouthHyesBsulcus,ORAL SQUAMOUS CELL CARCINOMA,TRAUMATICULCER & CARCINOMA IN SITU,REFER TO A SPECIALIST FOR BIOPSY & SYMPTOMATIC TREATMENT,Severe Dysplasia,
IrregularM1M2WhiteIrregularM1MarblewhitePiNADSNOYes MouthHyesBsulcus,ORAL SQUAMOUS CELL CARCINOMA,TRAUMATICULCER & CARCINOMA IN SITU,REFER TO A SPECIALIST FOR BIOPSY & SYMPTOMATIC TREATMENT,Severe Dysplasia,
IrregularM1M2WhiteIrregularM1MarblewhiteDarkSNOYes MouthHyesBsulcus,ORAL SQUAMOUS CELL CARCINOMA,TRAUMATICULCER & CARCINOMA IN SITU,REFER TO A SPECIALIST FOR BIOPSY & SYMPTOMATIC TREATMENT,Severe Dysplasia,
IrregularM1M2RedIrregularM1MarblewhitePiNADSharpYes MouthSmokingBsulcus,ORAL SQUAMOUS CELL CARCINOMA,TRAUMATICULCER & CARCINOMA IN SITU,REFER TO A SPECIALIST FOR BIOPSY & SYMPTOMATIC TREATMENT,Severe Dysplasia,
IrregularM1M2RedIrregularM1MarblewhiteDarkSharpYes MouthSmokingBsulcus,ORAL SQUAMOUS CELL CARCINOMA,TRAUMATICULCER & CARCINOMA IN SITU,REFER TO A SPECIALIST FOR BIOPSY & SYMPTOMATIC TREATMENT,Severe Dysplasia,
IrregularM1M2RedIrregularM1MarblewhitePiNADSNOYes MouthSmokingBsulcus,ORAL SQUAMOUS CELL CARCINOMA,TRAUMATICULCER & CARCINOMA IN SITU,REFER TO A SPECIALIST FOR BIOPSY & SYMPTOMATIC TREATMENT,Severe Dysplasia,
IrregularM1M2RedIrregularM1MarblewhiteDarkSNOYes MouthSmokingBsulcus,ORAL SQUAMOUS CELL CARCINOMA,TRAUMATICULCER & CARCINOMA IN SITU,REFER TO A SPECIALIST FOR BIOPSY & SYMPTOMATIC TREATMENT,Severe Dysplasia,
IrregularM1M2WhiteIrregularM1MarblewhitePiNADSharpYes MouthSmokingBsulcus,ORAL SQUAMOUS CELL CARCINOMA,TRAUMATICULCER & CARCINOMA IN SITU,REFER TO A SPECIALIST FOR BIOPSY & SYMPTOMATIC TREATMENT,Severe Dysplasia,
IrregularM1M2WhiteIrregularM1MarblewhiteDarkSharpYes MouthSmokingBsulcus,ORAL SQUAMOUS CELL CARCINOMA,TRAUMATICULCER & CARCINOMA IN SITU,REFER TO A SPECIALIST FOR BIOPSY & SYMPTOMATIC TREATMENT,Severe Dysplasia,
IrregularM1M2WhiteIrregularM1MarblewhitePiNADSNOYes MouthSmokingBsulcus,ORAL SQUAMOUS CELL CARCINOMA,TRAUMATICULCER & CARCINOMA IN SITU,REFER TO A SPECIALIST FOR BIOPSY & SYMPTOMATIC TREATMENT,Severe Dysplasia,
IrregularM1M2WhiteIrregularM1MarblewhiteDarkSNOYes MouthSmokingBsulcus,ORAL SQUAMOUS CELL CARCINOMA,TRAUMATICULCER & CARCINOMA IN SITU,REFER TO A SPECIALIST FOR BIOPSY & SYMPTOMATIC TREATMENT,Severe Dysplasia,
IrregularM1M2RedIrregularM1MarblewhitePiNADSharpYes MouthHyesPalate,ORAL SQUAMOUS CELL CARCINOMA,TRAUMATICULCER & CARCINOMA IN SITU,REFER TO A SPECIALIST FOR BIOPSY & SYMPTOMATIC TREATMENT,Severe Dysplasia,
IrregularM1M2RedIrregularM1MarblewhiteDarkSharpYes MouthHyesPalate,ORAL SQUAMOUS CELL CARCINOMA,TRAUMATICULCER & CARCINOMA IN SITU,REFER TO A SPECIALIST FOR BIOPSY & SYMPTOMATIC TREATMENT,Severe Dysplasia,
IrregularM1M2RedIrregularM1MarblewhitePiNADSNOYes MouthHyesPalate,ORAL SQUAMOUS CELL CARCINOMA,TRAUMATICULCER & CARCINOMA IN SITU,REFER TO A SPECIALIST FOR BIOPSY & SYMPTOMATIC TREATMENT,Severe Dysplasia,
IrregularM1M2RedIrregularM1MarblewhiteDarkSNOYes MouthHyesPalate,ORAL SQUAMOUS CELL CARCINOMA,TRAUMATICULCER & CARCINOMA IN SITU,REFER TO A SPECIALIST FOR BIOPSY & SYMPTOMATIC TREATMENT,Severe Dysplasia,
IrregularM1M2WhiteIrregularM1MarblewhitePiNADSharpYes MouthHyesPalate,ORAL SQUAMOUS CELL CARCINOMA,TRAUMATICULCER & CARCINOMA IN SITU,REFER TO A SPECIALIST FOR BIOPSY & SYMPTOMATIC TREATMENT,Severe Dysplasia,
IrregularM1M2WhiteIrregularM1MarblewhiteDarkSharpYes MouthHyesPalate,ORAL SQUAMOUS CELL CARCINOMA,TRAUMATICULCER & CARCINOMA IN SITU,REFER TO A SPECIALIST FOR BIOPSY & SYMPTOMATIC TREATMENT,Severe Dysplasia,
IrregularM1M2WhiteIrregularM1MarblewhitePiNADSNOYes MouthHyesPalate,ORAL SQUAMOUS CELL CARCINOMA,TRAUMATICULCER & CARCINOMA IN SITU,REFER TO A SPECIALIST FOR BIOPSY & SYMPTOMATIC TREATMENT,Severe Dysplasia,
IrregularM1M2WhiteIrregularM1MarblewhiteDarkSNOYes MouthHyesPalate,ORAL SQUAMOUS CELL CARCINOMA,TRAUMATICULCER & CARCINOMA IN SITU,REFER TO A SPECIALIST FOR BIOPSY & SYMPTOMATIC TREATMENT,Severe Dysplasia,
IrregularM1M2RedIrregularM1MarblewhitePiNADSharpYes MouthSmokingPalate,ORAL SQUAMOUS CELL CARCINOMA,TRAUMATICULCER & CARCINOMA IN SITU,REFER TO A SPECIALIST FOR BIOPSY & SYMPTOMATIC TREATMENT,Severe Dysplasia,
IrregularM1M2RedIrregularM1MarblewhiteDarkSharpYes MouthSmokingPalate,ORAL SQUAMOUS CELL CARCINOMA,TRAUMATICULCER & CARCINOMA IN SITU,REFER TO A SPECIALIST FOR BIOPSY & SYMPTOMATIC TREATMENT,Severe Dysplasia,
IrregularM1M2RedIrregularM1MarblewhitePiNADSNOYes MouthSmokingPalate,ORAL SQUAMOUS CELL CARCINOMA,TRAUMATICULCER & CARCINOMA IN SITU,REFER TO A SPECIALIST FOR BIOPSY & SYMPTOMATIC TREATMENT,Severe Dysplasia,
IrregularM1M2RedIrregularM1MarblewhiteDarkSNOYes MouthSmokingPalate,ORAL SQUAMOUS CELL CARCINOMA,TRAUMATICULCER & CARCINOMA IN SITU,REFER TO A SPECIALIST FOR BIOPSY & SYMPTOMATIC TREATMENT,Severe Dysplasia,
IrregularM1M2WhiteIrregularM1MarblewhitePiNADSharpYes MouthSmokingPalate,ORAL SQUAMOUS CELL CARCINOMA,TRAUMATICULCER & CARCINOMA IN SITU,REFER TO A SPECIALIST FOR BIOPSY & SYMPTOMATIC TREATMENT,Severe Dysplasia,
IrregularM1M2WhiteIrregularM1MarblewhiteDarkSharpYes MouthSmokingPalate,ORAL SQUAMOUS CELL CARCINOMA,TRAUMATICULCER & CARCINOMA IN SITU,REFER TO A SPECIALIST FOR BIOPSY & SYMPTOMATIC TREATMENT,Severe Dysplasia,
IrregularM1M2WhiteIrregularM1MarblewhitePiNADSNOYes MouthSmokingPalate,ORAL SQUAMOUS CELL CARCINOMA,TRAUMATICULCER & CARCINOMA IN SITU,REFER TO A SPECIALIST FOR BIOPSY & SYMPTOMATIC TREATMENT,Severe Dysplasia,
IrregularM1M2WhiteIrregularM1MarblewhiteDarkSNOYes MouthSmokingPalate,ORAL SQUAMOUS CELL CARCINOMA,TRAUMATICULCER & CARCINOMA IN SITU,REFER TO A SPECIALIST FOR BIOPSY & SYMPTOMATIC TREATMENT,Severe Dysplasia,
IrregularM1M2RedIrregularM1MarblewhitePiNADSharpYes MouthHyesDorsumtongue,ORAL SQUAMOUS CELL CARCINOMA,TRAUMATICULCER & CARCINOMA IN SITU,REFER TO A SPECIALIST FOR BIOPSY & SYMPTOMATIC TREATMENT,Severe Dysplasia,
IrregularM1M2RedIrregularM1MarblewhiteDarkSharpYes MouthHyesDorsumtongue,ORAL SQUAMOUS CELL CARCINOMA,TRAUMATICULCER & CARCINOMA IN SITU,REFER TO A SPECIALIST FOR BIOPSY & SYMPTOMATIC TREATMENT,Severe Dysplasia,
IrregularM1M2RedIrregularM1MarblewhitePiNADSNOYes MouthHyesDorsumtongue,ORAL SQUAMOUS CELL CARCINOMA,TRAUMATICULCER & CARCINOMA IN SITU,REFER TO A SPECIALIST FOR BIOPSY & SYMPTOMATIC TREATMENT,Severe Dysplasia,
IrregularM1M2RedIrregularM1MarblewhiteDarkSNOYes MouthHyesDorsumtongue,ORAL SQUAMOUS CELL CARCINOMA,TRAUMATICULCER & CARCINOMA IN SITU,REFER TO A SPECIALIST FOR BIOPSY & SYMPTOMATIC TREATMENT,Severe Dysplasia,
IrregularM1M2WhiteIrregularM1MarblewhitePiNADSharpYes MouthHyesDorsumtongue,ORAL SQUAMOUS CELL CARCINOMA,TRAUMATICULCER & CARCINOMA IN SITU,REFER TO A SPECIALIST FOR BIOPSY & SYMPTOMATIC TREATMENT,Severe Dysplasia,
IrregularM1M2WhiteIrregularM1MarblewhiteDarkSharpYes MouthHyesDorsumtongue,ORAL SQUAMOUS CELL CARCINOMA,TRAUMATICULCER & CARCINOMA IN SITU,REFER TO A SPECIALIST FOR BIOPSY & SYMPTOMATIC TREATMENT,Severe Dysplasia,
IrregularM1M2WhiteIrregularM1MarblewhitePiNADSNOYes MouthHyesDorsumtongue,ORAL SQUAMOUS CELL CARCINOMA,TRAUMATICULCER & CARCINOMA IN SITU,REFER TO A SPECIALIST FOR BIOPSY & SYMPTOMATIC TREATMENT,Severe Dysplasia,
IrregularM1M2WhiteIrregularM1MarblewhiteDarkSNOYes MouthHyesDorsumtongue,ORAL SQUAMOUS CELL CARCINOMA,TRAUMATICULCER & CARCINOMA IN SITU,REFER TO A SPECIALIST FOR BIOPSY & SYMPTOMATIC TREATMENT,Severe Dysplasia,
IrregularM1M2RedIrregularM1MarblewhitePiNADSharpYes MouthSmokingDorsumtongue,ORAL SQUAMOUS CELL CARCINOMA,TRAUMATICULCER & CARCINOMA IN SITU,REFER TO A SPECIALIST FOR BIOPSY & SYMPTOMATIC TREATMENT,Severe Dysplasia,
IrregularM1M2RedIrregularM1MarblewhiteDarkSharpYes MouthSmokingDorsumtongue,ORAL SQUAMOUS CELL CARCINOMA,TRAUMATICULCER & CARCINOMA IN SITU,REFER TO A SPECIALIST FOR BIOPSY & SYMPTOMATIC TREATMENT,Severe Dysplasia,
IrregularM1M2RedIrregularM1MarblewhitePiNADSNOYes MouthSmokingDorsumtongue,ORAL SQUAMOUS CELL CARCINOMA,TRAUMATICULCER & CARCINOMA IN SITU,REFER TO A SPECIALIST FOR BIOPSY & SYMPTOMATIC TREATMENT,Severe Dysplasia,
IrregularM1M2RedIrregularM1MarblewhiteDarkSNOYes MouthSmokingDorsumtongue,ORAL SQUAMOUS CELL CARCINOMA,TRAUMATICULCER & CARCINOMA IN SITU,REFER TO A SPECIALIST FOR BIOPSY & SYMPTOMATIC TREATMENT,Severe Dysplasia,
IrregularM1M2WhiteIrregularM1MarblewhitePiNADSharpYes MouthSmokingDorsumtongue,ORAL SQUAMOUS CELL CARCINOMA,TRAUMATICULCER & CARCINOMA IN SITU,REFER TO A SPECIALIST FOR BIOPSY & SYMPTOMATIC TREATMENT,Severe Dysplasia,
IrregularM1M2WhiteIrregularM1MarblewhiteDarkSharpYes MouthSmokingDorsumtongue,ORAL SQUAMOUS CELL CARCINOMA,TRAUMATICULCER & CARCINOMA IN SITU,REFER TO A SPECIALIST FOR BIOPSY & SYMPTOMATIC TREATMENT,Severe Dysplasia,
IrregularM1M2WhiteIrregularM1MarblewhitePiNADSNOYes MouthSmokingDorsumtongue,ORAL SQUAMOUS CELL CARCINOMA,TRAUMATICULCER & CARCINOMA IN SITU,REFER TO A SPECIALIST FOR BIOPSY & SYMPTOMATIC TREATMENT,Severe Dysplasia,
IrregularM1M2WhiteIrregularM1MarblewhiteDarkSNOYes MouthSmokingDorsumtongue,ORAL SQUAMOUS CELL CARCINOMA,TRAUMATICULCER & CARCINOMA IN SITU,REFER TO A SPECIALIST FOR BIOPSY & SYMPTOMATIC TREATMENT,Severe Dysplasia,
UNADRedGNADMNADDarkSNOYesHyesBmucosa,SPECKLEDLEUKOPLAKIA,CANDIDIASIS & CARCINOMA IN SITU,ADVISE SYMPTOMATIC TREATMENT AND FOLLOW UP IS MUST & IF NO CHANGE AFTER 2 WEEKS & ADVISE BIOPSY ,,
UNADRedGNADMNADPiNADSNOYesHyesBmucosa,SPECKLEDLEUKOPLAKIA,CANDIDIASIS & CARCINOMA IN SITU,ADVISE SYMPTOMATIC TREATMENT AND FOLLOW UP IS MUST & IF NO CHANGE AFTER 2 WEEKS & ADVISE BIOPSY ,,
UNADRedGNADMNADDarkSNOYesSmokingBmucosa,SPECKLEDLEUKOPLAKIA,CANDIDIASIS & CARCINOMA IN SITU,ADVISE SYMPTOMATIC TREATMENT AND FOLLOW UP IS MUST & IF NO CHANGE AFTER 2 WEEKS & ADVISE BIOPSY ,,
UNADRedGNADMNADPiNADSNOYesSmokingBmucosa,SPECKLEDLEUKOPLAKIA,CANDIDIASIS & CARCINOMA IN SITU,ADVISE SYMPTOMATIC TREATMENT AND FOLLOW UP IS MUST & IF NO CHANGE AFTER 2 WEEKS & ADVISE BIOPSY ,,
UNADWhiteGNADMNADDarkSNOYesSmokingBmucosa,SPECKLEDLEUKOPLAKIA,CANDIDIASIS & CARCINOMA IN SITU,ADVISE SYMPTOMATIC TREATMENT AND FOLLOW UP IS MUST & IF NO CHANGE AFTER 2 WEEKS & ADVISE BIOPSY ,,
UNADWhiteGNADMNADPiNADSNOYesSmokingBmucosa,SPECKLEDLEUKOPLAKIA,CANDIDIASIS & CARCINOMA IN SITU,ADVISE SYMPTOMATIC TREATMENT AND FOLLOW UP IS MUST & IF NO CHANGE AFTER 2 WEEKS & ADVISE BIOPSY ,,
UNADRedGNADMNADDarkSNOYesHyesMixedareas,SPECKLEDLEUKOPLAKIA,CANDIDIASIS & CARCINOMA IN SITU,ADVISE SYMPTOMATIC TREATMENT AND FOLLOW UP IS MUST & IF NO CHANGE AFTER 2 WEEKS & ADVISE BIOPSY ,,
UNADRedGNADMNADPiNADSNOYesHyesMixedareas,SPECKLEDLEUKOPLAKIA,CANDIDIASIS & CARCINOMA IN SITU,ADVISE SYMPTOMATIC TREATMENT AND FOLLOW UP IS MUST & IF NO CHANGE AFTER 2 WEEKS & ADVISE BIOPSY ,,
UNADRedGNADMNADDarkSNOYesSmokingMixedareas,SPECKLEDLEUKOPLAKIA,CANDIDIASIS & CARCINOMA IN SITU,ADVISE SYMPTOMATIC TREATMENT AND FOLLOW UP IS MUST & IF NO CHANGE AFTER 2 WEEKS & ADVISE BIOPSY ,,
UNADRedGNADMNADPiNADSNOYesSmokingMixedareas,SPECKLEDLEUKOPLAKIA,CANDIDIASIS & CARCINOMA IN SITU,ADVISE SYMPTOMATIC TREATMENT AND FOLLOW UP IS MUST & IF NO CHANGE AFTER 2 WEEKS & ADVISE BIOPSY ,,
UNADWhiteGNADMNADDarkSNOYesSmokingMixedareas,SPECKLEDLEUKOPLAKIA,CANDIDIASIS & CARCINOMA IN SITU,ADVISE SYMPTOMATIC TREATMENT AND FOLLOW UP IS MUST & IF NO CHANGE AFTER 2 WEEKS & ADVISE BIOPSY ,,
UNADWhiteGNADMNADPiNADSNOYesSmokingMixedareas,SPECKLEDLEUKOPLAKIA,CANDIDIASIS & CARCINOMA IN SITU,ADVISE SYMPTOMATIC TREATMENT AND FOLLOW UP IS MUST & IF NO CHANGE AFTER 2 WEEKS & ADVISE BIOPSY ,,
UNADRedGNADMNADDarkSNOYesHyesBsulcus,SPECKLEDLEUKOPLAKIA,CANDIDIASIS & CARCINOMA IN SITU,ADVISE SYMPTOMATIC TREATMENT AND FOLLOW UP IS MUST & IF NO CHANGE AFTER 2 WEEKS & ADVISE BIOPSY ,,
UNADRedGNADMNADPiNADSNOYesHyesBsulcus,SPECKLEDLEUKOPLAKIA,CANDIDIASIS & CARCINOMA IN SITU,ADVISE SYMPTOMATIC TREATMENT AND FOLLOW UP IS MUST & IF NO CHANGE AFTER 2 WEEKS & ADVISE BIOPSY ,,
UNADRedGNADMNADDarkSNOYesSmokingBsulcus,SPECKLEDLEUKOPLAKIA,CANDIDIASIS & CARCINOMA IN SITU,ADVISE SYMPTOMATIC TREATMENT AND FOLLOW UP IS MUST & IF NO CHANGE AFTER 2 WEEKS & ADVISE BIOPSY ,,
UNADRedGNADMNADPiNADSNOYesSmokingBsulcus,SPECKLEDLEUKOPLAKIA,CANDIDIASIS & CARCINOMA IN SITU,ADVISE SYMPTOMATIC TREATMENT AND FOLLOW UP IS MUST & IF NO CHANGE AFTER 2 WEEKS & ADVISE BIOPSY ,,
UNADRedGNADMNADDarkSNOYesHyesPalate,SPECKLEDLEUKOPLAKIA,CANDIDIASIS & CARCINOMA IN SITU,ADVISE SYMPTOMATIC TREATMENT AND FOLLOW UP IS MUST & IF NO CHANGE AFTER 2 WEEKS & ADVISE BIOPSY ,,
UNADRedGNADMNADPiNADSNOYesHyesPalate,SPECKLEDLEUKOPLAKIA,CANDIDIASIS & CARCINOMA IN SITU,ADVISE SYMPTOMATIC TREATMENT AND FOLLOW UP IS MUST & IF NO CHANGE AFTER 2 WEEKS & ADVISE BIOPSY ,,
UNADRedGNADMNADDarkSNOYesSmokingPalate,SPECKLEDLEUKOPLAKIA,CANDIDIASIS & CARCINOMA IN SITU,ADVISE SYMPTOMATIC TREATMENT AND FOLLOW UP IS MUST & IF NO CHANGE AFTER 2 WEEKS & ADVISE BIOPSY ,,
UNADRedGNADMNADPiNADSNOYesSmokingPalate,SPECKLEDLEUKOPLAKIA,CANDIDIASIS & CARCINOMA IN SITU,ADVISE SYMPTOMATIC TREATMENT AND FOLLOW UP IS MUST & IF NO CHANGE AFTER 2 WEEKS & ADVISE BIOPSY ,,
UNADWhiteGNADMNADDarkSNOYesSmokingPalate,SPECKLEDLEUKOPLAKIA,CANDIDIASIS & CARCINOMA IN SITU,ADVISE SYMPTOMATIC TREATMENT AND FOLLOW UP IS MUST & IF NO CHANGE AFTER 2 WEEKS & ADVISE BIOPSY ,,
UNADWhiteGNADMNADPiNADSNOYesSmokingPalate,SPECKLEDLEUKOPLAKIA,CANDIDIASIS & CARCINOMA IN SITU,ADVISE SYMPTOMATIC TREATMENT AND FOLLOW UP IS MUST & IF NO CHANGE AFTER 2 WEEKS & ADVISE BIOPSY ,,
UNADRedGNADMNADDarkSNOYesHyesDorsumtongue,SPECKLEDLEUKOPLAKIA,CANDIDIASIS & CARCINOMA IN SITU,ADVISE SYMPTOMATIC TREATMENT AND FOLLOW UP IS MUST & IF NO CHANGE AFTER 2 WEEKS & ADVISE BIOPSY ,,
UNADRedGNADMNADPiNADSNOYesHyesDorsumtongue,SPECKLEDLEUKOPLAKIA,CANDIDIASIS & CARCINOMA IN SITU,ADVISE SYMPTOMATIC TREATMENT AND FOLLOW UP IS MUST & IF NO CHANGE AFTER 2 WEEKS & ADVISE BIOPSY ,,
UNADRedGNADMNADDarkSNOYesSmokingDorsumtongue,SPECKLEDLEUKOPLAKIA,CANDIDIASIS & CARCINOMA IN SITU,ADVISE SYMPTOMATIC TREATMENT AND FOLLOW UP IS MUST & IF NO CHANGE AFTER 2 WEEKS & ADVISE BIOPSY ,,
UNADRedGNADMNADPiNADSNOYesSmokingDorsumtongue,SPECKLEDLEUKOPLAKIA,CANDIDIASIS & CARCINOMA IN SITU,ADVISE SYMPTOMATIC TREATMENT AND FOLLOW UP IS MUST & IF NO CHANGE AFTER 2 WEEKS & ADVISE BIOPSY ,,
UNADWhiteGNADMNADDarkSNOYesSmokingDorsumtongue,SPECKLEDLEUKOPLAKIA,CANDIDIASIS & CARCINOMA IN SITU,ADVISE SYMPTOMATIC TREATMENT AND FOLLOW UP IS MUST & IF NO CHANGE AFTER 2 WEEKS & ADVISE BIOPSY ,,
UNADWhiteGNADMNADPiNADSNOYesSmokingDorsumtongue,SPECKLEDLEUKOPLAKIA,CANDIDIASIS & CARCINOMA IN SITU,ADVISE SYMPTOMATIC TREATMENT AND FOLLOW UP IS MUST & IF NO CHANGE AFTER 2 WEEKS & ADVISE BIOPSY ,,
UlcerroundPNADGNADMNADPiNADSNONoHnoBmucosa,APTHOUS ULCER,HERPETIC STOMATITIS,SYMPTOMATIC TREATMENT,,
UlcerroundRedGNADMNADPiNADSNONoHnoBmucosa,APTHOUS ULCER,HERPETIC STOMATITIS,SYMPTOMATIC TREATMENT,,
UlcerroundRedGNADMNADPiNADSharpNoHnoBmucosa,APTHOUS ULCER,TRAUMATICULCER ,SYMPTOMATIC TREATMENT & OBSERVE SHARP TEETH,,
UlcerroundPNADGNADMNADPiNADSharpNoHnoBmucosa,APTHOUS ULCER,TRAUMATICULCER ,SYMPTOMATIC TREATMENT & OBSERVE SHARP TEETH,,
UlcerroundWhiteGNADMNADPiNADSharpNoHnoBmucosa,APTHOUS ULCER,TRAUMATICULCER & CANDIDIASIS,SYMPTOMATIC TREATMENT & OBSERVE SHARP TEETH,,
UlcerroundPNADGNADMNADPiNADSNONoHnoMixedareas,APTHOUS ULCER,HERPETIC STOMATITIS,SYMPTOMATIC TREATMENT,,
UlcerroundRedGNADMNADPiNADSNONoHnoMixedareas,APTHOUS ULCER,HERPETIC STOMATITIS,SYMPTOMATIC TREATMENT,,
UlcerroundRedGNADMNADPiNADSharpNoHnoMixedareas,APTHOUS ULCER,TRAUMATICULCER ,SYMPTOMATIC TREATMENT & OBSERVE SHARP TEETH,,
UlcerroundPNADGNADMNADPiNADSharpNoHnoMixedareas,APTHOUS ULCER,TRAUMATICULCER ,SYMPTOMATIC TREATMENT & OBSERVE SHARP TEETH,,
UlcerroundWhiteGNADMNADPiNADSharpNoHnoMixedareas,APTHOUS ULCER,TRAUMATICULCER & CANDIDIASIS,SYMPTOMATIC TREATMENT & OBSERVE SHARP TEETH,,
UlcerroundPNADGNADMNADPiNADSNONoHnoBsulcus,APTHOUS ULCER,HERPETIC STOMATITIS,SYMPTOMATIC TREATMENT,,
UlcerroundRedGNADMNADPiNADSNONoHnoBsulcus,APTHOUS ULCER,HERPETIC STOMATITIS,SYMPTOMATIC TREATMENT,,
UlcerroundRedGNADMNADPiNADSharpNoHnoBsulcus,APTHOUS ULCER,TRAUMATICULCER ,SYMPTOMATIC TREATMENT & OBSERVE SHARP TEETH,,
UlcerroundPNADGNADMNADPiNADSharpNoHnoBsulcus,APTHOUS ULCER,TRAUMATICULCER ,SYMPTOMATIC TREATMENT & OBSERVE SHARP TEETH,,
UlcerroundWhiteGNADMNADPiNADSharpNoHnoBsulcus,APTHOUS ULCER,TRAUMATICULCER & CANDIDIASIS,SYMPTOMATIC TREATMENT & OBSERVE SHARP TEETH,,
UlcerroundPNADGNADMNADPiNADSNONoHnoPalate,APTHOUS ULCER,HERPETIC STOMATITIS,SYMPTOMATIC TREATMENT,,
UlcerroundRedGNADMNADPiNADSNONoHnoPalate,APTHOUS ULCER,HERPETIC STOMATITIS,SYMPTOMATIC TREATMENT,,
UlcerroundRedGNADMNADPiNADSharpNoHnoPalate,APTHOUS ULCER,TRAUMATICULCER ,SYMPTOMATIC TREATMENT & OBSERVE SHARP TEETH,,
UlcerroundPNADGNADMNADPiNADSharpNoHnoPalate,APTHOUS ULCER,TRAUMATICULCER ,SYMPTOMATIC TREATMENT & OBSERVE SHARP TEETH,,
UlcerroundWhiteGNADMNADPiNADSharpNoHnoPalate,APTHOUS ULCER,TRAUMATICULCER & CANDIDIASIS,SYMPTOMATIC TREATMENT & OBSERVE SHARP TEETH,,
UlcerroundPNADGNADMNADPiNADSNONoHnoDorsumtongue,APTHOUS ULCER,HERPETIC STOMATITIS,SYMPTOMATIC TREATMENT,,
UlcerroundRedGNADMNADPiNADSNONoHnoDorsumtongue,APTHOUS ULCER,HERPETIC STOMATITIS,SYMPTOMATIC TREATMENT,,
UlcerroundRedGNADMNADPiNADSharpNoHnoDorsumtongue,APTHOUS ULCER,TRAUMATICULCER ,SYMPTOMATIC TREATMENT & OBSERVE SHARP TEETH,,
UlcerroundPNADGNADMNADPiNADSharpNoHnoDorsumtongue,APTHOUS ULCER,TRAUMATICULCER ,SYMPTOMATIC TREATMENT & OBSERVE SHARP TEETH,,
UlcerroundWhiteGNADMNADPiNADSharpNoHnoDorsumtongue,APTHOUS ULCER,TRAUMATICULCER & CANDIDIASIS,SYMPTOMATIC TREATMENT & OBSERVE SHARP TEETH,,
UNADWhiteGNADMNADPiNADSNONoHnoMixedareas,CANDIDASIS,FRICTIONAL KERATOSIS & LEUKOPLAKIA,SYMPTOMATIC TREATMENT & FOLLOW UP IS NEEDED,,
UNADWhiteGNADMNADPiNADSNONoHnoBsulcus,CANDIDASIS,FRICTIONAL KERATOSIS & LEUKOPLAKIA,SYMPTOMATIC TREATMENT & FOLLOW UP IS NEEDED,,
UNADWhiteGNADMNADPiNADSNONoHnoPalate,CANDIDASIS,FRICTIONAL KERATOSIS & LEUKOPLAKIA,SYMPTOMATIC TREATMENT & FOLLOW UP IS NEEDED,,
UNADWhiteGNADMNADPiNADSNONoHnoDorsumtongue,GEOGRAPHIC TONGUE,CANDIDIASIS & FISSURED TONGUE,SYMPTOMATIC TREATMENT & OBSERVE TWO WEEKS,,
UNADWhiteGNADMNADDarkSNONoHnoDorsumtongue,GEOGRAPHIC TONGUE,CANDIDIASIS & FISSURED TONGUE,SYMPTOMATIC TREATMENT & OBSERVE TWO WEEKS,,
UNADRedwhiteGNADMNADPiNADSNONoHnoDorsumtongue,GEOGRAPHIC TONGUE,CANDIDIASIS & FISSURED TONGUE,SYMPTOMATIC TREATMENT & OBSERVE TWO WEEKS,,
UNADRedwhiteGNADMNADDarkSNONoHnoDorsumtongue,GEOGRAPHIC TONGUE,CANDIDIASIS & FISSURED TONGUE,SYMPTOMATIC TREATMENT & OBSERVE TWO WEEKS,,
UNADWhiteGNADMNADDarkSNONoHyesBsulcus,TOBACCO POUCH KERATOSIS,ORALLEUKOPLAKIA & SMOKER'S MELANOSIS,SYMPTOMATIC TREATMENT & FOLLOW UP IS NEEDED & ,,
UNADWhiteGNADMNADDarkSNONoSmokingBsulcus,TOBACCO POUCH KERATOSIS,ORALLEUKOPLAKIA & SMOKER'S MELANOSIS,SYMPTOMATIC TREATMENT & FOLLOW UP IS NEEDED & ,,
UNADWhiteGNADMNADPiNADSharpNoHnoBmucosa,FRICTIONAL KERATOSIS,ORALLEUKOPLAKIA,SYMPTOMATIC TREATMENT & OBSERVE SHARP TEETH &REFER TO A SPECIALIST IF NO CHANGE AFTER TWO WEEKS,,
UNADWhiteGNADMNADPiNADSharpNoHnoMixedareas,FRICTIONAL KERATOSIS,ORALLEUKOPLAKIA,SYMPTOMATIC TREATMENT & OBSERVE SHARP TEETH &REFER TO A SPECIALIST IF NO CHANGE AFTER TWO WEEKS,,
UNADWhiteGNADMNADPiNADSharpNoHnoBsulcus,FRICTIONAL KERATOSIS,ORALLEUKOPLAKIA,SYMPTOMATIC TREATMENT & OBSERVE SHARP TEETH &REFER TO A SPECIALIST IF NO CHANGE AFTER TWO WEEKS,,
UNADWhiteGNADMNADPiNADSharpNoHnoPalate,FRICTIONAL KERATOSIS,ORALLEUKOPLAKIA,SYMPTOMATIC TREATMENT & OBSERVE SHARP TEETH &REFER TO A SPECIALIST IF NO CHANGE AFTER TWO WEEKS,,
UNADWhiteGNADMNADPiNADSharpNoHnoDorsumtongue,FRICTIONAL KERATOSIS,ORALLEUKOPLAKIA,SYMPTOMATIC TREATMENT & OBSERVE SHARP TEETH &REFER TO A SPECIALIST IF NO CHANGE AFTER TWO WEEKS,,
,,,,,
,,,,,
,,,,,
,,,,,
,,,,,
UNADWhiteGNADMNADPiNADSNONoHyesBmucosa,ORALLEUKOPLAKIA,CANDIDIASIS ,SYMPTOMATIC TREATMENT & STOP THE HABIT & REFER TO A SPECIALIST,,
UNADWhiteGNADMNADDarkSNONoHyesBmucosa,ORALLEUKOPLAKIA,CANDIDIASIS & MELANIN PIGMENTATION,SYMPTOMATIC TREATMENT & STOP THE HABIT & REFER TO A SPECIALIST,,
UNADWhiteGNADMNADPiNADSNONoHyesMixedareas,ORALLEUKOPLAKIA,CANDIDIASIS ,SYMPTOMATIC TREATMENT & STOP THE HABIT & REFER TO A SPECIALIST,,
UNADWhiteGNADMNADDarkSNONoHyesMixedareas,ORALLEUKOPLAKIA,CANDIDIASIS & MELANIN PIGMENTATION,SYMPTOMATIC TREATMENT & STOP THE HABIT & REFER TO A SPECIALIST,,
,,,,,
UNADWhiteGNADMNADPiNADSNONoHyesPalate,ORALLEUKOPLAKIA,CANDIDIASIS ,SYMPTOMATIC TREATMENT & STOP THE HABIT & REFER TO A SPECIALIST,,
UNADWhiteGNADMNADDarkSNONoHyesPalate,ORALLEUKOPLAKIA,CANDIDIASIS & MELANIN PIGMENTATION,SYMPTOMATIC TREATMENT & STOP THE HABIT & REFER TO A SPECIALIST,,
UNADWhiteGNADMNADPiNADSNONoHyesDorsumtongue,ORALLEUKOPLAKIA,CANDIDIASIS ,SYMPTOMATIC TREATMENT & STOP THE HABIT & REFER TO A SPECIALIST,,
UNADWhiteGNADMNADDarkSNONoHyesDorsumtongue,ORALLEUKOPLAKIA,CANDIDIASIS & MELANIN PIGMENTATION,SYMPTOMATIC TREATMENT & STOP THE HABIT & REFER TO A SPECIALIST,,
UNADWhiteGNADMNADPiNADSNONoHyesBsulcus,ORAL LEKOPLAKIA,TOBACCO POUCH KERATOSIS,SYMPTOMATIC TREATMENT & STOP THE HABIT & REFER TO A SPECIALIST,,
UNADWhiteGNADMNADPiNADSNONoSmokingBsulcus,ORAL LEKOPLAKIA,TOBACCO POUCH KERATOSIS,SYMPTOMATIC TREATMENT & STOP THE HABIT & REFER TO A SPECIALIST,,
UNADWhiteIrregularL1MNADPiNADSNONoHyesBmucosa,VERRUCOUSLEUKOPLAKIA,VERRUCOUS CARCINOMA & CARCINOMA IN SITU,SYMPTOMATIC TREATMENT AND TO STOP THE HABIT & FOLLOW UP IS MUST & REFER TO SPECIALIST FOR BIOPSY,,
UNADWhiteIrregularM1MNADPiNADSNONoHyesBmucosa,VERRUCOUSLEUKOPLAKIA,VERRUCOUS CARCINOMA & ORAL SQUAMOUS CELL CARCINOMA,SYMPTOMATIC TREATMENT AND TO STOP THE HABIT & FOLLOW UP IS MUST & REFER TO SPECIALIST FOR BIOPSY,,
UNADWhiteIrregularL1MNADPiNADSNONoSmokingBmucosa,VERRUCOUSLEUKOPLAKIA,VERRUCOUS CARCINOMA & CARCINOMA IN SITU,SYMPTOMATIC TREATMENT AND TO STOP THE HABIT & FOLLOW UP IS MUST & REFER TO SPECIALIST FOR BIOPSY,,
UNADWhiteIrregularM1MNADPiNADSNONoSmokingBmucosa,VERRUCOUSLEUKOPLAKIA,VERRUCOUS CARCINOMA & ORAL SQUAMOUS CELL CARCINOMA,SYMPTOMATIC TREATMENT AND TO STOP THE HABIT & FOLLOW UP IS MUST & REFER TO SPECIALIST FOR BIOPSY,,
UNADWhiteIrregularL1MNADPiNADSNONoHyesMixedareas,VERRUCOUSLEUKOPLAKIA,VERRUCOUS CARCINOMA & CARCINOMA IN SITU,SYMPTOMATIC TREATMENT AND TO STOP THE HABIT & FOLLOW UP IS MUST & REFER TO SPECIALIST FOR BIOPSY,,
UNADWhiteIrregularM1MNADPiNADSNONoHyesMixedareas,VERRUCOUSLEUKOPLAKIA,VERRUCOUS CARCINOMA & ORAL SQUAMOUS CELL CARCINOMA,SYMPTOMATIC TREATMENT AND TO STOP THE HABIT & FOLLOW UP IS MUST & REFER TO SPECIALIST FOR BIOPSY,,
UNADWhiteIrregularL1MNADPiNADSNONoSmokingMixedareas,VERRUCOUSLEUKOPLAKIA,VERRUCOUS CARCINOMA & CARCINOMA IN SITU,SYMPTOMATIC TREATMENT AND TO STOP THE HABIT & FOLLOW UP IS MUST & REFER TO SPECIALIST FOR BIOPSY,,
UNADWhiteIrregularM1MNADPiNADSNONoSmokingMixedareas,VERRUCOUSLEUKOPLAKIA,VERRUCOUS CARCINOMA & ORAL SQUAMOUS CELL CARCINOMA,SYMPTOMATIC TREATMENT AND TO STOP THE HABIT & FOLLOW UP IS MUST & REFER TO SPECIALIST FOR BIOPSY,,
UNADWhiteIrregularL1MNADPiNADSNONoHyesBsulcus,VERRUCOUSLEUKOPLAKIA,VERRUCOUS CARCINOMA & CARCINOMA IN SITU,SYMPTOMATIC TREATMENT AND TO STOP THE HABIT & FOLLOW UP IS MUST & REFER TO SPECIALIST FOR BIOPSY,,
UNADWhiteIrregularM1MNADPiNADSNONoHyesBsulcus,VERRUCOUSLEUKOPLAKIA,VERRUCOUS CARCINOMA & ORAL SQUAMOUS CELL CARCINOMA,SYMPTOMATIC TREATMENT AND TO STOP THE HABIT & FOLLOW UP IS MUST & REFER TO SPECIALIST FOR BIOPSY,,
UNADWhiteIrregularL1MNADPiNADSNONoSmokingBsulcus,VERRUCOUSLEUKOPLAKIA,VERRUCOUS CARCINOMA & CARCINOMA IN SITU,SYMPTOMATIC TREATMENT AND TO STOP THE HABIT & FOLLOW UP IS MUST & REFER TO SPECIALIST FOR BIOPSY,,
UNADWhiteIrregularM1MNADPiNADSNONoSmokingBsulcus,VERRUCOUSLEUKOPLAKIA,VERRUCOUS CARCINOMA & ORAL SQUAMOUS CELL CARCINOMA,SYMPTOMATIC TREATMENT AND TO STOP THE HABIT & FOLLOW UP IS MUST & REFER TO SPECIALIST FOR BIOPSY,,
UNADWhiteIrregularL1MNADPiNADSNONoHyesPalate,VERRUCOUSLEUKOPLAKIA,VERRUCOUS CARCINOMA & CARCINOMA IN SITU,SYMPTOMATIC TREATMENT AND TO STOP THE HABIT & FOLLOW UP IS MUST & REFER TO SPECIALIST FOR BIOPSY,,
UNADWhiteIrregularM1MNADPiNADSNONoHyesPalate,VERRUCOUSLEUKOPLAKIA,VERRUCOUS CARCINOMA & ORAL SQUAMOUS CELL CARCINOMA,SYMPTOMATIC TREATMENT AND TO STOP THE HABIT & FOLLOW UP IS MUST & REFER TO SPECIALIST FOR BIOPSY,,
UNADWhiteIrregularL1MNADPiNADSNONoSmokingPalate,VERRUCOUSLEUKOPLAKIA,VERRUCOUS CARCINOMA & CARCINOMA IN SITU,SYMPTOMATIC TREATMENT AND TO STOP THE HABIT & FOLLOW UP IS MUST & REFER TO SPECIALIST FOR BIOPSY,,
UNADWhiteIrregularM1MNADPiNADSNONoSmokingPalate,VERRUCOUSLEUKOPLAKIA,VERRUCOUS CARCINOMA & ORAL SQUAMOUS CELL CARCINOMA,SYMPTOMATIC TREATMENT AND TO STOP THE HABIT & FOLLOW UP IS MUST & REFER TO SPECIALIST FOR BIOPSY,,
UNADWhiteIrregularL1MNADPiNADSNONoHyesDorsumtongue,VERRUCOUSLEUKOPLAKIA,VERRUCOUS CARCINOMA & CARCINOMA IN SITU,SYMPTOMATIC TREATMENT AND TO STOP THE HABIT & FOLLOW UP IS MUST & REFER TO SPECIALIST FOR BIOPSY,,
UNADWhiteIrregularM1MNADPiNADSNONoHyesDorsumtongue,VERRUCOUSLEUKOPLAKIA,VERRUCOUS CARCINOMA & ORAL SQUAMOUS CELL CARCINOMA,SYMPTOMATIC TREATMENT AND TO STOP THE HABIT & FOLLOW UP IS MUST & REFER TO SPECIALIST FOR BIOPSY,,
UNADWhiteIrregularL1MNADPiNADSNONoSmokingDorsumtongue,VERRUCOUSLEUKOPLAKIA,VERRUCOUS CARCINOMA & CARCINOMA IN SITU,SYMPTOMATIC TREATMENT AND TO STOP THE HABIT & FOLLOW UP IS MUST & REFER TO SPECIALIST FOR BIOPSY,,
UNADWhiteIrregularM1MNADPiNADSNONoSmokingDorsumtongue,VERRUCOUSLEUKOPLAKIA,VERRUCOUS CARCINOMA & ORAL SQUAMOUS CELL CARCINOMA,SYMPTOMATIC TREATMENT AND TO STOP THE HABIT & FOLLOW UP IS MUST & REFER TO SPECIALIST FOR BIOPSY,,
UNADRedGNADMarblewhiteDarkSharpNoHyesBmucosa,OSMF,BURNING MOUTH SYNDROME,SYMPTOMATIC TREATMENT & FOLLOW UP IS MUST & REFER TO A SPECIALIST,,
UNADRedGNADMarblewhiteDarkSNONoHyesBmucosa,OSMF,BURNING MOUTH SYNDROME,SYMPTOMATIC TREATMENT & FOLLOW UP IS MUST & REFER TO A SPECIALIST,,
UNADRedGNADMarblewhitePiNADSharpNoHyesBmucosa,OSMF,BURNING MOUTH SYNDROME,SYMPTOMATIC TREATMENT & FOLLOW UP IS MUST & REFER TO A SPECIALIST,,
UNADRedGNADMarblewhitePiNADSNONoHyesBmucosa,OSMF,BURNING MOUTH SYNDROME,SYMPTOMATIC TREATMENT & FOLLOW UP IS MUST & REFER TO A SPECIALIST,,
UlcerroundRedGNADMarblewhiteDarkSharpNoHyesBmucosa,OSMF,BURNING MOUTH SYNDROME,SYMPTOMATIC TREATMENT & FOLLOW UP IS MUST & REFER TO A SPECIALIST,,
UlcerroundRedGNADMarblewhiteDarkSNONoHyesBmucosa,OSMF,BURNING MOUTH SYNDROME,SYMPTOMATIC TREATMENT & FOLLOW UP IS MUST & REFER TO A SPECIALIST,,
UlcerroundRedGNADMarblewhitePiNADSharpNoHyesBmucosa,OSMF,BURNING MOUTH SYNDROME,SYMPTOMATIC TREATMENT & FOLLOW UP IS MUST & REFER TO A SPECIALIST,,
UlcerroundRedGNADMarblewhitePiNADSNONoHyesBmucosa,OSMF,BURNING MOUTH SYNDROME,SYMPTOMATIC TREATMENT & FOLLOW UP IS MUST & REFER TO A SPECIALIST,,
UNADWhiteGNADMarblewhiteDarkSharpNoHyesBmucosa,OSMF,BURNING MOUTH SYNDROME,SYMPTOMATIC TREATMENT & FOLLOW UP IS MUST & REFER TO A SPECIALIST,,
UNADWhiteGNADMarblewhiteDarkSNONoHyesBmucosa,OSMF,BURNING MOUTH SYNDROME,SYMPTOMATIC TREATMENT & FOLLOW UP IS MUST & REFER TO A SPECIALIST,,
UNADWhiteGNADMarblewhitePiNADSharpNoHyesBmucosa,OSMF,BURNING MOUTH SYNDROME,SYMPTOMATIC TREATMENT & FOLLOW UP IS MUST & REFER TO A SPECIALIST,,
UNADWhiteGNADMarblewhitePiNADSNONoHyesBmucosa,OSMF,BURNING MOUTH SYNDROME,SYMPTOMATIC TREATMENT & FOLLOW UP IS MUST & REFER TO A SPECIALIST,,
UlcerroundWhiteGNADMarblewhiteDarkSharpNoHyesBmucosa,OSMF,BURNING MOUTH SYNDROME,SYMPTOMATIC TREATMENT & FOLLOW UP IS MUST & REFER TO A SPECIALIST,,
UlcerroundWhiteGNADMarblewhiteDarkSNONoHyesBmucosa,OSMF,BURNING MOUTH SYNDROME,SYMPTOMATIC TREATMENT & FOLLOW UP IS MUST & REFER TO A SPECIALIST,,
UlcerroundWhiteGNADMarblewhitePiNADSharpNoHyesBmucosa,OSMF,BURNING MOUTH SYNDROME,SYMPTOMATIC TREATMENT & FOLLOW UP IS MUST & REFER TO A SPECIALIST,,
UlcerroundWhiteGNADMarblewhitePiNADSNONoHyesBmucosa,OSMF,BURNING MOUTH SYNDROME,SYMPTOMATIC TREATMENT & FOLLOW UP IS MUST & REFER TO A SPECIALIST,,
UNADRedGNADMarblewhiteDarkSharpNoSmokingBmucosa,OSMF,BURNING MOUTH SYNDROME,SYMPTOMATIC TREATMENT & FOLLOW UP IS MUST & REFER TO A SPECIALIST,,
UNADRedGNADMarblewhiteDarkSNONoSmokingBmucosa,OSMF,BURNING MOUTH SYNDROME,SYMPTOMATIC TREATMENT & FOLLOW UP IS MUST & REFER TO A SPECIALIST,,
UNADRedGNADMarblewhitePiNADSharpNoSmokingBmucosa,OSMF,BURNING MOUTH SYNDROME,SYMPTOMATIC TREATMENT & FOLLOW UP IS MUST & REFER TO A SPECIALIST,,
UNADRedGNADMarblewhitePiNADSNONoSmokingBmucosa,OSMF,BURNING MOUTH SYNDROME,SYMPTOMATIC TREATMENT & FOLLOW UP IS MUST & REFER TO A SPECIALIST,,
UlcerroundRedGNADMarblewhiteDarkSharpNoSmokingBmucosa,OSMF,BURNING MOUTH SYNDROME,SYMPTOMATIC TREATMENT & FOLLOW UP IS MUST & REFER TO A SPECIALIST,,
UlcerroundRedGNADMarblewhiteDarkSNONoSmokingBmucosa,OSMF,BURNING MOUTH SYNDROME,SYMPTOMATIC TREATMENT & FOLLOW UP IS MUST & REFER TO A SPECIALIST,,
UlcerroundRedGNADMarblewhitePiNADSharpNoSmokingBmucosa,OSMF,BURNING MOUTH SYNDROME,SYMPTOMATIC TREATMENT & FOLLOW UP IS MUST & REFER TO A SPECIALIST,,
UlcerroundRedGNADMarblewhitePiNADSNONoSmokingBmucosa,OSMF,BURNING MOUTH SYNDROME,SYMPTOMATIC TREATMENT & FOLLOW UP IS MUST & REFER TO A SPECIALIST,,
UNADWhiteGNADMarblewhiteDarkSharpNoSmokingBmucosa,OSMF,BURNING MOUTH SYNDROME,SYMPTOMATIC TREATMENT & FOLLOW UP IS MUST & REFER TO A SPECIALIST,,
UNADWhiteGNADMarblewhiteDarkSNONoSmokingBmucosa,OSMF,BURNING MOUTH SYNDROME,SYMPTOMATIC TREATMENT & FOLLOW UP IS MUST & REFER TO A SPECIALIST,,
UNADWhiteGNADMarblewhitePiNADSharpNoSmokingBmucosa,OSMF,BURNING MOUTH SYNDROME,SYMPTOMATIC TREATMENT & FOLLOW UP IS MUST & REFER TO A SPECIALIST,,
UNADWhiteGNADMarblewhitePiNADSNONoSmokingBmucosa,OSMF,BURNING MOUTH SYNDROME,SYMPTOMATIC TREATMENT & FOLLOW UP IS MUST & REFER TO A SPECIALIST,,
UlcerroundWhiteGNADMarblewhiteDarkSharpNoSmokingBmucosa,OSMF,BURNING MOUTH SYNDROME,SYMPTOMATIC TREATMENT & FOLLOW UP IS MUST & REFER TO A SPECIALIST,,
UlcerroundWhiteGNADMarblewhiteDarkSNONoSmokingBmucosa,OSMF,BURNING MOUTH SYNDROME,SYMPTOMATIC TREATMENT & FOLLOW UP IS MUST & REFER TO A SPECIALIST,,
UlcerroundWhiteGNADMarblewhitePiNADSharpNoSmokingBmucosa,OSMF,BURNING MOUTH SYNDROME,SYMPTOMATIC TREATMENT & FOLLOW UP IS MUST & REFER TO A SPECIALIST,,
UlcerroundWhiteGNADMarblewhitePiNADSNONoSmokingBmucosa,OSMF,BURNING MOUTH SYNDROME,SYMPTOMATIC TREATMENT & FOLLOW UP IS MUST & REFER TO A SPECIALIST,,
UNADRedGNADMarblewhiteDarkSharpNoHyesMixedareas,OSMF,BURNING MOUTH SYNDROME,SYMPTOMATIC TREATMENT & FOLLOW UP IS MUST & REFER TO A SPECIALIST,,
UNADRedGNADMarblewhiteDarkSNONoHyesMixedareas,OSMF,BURNING MOUTH SYNDROME,SYMPTOMATIC TREATMENT & FOLLOW UP IS MUST & REFER TO A SPECIALIST,,
UNADRedGNADMarblewhitePiNADSharpNoHyesMixedareas,OSMF,BURNING MOUTH SYNDROME,SYMPTOMATIC TREATMENT & FOLLOW UP IS MUST & REFER TO A SPECIALIST,,
UNADRedGNADMarblewhitePiNADSNONoHyesMixedareas,OSMF,BURNING MOUTH SYNDROME,SYMPTOMATIC TREATMENT & FOLLOW UP IS MUST & REFER TO A SPECIALIST,,
UlcerroundRedGNADMarblewhiteDarkSharpNoHyesMixedareas,OSMF,BURNING MOUTH SYNDROME,SYMPTOMATIC TREATMENT & FOLLOW UP IS MUST & REFER TO A SPECIALIST,,
UlcerroundRedGNADMarblewhiteDarkSNONoHyesMixedareas,OSMF,BURNING MOUTH SYNDROME,SYMPTOMATIC TREATMENT & FOLLOW UP IS MUST & REFER TO A SPECIALIST,,
UlcerroundRedGNADMarblewhitePiNADSharpNoHyesMixedareas,OSMF,BURNING MOUTH SYNDROME,SYMPTOMATIC TREATMENT & FOLLOW UP IS MUST & REFER TO A SPECIALIST,,
UlcerroundRedGNADMarblewhitePiNADSNONoHyesMixedareas,OSMF,BURNING MOUTH SYNDROME,SYMPTOMATIC TREATMENT & FOLLOW UP IS MUST & REFER TO A SPECIALIST,,
UNADWhiteGNADMarblewhiteDarkSharpNoHyesMixedareas,OSMF,BURNING MOUTH SYNDROME,SYMPTOMATIC TREATMENT & FOLLOW UP IS MUST & REFER TO A SPECIALIST,,
UNADWhiteGNADMarblewhiteDarkSNONoHyesMixedareas,OSMF,BURNING MOUTH SYNDROME,SYMPTOMATIC TREATMENT & FOLLOW UP IS MUST & REFER TO A SPECIALIST,,
UNADWhiteGNADMarblewhitePiNADSharpNoHyesMixedareas,OSMF,BURNING MOUTH SYNDROME,SYMPTOMATIC TREATMENT & FOLLOW UP IS MUST & REFER TO A SPECIALIST,,
UNADWhiteGNADMarblewhitePiNADSNONoHyesMixedareas,OSMF,BURNING MOUTH SYNDROME,SYMPTOMATIC TREATMENT & FOLLOW UP IS MUST & REFER TO A SPECIALIST,,
UlcerroundWhiteGNADMarblewhiteDarkSharpNoHyesMixedareas,OSMF,BURNING MOUTH SYNDROME,SYMPTOMATIC TREATMENT & FOLLOW UP IS MUST & REFER TO A SPECIALIST,,
UlcerroundWhiteGNADMarblewhiteDarkSNONoHyesMixedareas,OSMF,BURNING MOUTH SYNDROME,SYMPTOMATIC TREATMENT & FOLLOW UP IS MUST & REFER TO A SPECIALIST,,
UlcerroundWhiteGNADMarblewhitePiNADSharpNoHyesMixedareas,OSMF,BURNING MOUTH SYNDROME,SYMPTOMATIC TREATMENT & FOLLOW UP IS MUST & REFER TO A SPECIALIST,,
UlcerroundWhiteGNADMarblewhitePiNADSNONoHyesMixedareas,OSMF,BURNING MOUTH SYNDROME,SYMPTOMATIC TREATMENT & FOLLOW UP IS MUST & REFER TO A SPECIALIST,,
UNADRedGNADMarblewhiteDarkSharpNoSmokingMixedareas,OSMF,BURNING MOUTH SYNDROME,SYMPTOMATIC TREATMENT & FOLLOW UP IS MUST & REFER TO A SPECIALIST,,
UNADRedGNADMarblewhiteDarkSNONoSmokingMixedareas,OSMF,BURNING MOUTH SYNDROME,SYMPTOMATIC TREATMENT & FOLLOW UP IS MUST & REFER TO A SPECIALIST,,
UNADRedGNADMarblewhitePiNADSharpNoSmokingMixedareas,OSMF,BURNING MOUTH SYNDROME,SYMPTOMATIC TREATMENT & FOLLOW UP IS MUST & REFER TO A SPECIALIST,,
UNADRedGNADMarblewhitePiNADSNONoSmokingMixedareas,OSMF,BURNING MOUTH SYNDROME,SYMPTOMATIC TREATMENT & FOLLOW UP IS MUST & REFER TO A SPECIALIST,,
UlcerroundRedGNADMarblewhiteDarkSharpNoSmokingMixedareas,OSMF,BURNING MOUTH SYNDROME,SYMPTOMATIC TREATMENT & FOLLOW UP IS MUST & REFER TO A SPECIALIST,,
UlcerroundRedGNADMarblewhiteDarkSNONoSmokingMixedareas,OSMF,BURNING MOUTH SYNDROME,SYMPTOMATIC TREATMENT & FOLLOW UP IS MUST & REFER TO A SPECIALIST,,
UlcerroundRedGNADMarblewhitePiNADSharpNoSmokingMixedareas,OSMF,BURNING MOUTH SYNDROME,SYMPTOMATIC TREATMENT & FOLLOW UP IS MUST & REFER TO A SPECIALIST,,
UlcerroundRedGNADMarblewhitePiNADSNONoSmokingMixedareas,OSMF,BURNING MOUTH SYNDROME,SYMPTOMATIC TREATMENT & FOLLOW UP IS MUST & REFER TO A SPECIALIST,,
UNADWhiteGNADMarblewhiteDarkSharpNoSmokingMixedareas,OSMF,BURNING MOUTH SYNDROME,SYMPTOMATIC TREATMENT & FOLLOW UP IS MUST & REFER TO A SPECIALIST,,
UNADWhiteGNADMarblewhiteDarkSNONoSmokingMixedareas,OSMF,BURNING MOUTH SYNDROME,SYMPTOMATIC TREATMENT & FOLLOW UP IS MUST & REFER TO A SPECIALIST,,
UNADWhiteGNADMarblewhitePiNADSharpNoSmokingMixedareas,OSMF,BURNING MOUTH SYNDROME,SYMPTOMATIC TREATMENT & FOLLOW UP IS MUST & REFER TO A SPECIALIST,,
UNADWhiteGNADMarblewhitePiNADSNONoSmokingMixedareas,OSMF,BURNING MOUTH SYNDROME,SYMPTOMATIC TREATMENT & FOLLOW UP IS MUST & REFER TO A SPECIALIST,,
UlcerroundWhiteGNADMarblewhiteDarkSharpNoSmokingMixedareas,OSMF,BURNING MOUTH SYNDROME,SYMPTOMATIC TREATMENT & FOLLOW UP IS MUST & REFER TO A SPECIALIST,,
UlcerroundWhiteGNADMarblewhiteDarkSNONoSmokingMixedareas,OSMF,BURNING MOUTH SYNDROME,SYMPTOMATIC TREATMENT & FOLLOW UP IS MUST & REFER TO A SPECIALIST,,
UlcerroundWhiteGNADMarblewhitePiNADSharpNoSmokingMixedareas,OSMF,BURNING MOUTH SYNDROME,SYMPTOMATIC TREATMENT & FOLLOW UP IS MUST & REFER TO A SPECIALIST,,
UlcerroundWhiteGNADMarblewhitePiNADSNONoSmokingMixedareas,OSMF,BURNING MOUTH SYNDROME,SYMPTOMATIC TREATMENT & FOLLOW UP IS MUST & REFER TO A SPECIALIST,,
UNADRedGNADMarblewhiteDarkSharpNoHyesPalate,OSMF,BURNING MOUTH SYNDROME,SYMPTOMATIC TREATMENT & FOLLOW UP IS MUST & REFER TO A SPECIALIST,,
UNADRedGNADMarblewhiteDarkSNONoHyesPalate,OSMF,BURNING MOUTH SYNDROME,SYMPTOMATIC TREATMENT & FOLLOW UP IS MUST & REFER TO A SPECIALIST,,
UNADRedGNADMarblewhitePiNADSharpNoHyesPalate,OSMF,BURNING MOUTH SYNDROME,SYMPTOMATIC TREATMENT & FOLLOW UP IS MUST & REFER TO A SPECIALIST,,
UNADRedGNADMarblewhitePiNADSNONoHyesPalate,OSMF,BURNING MOUTH SYNDROME,SYMPTOMATIC TREATMENT & FOLLOW UP IS MUST & REFER TO A SPECIALIST,,
UlcerroundRedGNADMarblewhiteDarkSharpNoHyesPalate,OSMF,BURNING MOUTH SYNDROME,SYMPTOMATIC TREATMENT & FOLLOW UP IS MUST & REFER TO A SPECIALIST,,
UlcerroundRedGNADMarblewhiteDarkSNONoHyesPalate,OSMF,BURNING MOUTH SYNDROME,SYMPTOMATIC TREATMENT & FOLLOW UP IS MUST & REFER TO A SPECIALIST,,
UlcerroundRedGNADMarblewhitePiNADSharpNoHyesPalate,OSMF,BURNING MOUTH SYNDROME,SYMPTOMATIC TREATMENT & FOLLOW UP IS MUST & REFER TO A SPECIALIST,,
UlcerroundRedGNADMarblewhitePiNADSNONoHyesPalate,OSMF,BURNING MOUTH SYNDROME,SYMPTOMATIC TREATMENT & FOLLOW UP IS MUST & REFER TO A SPECIALIST,,
UNADWhiteGNADMarblewhiteDarkSharpNoHyesPalate,OSMF,BURNING MOUTH SYNDROME,SYMPTOMATIC TREATMENT & FOLLOW UP IS MUST & REFER TO A SPECIALIST,,
UNADWhiteGNADMarblewhiteDarkSNONoHyesPalate,OSMF,BURNING MOUTH SYNDROME,SYMPTOMATIC TREATMENT & FOLLOW UP IS MUST & REFER TO A SPECIALIST,,
UNADWhiteGNADMarblewhitePiNADSharpNoHyesPalate,OSMF,BURNING MOUTH SYNDROME,SYMPTOMATIC TREATMENT & FOLLOW UP IS MUST & REFER TO A SPECIALIST,,
UNADWhiteGNADMarblewhitePiNADSNONoHyesPalate,OSMF,BURNING MOUTH SYNDROME,SYMPTOMATIC TREATMENT & FOLLOW UP IS MUST & REFER TO A SPECIALIST,,
UlcerroundWhiteGNADMarblewhiteDarkSharpNoHyesPalate,OSMF,BURNING MOUTH SYNDROME,SYMPTOMATIC TREATMENT & FOLLOW UP IS MUST & REFER TO A SPECIALIST,,
UlcerroundWhiteGNADMarblewhiteDarkSNONoHyesPalate,OSMF,BURNING MOUTH SYNDROME,SYMPTOMATIC TREATMENT & FOLLOW UP IS MUST & REFER TO A SPECIALIST,,
UlcerroundWhiteGNADMarblewhitePiNADSharpNoHyesPalate,OSMF,BURNING MOUTH SYNDROME,SYMPTOMATIC TREATMENT & FOLLOW UP IS MUST & REFER TO A SPECIALIST,,
UlcerroundWhiteGNADMarblewhitePiNADSNONoHyesPalate,OSMF,BURNING MOUTH SYNDROME,SYMPTOMATIC TREATMENT & FOLLOW UP IS MUST & REFER TO A SPECIALIST,,
UNADRedGNADMarblewhiteDarkSharpNoSmokingPalate,OSMF,BURNING MOUTH SYNDROME,SYMPTOMATIC TREATMENT & FOLLOW UP IS MUST & REFER TO A SPECIALIST,,
UNADRedGNADMarblewhiteDarkSNONoSmokingPalate,OSMF,BURNING MOUTH SYNDROME,SYMPTOMATIC TREATMENT & FOLLOW UP IS MUST & REFER TO A SPECIALIST,,
UNADRedGNADMarblewhitePiNADSharpNoSmokingPalate,OSMF,BURNING MOUTH SYNDROME,SYMPTOMATIC TREATMENT & FOLLOW UP IS MUST & REFER TO A SPECIALIST,,
UNADRedGNADMarblewhitePiNADSNONoSmokingPalate,OSMF,BURNING MOUTH SYNDROME,SYMPTOMATIC TREATMENT & FOLLOW UP IS MUST & REFER TO A SPECIALIST,,
UlcerroundRedGNADMarblewhiteDarkSharpNoSmokingPalate,OSMF,BURNING MOUTH SYNDROME,SYMPTOMATIC TREATMENT & FOLLOW UP IS MUST & REFER TO A SPECIALIST,,
UlcerroundRedGNADMarblewhiteDarkSNONoSmokingPalate,OSMF,BURNING MOUTH SYNDROME,SYMPTOMATIC TREATMENT & FOLLOW UP IS MUST & REFER TO A SPECIALIST,,
UlcerroundRedGNADMarblewhitePiNADSharpNoSmokingPalate,OSMF,BURNING MOUTH SYNDROME,SYMPTOMATIC TREATMENT & FOLLOW UP IS MUST & REFER TO A SPECIALIST,,
UlcerroundRedGNADMarblewhitePiNADSNONoSmokingPalate,OSMF,BURNING MOUTH SYNDROME,SYMPTOMATIC TREATMENT & FOLLOW UP IS MUST & REFER TO A SPECIALIST,,
UNADWhiteGNADMarblewhiteDarkSharpNoSmokingPalate,OSMF,BURNING MOUTH SYNDROME,SYMPTOMATIC TREATMENT & FOLLOW UP IS MUST & REFER TO A SPECIALIST,,
UNADWhiteGNADMarblewhiteDarkSNONoSmokingPalate,OSMF,BURNING MOUTH SYNDROME,SYMPTOMATIC TREATMENT & FOLLOW UP IS MUST & REFER TO A SPECIALIST,,
UNADWhiteGNADMarblewhitePiNADSharpNoSmokingPalate,OSMF,BURNING MOUTH SYNDROME,SYMPTOMATIC TREATMENT & FOLLOW UP IS MUST & REFER TO A SPECIALIST,,
UNADWhiteGNADMarblewhitePiNADSNONoSmokingPalate,OSMF,BURNING MOUTH SYNDROME,SYMPTOMATIC TREATMENT & FOLLOW UP IS MUST & REFER TO A SPECIALIST,,
UlcerroundWhiteGNADMarblewhiteDarkSharpNoSmokingPalate,OSMF,BURNING MOUTH SYNDROME,SYMPTOMATIC TREATMENT & FOLLOW UP IS MUST & REFER TO A SPECIALIST,,
UlcerroundWhiteGNADMarblewhiteDarkSNONoSmokingPalate,OSMF,BURNING MOUTH SYNDROME,SYMPTOMATIC TREATMENT & FOLLOW UP IS MUST & REFER TO A SPECIALIST,,
UlcerroundWhiteGNADMarblewhitePiNADSharpNoSmokingPalate,OSMF,BURNING MOUTH SYNDROME,SYMPTOMATIC TREATMENT & FOLLOW UP IS MUST & REFER TO A SPECIALIST,,
UlcerroundWhiteGNADMarblewhitePiNADSNONoSmokingPalate,OSMF,BURNING MOUTH SYNDROME,SYMPTOMATIC TREATMENT & FOLLOW UP IS MUST & REFER TO A SPECIALIST,,
UNADRedGNADMarblewhiteDarkSharpNoHyesDorsumtongue,OSMF,BURNING MOUTH SYNDROME,SYMPTOMATIC TREATMENT & FOLLOW UP IS MUST & REFER TO A SPECIALIST,,
UNADRedGNADMarblewhiteDarkSNONoHyesDorsumtongue,OSMF,BURNING MOUTH SYNDROME,SYMPTOMATIC TREATMENT & FOLLOW UP IS MUST & REFER TO A SPECIALIST,,
UNADRedGNADMarblewhitePiNADSharpNoHyesDorsumtongue,OSMF,BURNING MOUTH SYNDROME,SYMPTOMATIC TREATMENT & FOLLOW UP IS MUST & REFER TO A SPECIALIST,,
UNADRedGNADMarblewhitePiNADSNONoHyesDorsumtongue,OSMF,BURNING MOUTH SYNDROME,SYMPTOMATIC TREATMENT & FOLLOW UP IS MUST & REFER TO A SPECIALIST,,
UlcerroundRedGNADMarblewhiteDarkSharpNoHyesDorsumtongue,OSMF,BURNING MOUTH SYNDROME,SYMPTOMATIC TREATMENT & FOLLOW UP IS MUST & REFER TO A SPECIALIST,,
UlcerroundRedGNADMarblewhiteDarkSNONoHyesDorsumtongue,OSMF,BURNING MOUTH SYNDROME,SYMPTOMATIC TREATMENT & FOLLOW UP IS MUST & REFER TO A SPECIALIST,,
UlcerroundRedGNADMarblewhitePiNADSharpNoHyesDorsumtongue,OSMF,BURNING MOUTH SYNDROME,SYMPTOMATIC TREATMENT & FOLLOW UP IS MUST & REFER TO A SPECIALIST,,
UlcerroundRedGNADMarblewhitePiNADSNONoHyesDorsumtongue,OSMF,BURNING MOUTH SYNDROME,SYMPTOMATIC TREATMENT & FOLLOW UP IS MUST & REFER TO A SPECIALIST,,
UNADWhiteGNADMarblewhiteDarkSharpNoHyesDorsumtongue,OSMF,BURNING MOUTH SYNDROME,SYMPTOMATIC TREATMENT & FOLLOW UP IS MUST & REFER TO A SPECIALIST,,
UNADWhiteGNADMarblewhiteDarkSNONoHyesDorsumtongue,OSMF,BURNING MOUTH SYNDROME,SYMPTOMATIC TREATMENT & FOLLOW UP IS MUST & REFER TO A SPECIALIST,,
UNADWhiteGNADMarblewhitePiNADSharpNoHyesDorsumtongue,OSMF,BURNING MOUTH SYNDROME,SYMPTOMATIC TREATMENT & FOLLOW UP IS MUST & REFER TO A SPECIALIST,,
UNADWhiteGNADMarblewhitePiNADSNONoHyesDorsumtongue,OSMF,BURNING MOUTH SYNDROME,SYMPTOMATIC TREATMENT & FOLLOW UP IS MUST & REFER TO A SPECIALIST,,
UlcerroundWhiteGNADMarblewhiteDarkSharpNoHyesDorsumtongue,OSMF,BURNING MOUTH SYNDROME,SYMPTOMATIC TREATMENT & FOLLOW UP IS MUST & REFER TO A SPECIALIST,,
UlcerroundWhiteGNADMarblewhiteDarkSNONoHyesDorsumtongue,OSMF,BURNING MOUTH SYNDROME,SYMPTOMATIC TREATMENT & FOLLOW UP IS MUST & REFER TO A SPECIALIST,,
UlcerroundWhiteGNADMarblewhitePiNADSharpNoHyesDorsumtongue,OSMF,BURNING MOUTH SYNDROME,SYMPTOMATIC TREATMENT & FOLLOW UP IS MUST & REFER TO A SPECIALIST,,
UlcerroundWhiteGNADMarblewhitePiNADSNONoHyesDorsumtongue,OSMF,BURNING MOUTH SYNDROME,SYMPTOMATIC TREATMENT & FOLLOW UP IS MUST & REFER TO A SPECIALIST,,
UNADRedGNADMarblewhiteDarkSharpNoSmokingDorsumtongue,OSMF,BURNING MOUTH SYNDROME,SYMPTOMATIC TREATMENT & FOLLOW UP IS MUST & REFER TO A SPECIALIST,,
UNADRedGNADMarblewhiteDarkSNONoSmokingDorsumtongue,OSMF,BURNING MOUTH SYNDROME,SYMPTOMATIC TREATMENT & FOLLOW UP IS MUST & REFER TO A SPECIALIST,,
UNADRedGNADMarblewhitePiNADSharpNoSmokingDorsumtongue,OSMF,BURNING MOUTH SYNDROME,SYMPTOMATIC TREATMENT & FOLLOW UP IS MUST & REFER TO A SPECIALIST,,
UNADRedGNADMarblewhitePiNADSNONoSmokingDorsumtongue,OSMF,BURNING MOUTH SYNDROME,SYMPTOMATIC TREATMENT & FOLLOW UP IS MUST & REFER TO A SPECIALIST,,
UlcerroundRedGNADMarblewhiteDarkSharpNoSmokingDorsumtongue,OSMF,BURNING MOUTH SYNDROME,SYMPTOMATIC TREATMENT & FOLLOW UP IS MUST & REFER TO A SPECIALIST,,
UlcerroundRedGNADMarblewhiteDarkSNONoSmokingDorsumtongue,OSMF,BURNING MOUTH SYNDROME,SYMPTOMATIC TREATMENT & FOLLOW UP IS MUST & REFER TO A SPECIALIST,,
UlcerroundRedGNADMarblewhitePiNADSharpNoSmokingDorsumtongue,OSMF,BURNING MOUTH SYNDROME,SYMPTOMATIC TREATMENT & FOLLOW UP IS MUST & REFER TO A SPECIALIST,,
UlcerroundRedGNADMarblewhitePiNADSNONoSmokingDorsumtongue,OSMF,BURNING MOUTH SYNDROME,SYMPTOMATIC TREATMENT & FOLLOW UP IS MUST & REFER TO A SPECIALIST,,
UNADWhiteGNADMarblewhiteDarkSharpNoSmokingDorsumtongue,OSMF,BURNING MOUTH SYNDROME,SYMPTOMATIC TREATMENT & FOLLOW UP IS MUST & REFER TO A SPECIALIST,,
UNADWhiteGNADMarblewhiteDarkSNONoSmokingDorsumtongue,OSMF,BURNING MOUTH SYNDROME,SYMPTOMATIC TREATMENT & FOLLOW UP IS MUST & REFER TO A SPECIALIST,,
UNADWhiteGNADMarblewhitePiNADSharpNoSmokingDorsumtongue,OSMF,BURNING MOUTH SYNDROME,SYMPTOMATIC TREATMENT & FOLLOW UP IS MUST & REFER TO A SPECIALIST,,
UNADWhiteGNADMarblewhitePiNADSNONoSmokingDorsumtongue,OSMF,BURNING MOUTH SYNDROME,SYMPTOMATIC TREATMENT & FOLLOW UP IS MUST & REFER TO A SPECIALIST,,
UlcerroundWhiteGNADMarblewhiteDarkSharpNoSmokingDorsumtongue,OSMF,BURNING MOUTH SYNDROME,SYMPTOMATIC TREATMENT & FOLLOW UP IS MUST & REFER TO A SPECIALIST,,
UlcerroundWhiteGNADMarblewhiteDarkSNONoSmokingDorsumtongue,OSMF,BURNING MOUTH SYNDROME,SYMPTOMATIC TREATMENT & FOLLOW UP IS MUST & REFER TO A SPECIALIST,,
UlcerroundWhiteGNADMarblewhitePiNADSharpNoSmokingDorsumtongue,OSMF,BURNING MOUTH SYNDROME,SYMPTOMATIC TREATMENT & FOLLOW UP IS MUST & REFER TO A SPECIALIST,,
UlcerroundWhiteGNADMarblewhitePiNADSNONoSmokingDorsumtongue,OSMF,BURNING MOUTH SYNDROME,SYMPTOMATIC TREATMENT & FOLLOW UP IS MUST & REFER TO A SPECIALIST,,
UNADRedGNADMarblewhiteDarkSharpNoHyesBsulcus,OSMF,BURNING MOUTH SYNDROME,SYMPTOMATIC TREATMENT & FOLLOW UP IS MUST & REFER TO A SPECIALIST,,
UNADRedGNADMarblewhiteDarkSNONoHyesBsulcus,OSMF,BURNING MOUTH SYNDROME,SYMPTOMATIC TREATMENT & FOLLOW UP IS MUST & REFER TO A SPECIALIST,,
UNADRedGNADMarblewhitePiNADSharpNoHyesBsulcus,OSMF,BURNING MOUTH SYNDROME,SYMPTOMATIC TREATMENT & FOLLOW UP IS MUST & REFER TO A SPECIALIST,,
UNADRedGNADMarblewhitePiNADSNONoHyesBsulcus,OSMF,BURNING MOUTH SYNDROME,SYMPTOMATIC TREATMENT & FOLLOW UP IS MUST & REFER TO A SPECIALIST,,
UlcerroundRedGNADMarblewhiteDarkSharpNoHyesBsulcus,OSMF,BURNING MOUTH SYNDROME,SYMPTOMATIC TREATMENT & FOLLOW UP IS MUST & REFER TO A SPECIALIST,,
UlcerroundRedGNADMarblewhiteDarkSNONoHyesBsulcus,OSMF,BURNING MOUTH SYNDROME,SYMPTOMATIC TREATMENT & FOLLOW UP IS MUST & REFER TO A SPECIALIST,,
UlcerroundRedGNADMarblewhitePiNADSharpNoHyesBsulcus,OSMF,BURNING MOUTH SYNDROME,SYMPTOMATIC TREATMENT & FOLLOW UP IS MUST & REFER TO A SPECIALIST,,
UlcerroundRedGNADMarblewhitePiNADSNONoHyesBsulcus,OSMF,BURNING MOUTH SYNDROME,SYMPTOMATIC TREATMENT & FOLLOW UP IS MUST & REFER TO A SPECIALIST,,
UNADWhiteGNADMarblewhiteDarkSharpNoHyesBsulcus,OSMF,BURNING MOUTH SYNDROME,SYMPTOMATIC TREATMENT & FOLLOW UP IS MUST & REFER TO A SPECIALIST,,
UNADWhiteGNADMarblewhiteDarkSNONoHyesBsulcus,OSMF,BURNING MOUTH SYNDROME,SYMPTOMATIC TREATMENT & FOLLOW UP IS MUST & REFER TO A SPECIALIST,,
UNADWhiteGNADMarblewhitePiNADSharpNoHyesBsulcus,OSMF,BURNING MOUTH SYNDROME,SYMPTOMATIC TREATMENT & FOLLOW UP IS MUST & REFER TO A SPECIALIST,,
UNADWhiteGNADMarblewhitePiNADSNONoHyesBsulcus,OSMF,BURNING MOUTH SYNDROME,SYMPTOMATIC TREATMENT & FOLLOW UP IS MUST & REFER TO A SPECIALIST,,
UlcerroundWhiteGNADMarblewhiteDarkSharpNoHyesBsulcus,OSMF,BURNING MOUTH SYNDROME,SYMPTOMATIC TREATMENT & FOLLOW UP IS MUST & REFER TO A SPECIALIST,,
UlcerroundWhiteGNADMarblewhiteDarkSNONoHyesBsulcus,OSMF,BURNING MOUTH SYNDROME,SYMPTOMATIC TREATMENT & FOLLOW UP IS MUST & REFER TO A SPECIALIST,,
UlcerroundWhiteGNADMarblewhitePiNADSharpNoHyesBsulcus,OSMF,BURNING MOUTH SYNDROME,SYMPTOMATIC TREATMENT & FOLLOW UP IS MUST & REFER TO A SPECIALIST,,
UlcerroundWhiteGNADMarblewhitePiNADSNONoHyesBsulcus,OSMF,BURNING MOUTH SYNDROME,SYMPTOMATIC TREATMENT & FOLLOW UP IS MUST & REFER TO A SPECIALIST,,
UNADRedGNADMarblewhiteDarkSharpNoSmokingBsulcus,OSMF,BURNING MOUTH SYNDROME,SYMPTOMATIC TREATMENT & FOLLOW UP IS MUST & REFER TO A SPECIALIST,,
UNADRedGNADMarblewhiteDarkSNONoSmokingBsulcus,OSMF,BURNING MOUTH SYNDROME,SYMPTOMATIC TREATMENT & FOLLOW UP IS MUST & REFER TO A SPECIALIST,,
UNADRedGNADMarblewhitePiNADSharpNoSmokingBsulcus,OSMF,BURNING MOUTH SYNDROME,SYMPTOMATIC TREATMENT & FOLLOW UP IS MUST & REFER TO A SPECIALIST,,
UNADRedGNADMarblewhitePiNADSNONoSmokingBsulcus,OSMF,BURNING MOUTH SYNDROME,SYMPTOMATIC TREATMENT & FOLLOW UP IS MUST & REFER TO A SPECIALIST,,
UlcerroundRedGNADMarblewhiteDarkSharpNoSmokingBsulcus,OSMF,BURNING MOUTH SYNDROME,SYMPTOMATIC TREATMENT & FOLLOW UP IS MUST & REFER TO A SPECIALIST,,
UlcerroundRedGNADMarblewhiteDarkSNONoSmokingBsulcus,OSMF,BURNING MOUTH SYNDROME,SYMPTOMATIC TREATMENT & FOLLOW UP IS MUST & REFER TO A SPECIALIST,,
UlcerroundRedGNADMarblewhitePiNADSharpNoSmokingBsulcus,OSMF,BURNING MOUTH SYNDROME,SYMPTOMATIC TREATMENT & FOLLOW UP IS MUST & REFER TO A SPECIALIST,,
UlcerroundRedGNADMarblewhitePiNADSNONoSmokingBsulcus,OSMF,BURNING MOUTH SYNDROME,SYMPTOMATIC TREATMENT & FOLLOW UP IS MUST & REFER TO A SPECIALIST,,
UNADWhiteGNADMarblewhiteDarkSharpNoSmokingBsulcus,OSMF,BURNING MOUTH SYNDROME,SYMPTOMATIC TREATMENT & FOLLOW UP IS MUST & REFER TO A SPECIALIST,,
UNADWhiteGNADMarblewhiteDarkSNONoSmokingBsulcus,OSMF,BURNING MOUTH SYNDROME,SYMPTOMATIC TREATMENT & FOLLOW UP IS MUST & REFER TO A SPECIALIST,,
UNADWhiteGNADMarblewhitePiNADSharpNoSmokingBsulcus,OSMF,BURNING MOUTH SYNDROME,SYMPTOMATIC TREATMENT & FOLLOW UP IS MUST & REFER TO A SPECIALIST,,
UNADWhiteGNADMarblewhitePiNADSNONoSmokingBsulcus,OSMF,BURNING MOUTH SYNDROME,SYMPTOMATIC TREATMENT & FOLLOW UP IS MUST & REFER TO A SPECIALIST,,
UlcerroundWhiteGNADMarblewhiteDarkSharpNoSmokingBsulcus,OSMF,BURNING MOUTH SYNDROME,SYMPTOMATIC TREATMENT & FOLLOW UP IS MUST & REFER TO A SPECIALIST,,
UlcerroundWhiteGNADMarblewhiteDarkSNONoSmokingBsulcus,OSMF,BURNING MOUTH SYNDROME,SYMPTOMATIC TREATMENT & FOLLOW UP IS MUST & REFER TO A SPECIALIST,,
UlcerroundWhiteGNADMarblewhitePiNADSharpNoSmokingBsulcus,OSMF,BURNING MOUTH SYNDROME,SYMPTOMATIC TREATMENT & FOLLOW UP IS MUST & REFER TO A SPECIALIST,,
UlcerroundWhiteGNADMarblewhitePiNADSNONoSmokingBsulcus,OSMF,BURNING MOUTH SYNDROME,SYMPTOMATIC TREATMENT & FOLLOW UP IS MUST & REFER TO A SPECIALIST,,
UNADRedGNADMNADDarkSNONoHnoBmucosa,INFLAMMATORY LESION,OSMF & CANDIDIASIS,SYMTOMATIC TREATMENT & FOLLOW UP IS NEEDED,,
,,,,,
UNADRedGNADMNADPiNADSNONoHnoBmucosa,INFLAMMATORY LESION,OSMF & CANDIDIASIS,SYMTOMATIC TREATMENT & FOLLOW UP IS NEEDED,,
,,,,,
UNADRedGNADMNADDarkSNONoHnoMixedareas,INFLAMMATORY LESION,OSMF & CANDIDIASIS,SYMTOMATIC TREATMENT & FOLLOW UP IS NEEDED,,
,,,,,
UNADRedGNADMNADPiNADSNONoHnoMixedareas,INFLAMMATORY LESION,OSMF & CANDIDIASIS,SYMTOMATIC TREATMENT & FOLLOW UP IS NEEDED,,
,,,,,
UNADRedGNADMNADDarkSNONoHnoBsulcus,INFLAMMATORY LESION,OSMF & CANDIDIASIS,SYMTOMATIC TREATMENT & FOLLOW UP IS NEEDED,,
,,,,,
UNADRedGNADMNADPiNADSNONoHnoBsulcus,INFLAMMATORY LESION,OSMF & CANDIDIASIS,SYMTOMATIC TREATMENT & FOLLOW UP IS NEEDED,,
,,,,,
UNADRedGNADMNADDarkSNONoHnoPalate,INFLAMMATORY LESION,OSMF & CANDIDIASIS,SYMTOMATIC TREATMENT & FOLLOW UP IS NEEDED,,
,,,,,
UNADRedGNADMNADPiNADSNONoHnoPalate,INFLAMMATORY LESION,OSMF & CANDIDIASIS,SYMTOMATIC TREATMENT & FOLLOW UP IS NEEDED,,
,,,,,
UNADRedGNADMNADDarkSNONoHnoDorsumtongue,INFLAMMATORY LESION,OSMF & CANDIDIASIS,SYMTOMATIC TREATMENT & FOLLOW UP IS NEEDED,,
,,,,,
UNADRedGNADMNADPiNADSNONoHnoDorsumtongue,INFLAMMATORY LESION,OSMF & CANDIDIASIS,SYMTOMATIC TREATMENT & FOLLOW UP IS NEEDED,,
,,,,,
UNADPNADRoundMNADPiNADSharpNoHnoBmucosa,FIBROMA,FIBROEPITHELIAL POLYP & GRANULOMA,EXCISIONAL BIOPSY IS NEEDED REFER TO SPECIALIST & OBSERVE SHARP TEETH,,
UNADPNADRoundMNADPiNADSNONoHnoBmucosa,FIBROMA,FIBROEPITHELIAL POLYP & GRANULOMA,EXCISIONAL BIOPSY IS NEEDED REFER TO SPECIALIST & OBSERVE SHARP TEETH,,
UNADPNADRoundMNADPiNADSharpNoHnoMixedareas,FIBROMA,FIBROEPITHELIAL POLYP & GRANULOMA,EXCISIONAL BIOPSY IS NEEDED REFER TO SPECIALIST & OBSERVE SHARP TEETH,,
UNADPNADRoundMNADPiNADSNONoHnoMixedareas,FIBROMA,FIBROEPITHELIAL POLYP & GRANULOMA,EXCISIONAL BIOPSY IS NEEDED REFER TO SPECIALIST & OBSERVE SHARP TEETH,,
UNADPNADRoundMNADPiNADSharpNoHnoBsulcus,FIBROMA,FIBROEPITHELIAL POLYP & GRANULOMA,EXCISIONAL BIOPSY IS NEEDED REFER TO SPECIALIST & OBSERVE SHARP TEETH,,
UNADPNADRoundMNADPiNADSNONoHnoBsulcus,FIBROMA,FIBROEPITHELIAL POLYP & GRANULOMA,EXCISIONAL BIOPSY IS NEEDED REFER TO SPECIALIST & OBSERVE SHARP TEETH,,
UNADPNADRoundMNADPiNADSharpNoHnoPalate,FIBROMA,FIBROEPITHELIAL POLYP & GRANULOMA,EXCISIONAL BIOPSY IS NEEDED REFER TO SPECIALIST & OBSERVE SHARP TEETH,,
UNADPNADRoundMNADPiNADSNONoHnoPalate,FIBROMA,FIBROEPITHELIAL POLYP & GRANULOMA,EXCISIONAL BIOPSY IS NEEDED REFER TO SPECIALIST & OBSERVE SHARP TEETH,,
UNADPNADRoundMNADPiNADSharpNoHnoDorsumtongue,FIBROMA,FIBROEPITHELIAL POLYP & GRANULOMA,EXCISIONAL BIOPSY IS NEEDED REFER TO SPECIALIST & OBSERVE SHARP TEETH,,
UNADPNADRoundMNADPiNADSNONoHnoDorsumtongue,FIBROMA,FIBROEPITHELIAL POLYP & GRANULOMA,EXCISIONAL BIOPSY IS NEEDED REFER TO SPECIALIST & OBSERVE SHARP TEETH,,
IrregularL1M2RedwhiteGNADMNADPiNADSNONoHyesBmucosa,SPECKLEDLEUKOPLAKIA,ORAL SQUAMOUS CELL CARCINOMA & CARCINOMA IN SITU,ADVISE SYMPTOMATIC TREATMENT AND TO STOP THE HABIT & FOLLOW UP IS MUST & REFER TO SPECIALIST FOR BIOPSY,,
IrregularL1M2RedwhiteGNADMNADDarkSNONoHyesBmucosa,SPECKLEDLEUKOPLAKIA,ORAL SQUAMOUS CELL CARCINOMA & CARCINOMA IN SITU,ADVISE SYMPTOMATIC TREATMENT AND TO STOP THE HABIT & FOLLOW UP IS MUST & REFER TO SPECIALIST FOR BIOPSY,,
UNADRedwhiteGNADMNADPiNADSNONoHyesBmucosa,SPECKLEDLEUKOPLAKIA,CANDIDIASIS & CARCINOMA IN SITU,ADVISE SYMPTOMATIC TREATMENT AND TO STOP THE HABIT & FOLLOW UP IS MUST & REFER TO SPECIALIST FOR BIOPSY,,
UNADRedwhiteGNADMNADDarkSNONoHyesBmucosa,SPECKLEDLEUKOPLAKIA,CNADIDIASIS  &  CARCINOMA IN SITU  & ,ADVISE SYMPTOMATIC TREATMENT AND TO STOP THE HABIT & FOLLOW UP IS MUST & REFER TO SPECIALIST FOR BIOPSY,,
IrregularL1M2RedwhiteGNADMNADPiNADSharpNoHyesBmucosa,SPECKLEDLEUKOPLAKIA,TRAUMATICULCER & CARCINOMA IN SITU,ADVISE SYMPTOMATIC TREATMENT AND TO STOP THE HABIT & FOLLOW UP IS MUST & REFER TO SPECIALIST FOR BIOPSY,,
IrregularL1M2RedwhiteGNADMNADDarkSharpNoHyesBmucosa,SPECKLEDLEUKOPLAKIA,TRAUMATICULCER & CARCINOMA IN SITU,ADVISE SYMPTOMATIC TREATMENT AND TO STOP THE HABIT & FOLLOW UP IS MUST & REFER TO SPECIALIST FOR BIOPSY,,
UNADRedwhiteGNADMNADPiNADSharpNoHyesBmucosa,SPECKLEDLEUKOPLAKIA,TRAUMATICULCER & CARCINOMA IN SITU,ADVISE SYMPTOMATIC TREATMENT AND TO STOP THE HABIT & FOLLOW UP IS MUST & REFER TO SPECIALIST FOR BIOPSY,,
UNADRedwhiteGNADMNADDarkSharpNoHyesBmucosa,SPECKLEDLEUKOPLAKIA,TRAUMATICULCER & CARCINOMA IN SITU,ADVISE SYMPTOMATIC TREATMENT AND TO STOP THE HABIT & FOLLOW UP IS MUST & REFER TO SPECIALIST FOR BIOPSY,,
IrregularL1L2RedGNADMNADDarkSNONoHyesBmucosa,SPECKLEDLEUKOPLAKIA,CANDIDIASIS & CARCINOMA IN SITU,ADVISE SYMPTOMATIC TREATMENT AND FOLLOW UP IS MUST & IF NO CHANGE AFTER 2 WEEKS & ADVISE BIOPSY ,,
IrregularL1L2RedGNADMNADPiNADSNONoHyesBmucosa,SPECKLEDLEUKOPLAKIA,CANDIDIASIS & CARCINOMA IN SITU,ADVISE SYMPTOMATIC TREATMENT AND FOLLOW UP IS MUST & IF NO CHANGE AFTER 2 WEEKS & ADVISE BIOPSY ,,
IrregularL1L2WhiteGNADMNADDarkSNONoHyesBmucosa,SPECKLEDLEUKOPLAKIA,CANDIDIASIS & CARCINOMA IN SITU,ADVISE SYMPTOMATIC TREATMENT AND FOLLOW UP IS MUST & IF NO CHANGE AFTER 2 WEEKS & ADVISE BIOPSY ,,
IrregularL1L2WhiteGNADMNADPiNADSNONoHyesBmucosa,SPECKLEDLEUKOPLAKIA,CANDIDIASIS & CARCINOMA IN SITU,ADVISE SYMPTOMATIC TREATMENT AND FOLLOW UP IS MUST & IF NO CHANGE AFTER 2 WEEKS & ADVISE BIOPSY ,,
IrregularL1M2RedwhiteGNADMNADPiNADSNONoSmokingBmucosa,SPECKLEDLEUKOPLAKIA,ORAL SQUAMOUS CELL CARCINOMA & CARCINOMA IN SITU ,ADVISE SYMPTOMATIC TREATMENT AND TO STOP THE HABIT & FOLLOW UP IS MUST & REFER TO SPECIALIST FOR BIOPSY,,
IrregularL1M2RedwhiteGNADMNADDarkSNONoSmokingBmucosa,SPECKLEDLEUKOPLAKIA,ORAL SQUAMOUS CELL CARCINOMA & CARCINOMA IN SITU ,ADVISE SYMPTOMATIC TREATMENT AND TO STOP THE HABIT & FOLLOW UP IS MUST & REFER TO SPECIALIST FOR BIOPSY,,
UNADRedwhiteGNADMNADPiNADSNONoSmokingBmucosa,SPECKLEDLEUKOPLAKIA,CANDIDIASIS & CARCINOMA IN SITU,ADVISE SYMPTOMATIC TREATMENT AND TO STOP THE HABIT & FOLLOW UP IS MUST & REFER TO SPECIALIST FOR BIOPSY,,
UNADRedwhiteGNADMNADDarkSNONoSmokingBmucosa,SPECKLEDLEUKOPLAKIA,CANDIDIASIS & CARCINOMA IN SITU,ADVISE SYMPTOMATIC TREATMENT AND TO STOP THE HABIT & FOLLOW UP IS MUST & REFER TO SPECIALIST FOR BIOPSY,,
IrregularL1M2RedwhiteGNADMNADPiNADSharpNoSmokingBmucosa,SPECKLEDLEUKOPLAKIA,TRAUMATICULCER & CARCINOMA IN SITU,ADVISE SYMPTOMATIC TREATMENT AND TO STOP THE HABIT & FOLLOW UP IS MUST & REFER TO SPECIALIST FOR BIOPSY,,
IrregularL1M2RedwhiteGNADMNADDarkSharpNoSmokingBmucosa,SPECKLEDLEUKOPLAKIA,TRAUMATICULCER & CARCINOMA IN SITU,ADVISE SYMPTOMATIC TREATMENT AND TO STOP THE HABIT & FOLLOW UP IS MUST & REFER TO SPECIALIST FOR BIOPSY,,
UNADRedwhiteGNADMNADPiNADSharpNoSmokingBmucosa,SPECKLEDLEUKOPLAKIA,TRAUMATICULCER & CARCINOMA IN SITU,ADVISE SYMPTOMATIC TREATMENT AND TO STOP THE HABIT & FOLLOW UP IS MUST & REFER TO SPECIALIST FOR BIOPSY,,
UNADRedwhiteGNADMNADDarkSharpNoSmokingBmucosa,SPECKLEDLEUKOPLAKIA,TRAUMATICULCER & CARCINOMA IN SITU,ADVISE SYMPTOMATIC TREATMENT AND TO STOP THE HABIT & FOLLOW UP IS MUST & REFER TO SPECIALIST FOR BIOPSY,,
IrregularL1L2RedGNADMNADDarkSNONoSmokingBmucosa,SPECKLEDLEUKOPLAKIA,CANDIDIASIS & CARCINOMA IN SITU,ADVISE SYMPTOMATIC TREATMENT AND FOLLOW UP IS MUST & IF NO CHANGE AFTER 2 WEEKS & ADVISE BIOPSY ,,
IrregularL1L2RedGNADMNADPiNADSNONoSmokingBmucosa,SPECKLEDLEUKOPLAKIA,CANDIDIASIS & CARCINOMA IN SITU,ADVISE SYMPTOMATIC TREATMENT AND FOLLOW UP IS MUST & IF NO CHANGE AFTER 2 WEEKS & ADVISE BIOPSY ,,
IrregularL1L2WhiteGNADMNADDarkSNONoSmokingBmucosa,SPECKLEDLEUKOPLAKIA,CANDIDIASIS & CARCINOMA IN SITU,ADVISE SYMPTOMATIC TREATMENT AND FOLLOW UP IS MUST & IF NO CHANGE AFTER 2 WEEKS & ADVISE BIOPSY ,,
IrregularL1L2WhiteGNADMNADPiNADSNONoSmokingBmucosa,SPECKLEDLEUKOPLAKIA,CANDIDIASIS & CARCINOMA IN SITU,ADVISE SYMPTOMATIC TREATMENT AND FOLLOW UP IS MUST & IF NO CHANGE AFTER 2 WEEKS & ADVISE BIOPSY ,,
IrregularL1M2RedwhiteGNADMNADPiNADSNONoHyesMixedareas,SPECKLEDLEUKOPLAKIA,ORAL SQUAMOUS CELL CARCINOMA & CARCINOMA IN SITU ,ADVISE SYMPTOMATIC TREATMENT AND TO STOP THE HABIT & FOLLOW UP IS MUST & REFER TO SPECIALIST FOR BIOPSY,,
IrregularL1M2RedwhiteGNADMNADDarkSNONoHyesMixedareas,SPECKLEDLEUKOPLAKIA,ORAL SQUAMOUS CELL CARCINOMA & CARCINOMA IN SITU ,ADVISE SYMPTOMATIC TREATMENT AND TO STOP THE HABIT & FOLLOW UP IS MUST & REFER TO SPECIALIST FOR BIOPSY,,
UNADRedwhiteGNADMNADPiNADSNONoHyesMixedareas,SPECKLEDLEUKOPLAKIA,CANDIDIASIS & CARCINOMA IN SITU,ADVISE SYMPTOMATIC TREATMENT AND TO STOP THE HABIT & FOLLOW UP IS MUST & REFER TO SPECIALIST FOR BIOPSY,,
UNADRedwhiteGNADMNADDarkSNONoHyesMixedareas,SPECKLEDLEUKOPLAKIA,CANDIDIASIS & CARCINOMA IN SITU,ADVISE SYMPTOMATIC TREATMENT AND TO STOP THE HABIT & FOLLOW UP IS MUST & REFER TO SPECIALIST FOR BIOPSY,,
IrregularL1M2RedwhiteGNADMNADPiNADSharpNoHyesMixedareas,SPECKLEDLEUKOPLAKIA,TRAUMATICULCER & CARCINOMA IN SITU,ADVISE SYMPTOMATIC TREATMENT AND TO STOP THE HABIT & FOLLOW UP IS MUST & REFER TO SPECIALIST FOR BIOPSY,,
IrregularL1M2RedwhiteGNADMNADDarkSharpNoHyesMixedareas,SPECKLEDLEUKOPLAKIA,TRAUMATICULCER & CARCINOMA IN SITU,ADVISE SYMPTOMATIC TREATMENT AND TO STOP THE HABIT & FOLLOW UP IS MUST & REFER TO SPECIALIST FOR BIOPSY,,
UNADRedwhiteGNADMNADPiNADSharpNoHyesMixedareas,SPECKLEDLEUKOPLAKIA,TRAUMATICULCER & CARCINOMA IN SITU,ADVISE SYMPTOMATIC TREATMENT AND TO STOP THE HABIT & FOLLOW UP IS MUST & REFER TO SPECIALIST FOR BIOPSY,,
UNADRedwhiteGNADMNADDarkSharpNoHyesMixedareas,SPECKLEDLEUKOPLAKIA,TRAUMATICULCER & CARCINOMA IN SITU,ADVISE SYMPTOMATIC TREATMENT AND TO STOP THE HABIT & FOLLOW UP IS MUST & REFER TO SPECIALIST FOR BIOPSY,,
IrregularL1L2RedGNADMNADDarkSNONoHyesMixedareas,SPECKLEDLEUKOPLAKIA,CANDIDIASIS & CARCINOMA IN SITU,ADVISE SYMPTOMATIC TREATMENT AND FOLLOW UP IS MUST & IF NO CHANGE AFTER 2 WEEKS & ADVISE BIOPSY ,,
IrregularL1L2RedGNADMNADPiNADSNONoHyesMixedareas,SPECKLEDLEUKOPLAKIA,CANDIDIASIS & CARCINOMA IN SITU,ADVISE SYMPTOMATIC TREATMENT AND FOLLOW UP IS MUST & IF NO CHANGE AFTER 2 WEEKS & ADVISE BIOPSY ,,
IrregularL1L2WhiteGNADMNADDarkSNONoHyesMixedareas,SPECKLEDLEUKOPLAKIA,CANDIDIASIS & CARCINOMA IN SITU,ADVISE SYMPTOMATIC TREATMENT AND FOLLOW UP IS MUST & IF NO CHANGE AFTER 2 WEEKS & ADVISE BIOPSY ,,
IrregularL1L2WhiteGNADMNADPiNADSNONoHyesMixedareas,SPECKLEDLEUKOPLAKIA,CANDIDIASIS & CARCINOMA IN SITU,ADVISE SYMPTOMATIC TREATMENT AND FOLLOW UP IS MUST & IF NO CHANGE AFTER 2 WEEKS & ADVISE BIOPSY ,,
IrregularL1M2RedwhiteGNADMNADPiNADSNONoSmokingMixedareas,SPECKLEDLEUKOPLAKIA,ORAL SQUAMOUS CELL CARCINOMA & CARCINOMA IN SITU ,ADVISE SYMPTOMATIC TREATMENT AND TO STOP THE HABIT & FOLLOW UP IS MUST & REFER TO SPECIALIST FOR BIOPSY,,
IrregularL1M2RedwhiteGNADMNADDarkSNONoSmokingMixedareas,SPECKLEDLEUKOPLAKIA,ORAL SQUAMOUS CELL CARCINOMA & CARCINOMA IN SITU ,ADVISE SYMPTOMATIC TREATMENT AND TO STOP THE HABIT & FOLLOW UP IS MUST & REFER TO SPECIALIST FOR BIOPSY,,
UNADRedwhiteGNADMNADPiNADSNONoSmokingMixedareas,SPECKLEDLEUKOPLAKIA,CANDIDIASIS & CARCINOMA IN SITU,ADVISE SYMPTOMATIC TREATMENT AND TO STOP THE HABIT & FOLLOW UP IS MUST & REFER TO SPECIALIST FOR BIOPSY,,
UNADRedwhiteGNADMNADDarkSNONoSmokingMixedareas,SPECKLEDLEUKOPLAKIA,CANDIDIASIS & CARCINOMA IN SITU,ADVISE SYMPTOMATIC TREATMENT AND TO STOP THE HABIT & FOLLOW UP IS MUST & REFER TO SPECIALIST FOR BIOPSY,,
IrregularL1M2RedwhiteGNADMNADPiNADSharpNoSmokingMixedareas,SPECKLEDLEUKOPLAKIA,TRAUMATICULCER & CARCINOMA IN SITU,ADVISE SYMPTOMATIC TREATMENT AND TO STOP THE HABIT & FOLLOW UP IS MUST & REFER TO SPECIALIST FOR BIOPSY,,
IrregularL1M2RedwhiteGNADMNADDarkSharpNoSmokingMixedareas,SPECKLEDLEUKOPLAKIA,TRAUMATICULCER & CARCINOMA IN SITU,ADVISE SYMPTOMATIC TREATMENT AND TO STOP THE HABIT & FOLLOW UP IS MUST & REFER TO SPECIALIST FOR BIOPSY,,
UNADRedwhiteGNADMNADPiNADSharpNoSmokingMixedareas,SPECKLEDLEUKOPLAKIA,TRAUMATICULCER & CARCINOMA IN SITU,ADVISE SYMPTOMATIC TREATMENT AND TO STOP THE HABIT & FOLLOW UP IS MUST & REFER TO SPECIALIST FOR BIOPSY,,
UNADRedwhiteGNADMNADDarkSharpNoSmokingMixedareas,SPECKLEDLEUKOPLAKIA,TRAUMATICULCER & CARCINOMA IN SITU,ADVISE SYMPTOMATIC TREATMENT AND TO STOP THE HABIT & FOLLOW UP IS MUST & REFER TO SPECIALIST FOR BIOPSY,,
IrregularL1L2RedGNADMNADDarkSNONoSmokingMixedareas,SPECKLEDLEUKOPLAKIA,CANDIDIASIS & CARCINOMA IN SITU,ADVISE SYMPTOMATIC TREATMENT AND FOLLOW UP IS MUST & IF NO CHANGE AFTER 2 WEEKS & ADVISE BIOPSY ,,
IrregularL1L2RedGNADMNADPiNADSNONoSmokingMixedareas,SPECKLEDLEUKOPLAKIA,CANDIDIASIS & CARCINOMA IN SITU,ADVISE SYMPTOMATIC TREATMENT AND FOLLOW UP IS MUST & IF NO CHANGE AFTER 2 WEEKS & ADVISE BIOPSY ,,
IrregularL1L2WhiteGNADMNADDarkSNONoSmokingMixedareas,SPECKLEDLEUKOPLAKIA,CANDIDIASIS & CARCINOMA IN SITU,ADVISE SYMPTOMATIC TREATMENT AND FOLLOW UP IS MUST & IF NO CHANGE AFTER 2 WEEKS & ADVISE BIOPSY ,,
IrregularL1L2WhiteGNADMNADPiNADSNONoSmokingMixedareas,SPECKLEDLEUKOPLAKIA,CANDIDIASIS & CARCINOMA IN SITU,ADVISE SYMPTOMATIC TREATMENT AND FOLLOW UP IS MUST & IF NO CHANGE AFTER 2 WEEKS & ADVISE BIOPSY ,,
IrregularL1M2RedwhiteGNADMNADPiNADSNONoHyesBsulcus,SPECKLEDLEUKOPLAKIA,ORAL SQUAMOUS CELL CARCINOMA & CARCINOMA IN SITU ,ADVISE SYMPTOMATIC TREATMENT AND TO STOP THE HABIT & FOLLOW UP IS MUST & REFER TO SPECIALIST FOR BIOPSY,,
IrregularL1M2RedwhiteGNADMNADDarkSNONoHyesBsulcus,SPECKLEDLEUKOPLAKIA,ORAL SQUAMOUS CELL CARCINOMA & CARCINOMA IN SITU ,ADVISE SYMPTOMATIC TREATMENT AND TO STOP THE HABIT & FOLLOW UP IS MUST & REFER TO SPECIALIST FOR BIOPSY,,
UNADRedwhiteGNADMNADPiNADSNONoHyesBsulcus,SPECKLEDLEUKOPLAKIA,CANDIDIASIS & CARCINOMA IN SITU,ADVISE SYMPTOMATIC TREATMENT AND TO STOP THE HABIT & FOLLOW UP IS MUST & REFER TO SPECIALIST FOR BIOPSY,,
UNADRedwhiteGNADMNADDarkSNONoHyesBsulcus,SPECKLEDLEUKOPLAKIA,CANDIDIASIS & CARCINOMA IN SITU,ADVISE SYMPTOMATIC TREATMENT AND TO STOP THE HABIT & FOLLOW UP IS MUST & REFER TO SPECIALIST FOR BIOPSY,,
IrregularL1M2RedwhiteGNADMNADPiNADSharpNoHyesBsulcus,SPECKLEDLEUKOPLAKIA,TRAUMATICULCER & CARCINOMA IN SITU,ADVISE SYMPTOMATIC TREATMENT AND TO STOP THE HABIT & FOLLOW UP IS MUST & REFER TO SPECIALIST FOR BIOPSY,,
IrregularL1M2RedwhiteGNADMNADDarkSharpNoHyesBsulcus,SPECKLEDLEUKOPLAKIA,TRAUMATICULCER & CARCINOMA IN SITU,ADVISE SYMPTOMATIC TREATMENT AND TO STOP THE HABIT & FOLLOW UP IS MUST & REFER TO SPECIALIST FOR BIOPSY,,
UNADRedwhiteGNADMNADPiNADSharpNoHyesBsulcus,SPECKLEDLEUKOPLAKIA,TRAUMATICULCER & CARCINOMA IN SITU,ADVISE SYMPTOMATIC TREATMENT AND TO STOP THE HABIT & FOLLOW UP IS MUST & REFER TO SPECIALIST FOR BIOPSY,,
UNADRedwhiteGNADMNADDarkSharpNoHyesBsulcus,SPECKLEDLEUKOPLAKIA,TRAUMATICULCER & CARCINOMA IN SITU,ADVISE SYMPTOMATIC TREATMENT AND TO STOP THE HABIT & FOLLOW UP IS MUST & REFER TO SPECIALIST FOR BIOPSY,,
IrregularL1L2RedGNADMNADDarkSNONoHyesBsulcus,SPECKLEDLEUKOPLAKIA,CANDIDIASIS & CARCINOMA IN SITU,ADVISE SYMPTOMATIC TREATMENT AND FOLLOW UP IS MUST & IF NO CHANGE AFTER 2 WEEKS & ADVISE BIOPSY ,,
IrregularL1L2RedGNADMNADPiNADSNONoHyesBsulcus,SPECKLEDLEUKOPLAKIA,CANDIDIASIS & CARCINOMA IN SITU,ADVISE SYMPTOMATIC TREATMENT AND FOLLOW UP IS MUST & IF NO CHANGE AFTER 2 WEEKS & ADVISE BIOPSY ,,
IrregularL1L2WhiteGNADMNADDarkSNONoHyesBsulcus,SPECKLEDLEUKOPLAKIA,CANDIDIASIS & CARCINOMA IN SITU,ADVISE SYMPTOMATIC TREATMENT AND FOLLOW UP IS MUST & IF NO CHANGE AFTER 2 WEEKS & ADVISE BIOPSY ,,
IrregularL1L2WhiteGNADMNADPiNADSNONoHyesBsulcus,SPECKLEDLEUKOPLAKIA,CANDIDIASIS & CARCINOMA IN SITU,ADVISE SYMPTOMATIC TREATMENT AND FOLLOW UP IS MUST & IF NO CHANGE AFTER 2 WEEKS & ADVISE BIOPSY ,,
IrregularL1M2RedwhiteGNADMNADPiNADSNONoSmokingBsulcus,SPECKLEDLEUKOPLAKIA,ORAL SQUAMOUS CELL CARCINOMA & CARCINOMA IN SITU ,ADVISE SYMPTOMATIC TREATMENT AND TO STOP THE HABIT & FOLLOW UP IS MUST & REFER TO SPECIALIST FOR BIOPSY,,
IrregularL1M2RedwhiteGNADMNADDarkSNONoSmokingBsulcus,SPECKLEDLEUKOPLAKIA,ORAL SQUAMOUS CELL CARCINOMA & CARCINOMA IN SITU ,ADVISE SYMPTOMATIC TREATMENT AND TO STOP THE HABIT & FOLLOW UP IS MUST & REFER TO SPECIALIST FOR BIOPSY,,
UNADRedwhiteGNADMNADPiNADSNONoSmokingBsulcus,SPECKLEDLEUKOPLAKIA,CANDIDIASIS & CARCINOMA IN SITU,ADVISE SYMPTOMATIC TREATMENT AND TO STOP THE HABIT & FOLLOW UP IS MUST & REFER TO SPECIALIST FOR BIOPSY,,
UNADRedwhiteGNADMNADDarkSNONoSmokingBsulcus,SPECKLEDLEUKOPLAKIA,CANDIDIASIS & CARCINOMA IN SITU,ADVISE SYMPTOMATIC TREATMENT AND TO STOP THE HABIT & FOLLOW UP IS MUST & REFER TO SPECIALIST FOR BIOPSY,,
IrregularL1M2RedwhiteGNADMNADPiNADSharpNoSmokingBsulcus,SPECKLEDLEUKOPLAKIA,TRAUMATICULCER & CARCINOMA IN SITU,ADVISE SYMPTOMATIC TREATMENT AND TO STOP THE HABIT & FOLLOW UP IS MUST & REFER TO SPECIALIST FOR BIOPSY,,
IrregularL1M2RedwhiteGNADMNADDarkSharpNoSmokingBsulcus,SPECKLEDLEUKOPLAKIA,TRAUMATICULCER & CARCINOMA IN SITU,ADVISE SYMPTOMATIC TREATMENT AND TO STOP THE HABIT & FOLLOW UP IS MUST & REFER TO SPECIALIST FOR BIOPSY,,
UNADRedwhiteGNADMNADPiNADSharpNoSmokingBsulcus,SPECKLEDLEUKOPLAKIA,TRAUMATICULCER & CARCINOMA IN SITU,ADVISE SYMPTOMATIC TREATMENT AND TO STOP THE HABIT & FOLLOW UP IS MUST & REFER TO SPECIALIST FOR BIOPSY,,
UNADRedwhiteGNADMNADDarkSharpNoSmokingBsulcus,SPECKLEDLEUKOPLAKIA,TRAUMATICULCER & CARCINOMA IN SITU,ADVISE SYMPTOMATIC TREATMENT AND TO STOP THE HABIT & FOLLOW UP IS MUST & REFER TO SPECIALIST FOR BIOPSY,,
IrregularL1L2RedGNADMNADDarkSNONoSmokingBsulcus,SPECKLEDLEUKOPLAKIA,CANDIDIASIS & CARCINOMA IN SITU,ADVISE SYMPTOMATIC TREATMENT AND FOLLOW UP IS MUST & IF NO CHANGE AFTER 2 WEEKS & ADVISE BIOPSY ,,
IrregularL1L2RedGNADMNADPiNADSNONoSmokingBsulcus,SPECKLEDLEUKOPLAKIA,CANDIDIASIS & CARCINOMA IN SITU,ADVISE SYMPTOMATIC TREATMENT AND FOLLOW UP IS MUST & IF NO CHANGE AFTER 2 WEEKS & ADVISE BIOPSY ,,
IrregularL1L2WhiteGNADMNADDarkSNONoSmokingBsulcus,SPECKLEDLEUKOPLAKIA,CANDIDIASIS & CARCINOMA IN SITU,ADVISE SYMPTOMATIC TREATMENT AND FOLLOW UP IS MUST & IF NO CHANGE AFTER 2 WEEKS & ADVISE BIOPSY ,,
IrregularL1L2WhiteGNADMNADPiNADSNONoSmokingBsulcus,SPECKLEDLEUKOPLAKIA,CANDIDIASIS & CARCINOMA IN SITU,ADVISE SYMPTOMATIC TREATMENT AND FOLLOW UP IS MUST & IF NO CHANGE AFTER 2 WEEKS & ADVISE BIOPSY ,,
IrregularL1M2RedwhiteGNADMNADPiNADSNONoHyesPalate,SPECKLEDLEUKOPLAKIA,ORAL SQUAMOUS CELL CARCINOMA & CARCINOMA IN SITU ,ADVISE SYMPTOMATIC TREATMENT AND TO STOP THE HABIT & FOLLOW UP IS MUST & REFER TO SPECIALIST FOR BIOPSY,,
IrregularL1M2RedwhiteGNADMNADDarkSNONoHyesPalate,SPECKLEDLEUKOPLAKIA,ORAL SQUAMOUS CELL CARCINOMA & CARCINOMA IN SITU ,ADVISE SYMPTOMATIC TREATMENT AND TO STOP THE HABIT & FOLLOW UP IS MUST & REFER TO SPECIALIST FOR BIOPSY,,
UNADRedwhiteGNADMNADPiNADSNONoHyesPalate,SPECKLEDLEUKOPLAKIA,CANDIDIASIS & CARCINOMA IN SITU,ADVISE SYMPTOMATIC TREATMENT AND TO STOP THE HABIT & FOLLOW UP IS MUST & REFER TO SPECIALIST FOR BIOPSY,,
UNADRedwhiteGNADMNADDarkSNONoHyesPalate,SPECKLEDLEUKOPLAKIA,CANDIDIASIS & CARCINOMA IN SITU,ADVISE SYMPTOMATIC TREATMENT AND TO STOP THE HABIT & FOLLOW UP IS MUST & REFER TO SPECIALIST FOR BIOPSY,,
IrregularL1M2RedwhiteGNADMNADPiNADSharpNoHyesPalate,SPECKLEDLEUKOPLAKIA,TRAUMATICULCER & CARCINOMA IN SITU,ADVISE SYMPTOMATIC TREATMENT AND TO STOP THE HABIT & FOLLOW UP IS MUST & REFER TO SPECIALIST FOR BIOPSY,,
IrregularL1M2RedwhiteGNADMNADDarkSharpNoHyesPalate,SPECKLEDLEUKOPLAKIA,TRAUMATICULCER & CARCINOMA IN SITU,ADVISE SYMPTOMATIC TREATMENT AND TO STOP THE HABIT & FOLLOW UP IS MUST & REFER TO SPECIALIST FOR BIOPSY,,
UNADRedwhiteGNADMNADPiNADSharpNoHyesPalate,SPECKLEDLEUKOPLAKIA,TRAUMATICULCER & CARCINOMA IN SITU,ADVISE SYMPTOMATIC TREATMENT AND TO STOP THE HABIT & FOLLOW UP IS MUST & REFER TO SPECIALIST FOR BIOPSY,,
UNADRedwhiteGNADMNADDarkSharpNoHyesPalate,SPECKLEDLEUKOPLAKIA,TRAUMATICULCER & CARCINOMA IN SITU,ADVISE SYMPTOMATIC TREATMENT AND TO STOP THE HABIT & FOLLOW UP IS MUST & REFER TO SPECIALIST FOR BIOPSY,,
IrregularL1L2RedGNADMNADDarkSNONoHyesPalate,SPECKLEDLEUKOPLAKIA,CANDIDIASIS & CARCINOMA IN SITU,ADVISE SYMPTOMATIC TREATMENT AND FOLLOW UP IS MUST & IF NO CHANGE AFTER 2 WEEKS & ADVISE BIOPSY ,,
IrregularL1L2RedGNADMNADPiNADSNONoHyesPalate,SPECKLEDLEUKOPLAKIA,CANDIDIASIS & CARCINOMA IN SITU,ADVISE SYMPTOMATIC TREATMENT AND FOLLOW UP IS MUST & IF NO CHANGE AFTER 2 WEEKS & ADVISE BIOPSY ,,
IrregularL1L2WhiteGNADMNADDarkSNONoHyesPalate,SPECKLEDLEUKOPLAKIA,CANDIDIASIS & CARCINOMA IN SITU,ADVISE SYMPTOMATIC TREATMENT AND FOLLOW UP IS MUST & IF NO CHANGE AFTER 2 WEEKS & ADVISE BIOPSY ,,
IrregularL1L2WhiteGNADMNADPiNADSNONoHyesPalate,SPECKLEDLEUKOPLAKIA,CANDIDIASIS & CARCINOMA IN SITU,ADVISE SYMPTOMATIC TREATMENT AND FOLLOW UP IS MUST & IF NO CHANGE AFTER 2 WEEKS & ADVISE BIOPSY ,,
IrregularL1M2RedwhiteGNADMNADPiNADSNONoSmokingPalate,SPECKLEDLEUKOPLAKIA,ORAL SQUAMOUS CELL CARCINOMA & CARCINOMA IN SITU ,ADVISE SYMPTOMATIC TREATMENT AND TO STOP THE HABIT & FOLLOW UP IS MUST & REFER TO SPECIALIST FOR BIOPSY,,
IrregularL1M2RedwhiteGNADMNADDarkSNONoSmokingPalate,SPECKLEDLEUKOPLAKIA,ORAL SQUAMOUS CELL CARCINOMA & CARCINOMA IN SITU ,ADVISE SYMPTOMATIC TREATMENT AND TO STOP THE HABIT & FOLLOW UP IS MUST & REFER TO SPECIALIST FOR BIOPSY,,
UNADRedwhiteGNADMNADPiNADSNONoSmokingPalate,SPECKLEDLEUKOPLAKIA,CANDIDIASIS & CARCINOMA IN SITU,ADVISE SYMPTOMATIC TREATMENT AND TO STOP THE HABIT & FOLLOW UP IS MUST & REFER TO SPECIALIST FOR BIOPSY,,
UNADRedwhiteGNADMNADDarkSNONoSmokingPalate,SPECKLEDLEUKOPLAKIA,CANDIDIASIS & CARCINOMA IN SITU,ADVISE SYMPTOMATIC TREATMENT AND TO STOP THE HABIT & FOLLOW UP IS MUST & REFER TO SPECIALIST FOR BIOPSY,,
IrregularL1M2RedwhiteGNADMNADPiNADSharpNoSmokingPalate,SPECKLEDLEUKOPLAKIA,TRAUMATICULCER & CARCINOMA IN SITU,ADVISE SYMPTOMATIC TREATMENT AND TO STOP THE HABIT & FOLLOW UP IS MUST & REFER TO SPECIALIST FOR BIOPSY,,
IrregularL1M2RedwhiteGNADMNADDarkSharpNoSmokingPalate,SPECKLEDLEUKOPLAKIA,TRAUMATICULCER & CARCINOMA IN SITU,ADVISE SYMPTOMATIC TREATMENT AND TO STOP THE HABIT & FOLLOW UP IS MUST & REFER TO SPECIALIST FOR BIOPSY,,
UNADRedwhiteGNADMNADPiNADSharpNoSmokingPalate,SPECKLEDLEUKOPLAKIA,TRAUMATICULCER & CARCINOMA IN SITU,ADVISE SYMPTOMATIC TREATMENT AND TO STOP THE HABIT & FOLLOW UP IS MUST & REFER TO SPECIALIST FOR BIOPSY,,
UNADRedwhiteGNADMNADDarkSharpNoSmokingPalate,SPECKLEDLEUKOPLAKIA,TRAUMATICULCER & CARCINOMA IN SITU,ADVISE SYMPTOMATIC TREATMENT AND TO STOP THE HABIT & FOLLOW UP IS MUST & REFER TO SPECIALIST FOR BIOPSY,,
IrregularL1L2RedGNADMNADDarkSNONoSmokingPalate,SPECKLEDLEUKOPLAKIA,CANDIDIASIS & CARCINOMA IN SITU,ADVISE SYMPTOMATIC TREATMENT AND FOLLOW UP IS MUST & IF NO CHANGE AFTER 2 WEEKS & ADVISE BIOPSY ,,
IrregularL1L2RedGNADMNADPiNADSNONoSmokingPalate,SPECKLEDLEUKOPLAKIA,CANDIDIASIS & CARCINOMA IN SITU,ADVISE SYMPTOMATIC TREATMENT AND FOLLOW UP IS MUST & IF NO CHANGE AFTER 2 WEEKS & ADVISE BIOPSY ,,
IrregularL1L2WhiteGNADMNADDarkSNONoSmokingPalate,SPECKLEDLEUKOPLAKIA,CANDIDIASIS & CARCINOMA IN SITU,ADVISE SYMPTOMATIC TREATMENT AND FOLLOW UP IS MUST & IF NO CHANGE AFTER 2 WEEKS & ADVISE BIOPSY ,,
IrregularL1L2WhiteGNADMNADPiNADSNONoSmokingPalate,SPECKLEDLEUKOPLAKIA,CANDIDIASIS & CARCINOMA IN SITU,ADVISE SYMPTOMATIC TREATMENT AND FOLLOW UP IS MUST & IF NO CHANGE AFTER 2 WEEKS & ADVISE BIOPSY ,,
IrregularL1M2RedwhiteGNADMNADPiNADSNONoHyesDorsumtongue,SPECKLEDLEUKOPLAKIA,ORAL SQUAMOUS CELL CARCINOMA & CARCINOMA IN SITU ,ADVISE SYMPTOMATIC TREATMENT AND TO STOP THE HABIT & FOLLOW UP IS MUST & REFER TO SPECIALIST FOR BIOPSY,,
IrregularL1M2RedwhiteGNADMNADDarkSNONoHyesDorsumtongue,SPECKLEDLEUKOPLAKIA,ORAL SQUAMOUS CELL CARCINOMA & CARCINOMA IN SITU ,ADVISE SYMPTOMATIC TREATMENT AND TO STOP THE HABIT & FOLLOW UP IS MUST & REFER TO SPECIALIST FOR BIOPSY,,
UNADRedwhiteGNADMNADPiNADSNONoHyesDorsumtongue,SPECKLEDLEUKOPLAKIA,CANDIDIASIS  &  GEOGRAPHIC TONGUE,ADVISE SYMPTOMATIC TREATMENT AND TO STOP THE HABIT & FOLLOW UP IS MUST & REFER TO SPECIALIST FOR BIOPSY,,
UNADRedwhiteGNADMNADDarkSNONoHyesDorsumtongue,SPECKLEDLEUKOPLAKIA,CANDIDIASIS & CARCINOMA IN SITU,ADVISE SYMPTOMATIC TREATMENT AND TO STOP THE HABIT & FOLLOW UP IS MUST & REFER TO SPECIALIST FOR BIOPSY,,
IrregularL1M2RedwhiteGNADMNADPiNADSharpNoHyesDorsumtongue,SPECKLEDLEUKOPLAKIA,TRAUMATICULCER & CARCINOMA IN SITU,ADVISE SYMPTOMATIC TREATMENT AND TO STOP THE HABIT & FOLLOW UP IS MUST & REFER TO SPECIALIST FOR BIOPSY,,
IrregularL1M2RedwhiteGNADMNADDarkSharpNoHyesDorsumtongue,SPECKLEDLEUKOPLAKIA,TRAUMATICULCER & CARCINOMA IN SITU,ADVISE SYMPTOMATIC TREATMENT AND TO STOP THE HABIT & FOLLOW UP IS MUST & REFER TO SPECIALIST FOR BIOPSY,,
UNADRedwhiteGNADMNADPiNADSharpNoHyesDorsumtongue,SPECKLEDLEUKOPLAKIA,TRAUMATICULCER & CARCINOMA IN SITU,ADVISE SYMPTOMATIC TREATMENT AND TO STOP THE HABIT & FOLLOW UP IS MUST & REFER TO SPECIALIST FOR BIOPSY,,
UNADRedwhiteGNADMNADDarkSharpNoHyesDorsumtongue,SPECKLEDLEUKOPLAKIA,TRAUMATICULCER & CARCINOMA IN SITU,ADVISE SYMPTOMATIC TREATMENT AND TO STOP THE HABIT & FOLLOW UP IS MUST & REFER TO SPECIALIST FOR BIOPSY,,
IrregularL1L2RedGNADMNADDarkSNONoHyesDorsumtongue,SPECKLEDLEUKOPLAKIA,CANDIDIASIS & CARCINOMA IN SITU,ADVISE SYMPTOMATIC TREATMENT AND FOLLOW UP IS MUST & IF NO CHANGE AFTER 2 WEEKS & ADVISE BIOPSY ,,
IrregularL1L2RedGNADMNADPiNADSNONoHyesDorsumtongue,SPECKLEDLEUKOPLAKIA,CANDIDIASIS & CARCINOMA IN SITU,ADVISE SYMPTOMATIC TREATMENT AND FOLLOW UP IS MUST & IF NO CHANGE AFTER 2 WEEKS & ADVISE BIOPSY ,,
IrregularL1L2WhiteGNADMNADDarkSNONoHyesDorsumtongue,SPECKLEDLEUKOPLAKIA,CANDIDIASIS & CARCINOMA IN SITU,ADVISE SYMPTOMATIC TREATMENT AND FOLLOW UP IS MUST & IF NO CHANGE AFTER 2 WEEKS & ADVISE BIOPSY ,,
IrregularL1L2WhiteGNADMNADPiNADSNONoHyesDorsumtongue,SPECKLEDLEUKOPLAKIA,CANDIDIASIS & CARCINOMA IN SITU,ADVISE SYMPTOMATIC TREATMENT AND FOLLOW UP IS MUST & IF NO CHANGE AFTER 2 WEEKS & ADVISE BIOPSY ,,
IrregularL1M2RedwhiteGNADMNADPiNADSNONoSmokingDorsumtongue,SPECKLEDLEUKOPLAKIA,ORAL SQUAMOUS CELL CARCINOMA & CARCINOMA IN SITU ,ADVISE SYMPTOMATIC TREATMENT AND TO STOP THE HABIT & FOLLOW UP IS MUST & REFER TO SPECIALIST FOR BIOPSY,,
IrregularL1M2RedwhiteGNADMNADDarkSNONoSmokingDorsumtongue,SPECKLEDLEUKOPLAKIA,ORAL SQUAMOUS CELL CARCINOMA & CARCINOMA IN SITU ,ADVISE SYMPTOMATIC TREATMENT AND TO STOP THE HABIT & FOLLOW UP IS MUST & REFER TO SPECIALIST FOR BIOPSY,,
UNADRedwhiteGNADMNADPiNADSNONoSmokingDorsumtongue,SPECKLEDLEUKOPLAKIA,CANDIDIASIS & CARCINOMA IN SITU,ADVISE SYMPTOMATIC TREATMENT AND TO STOP THE HABIT & FOLLOW UP IS MUST & REFER TO SPECIALIST FOR BIOPSY,,
UNADRedwhiteGNADMNADDarkSNONoSmokingDorsumtongue,SPECKLEDLEUKOPLAKIA,CANDIDIASIS & CARCINOMA IN SITU,ADVISE SYMPTOMATIC TREATMENT AND TO STOP THE HABIT & FOLLOW UP IS MUST & REFER TO SPECIALIST FOR BIOPSY,,
IrregularL1M2RedwhiteGNADMNADPiNADSharpNoSmokingDorsumtongue,SPECKLEDLEUKOPLAKIA,TRAUMATICULCER & CARCINOMA IN SITU,ADVISE SYMPTOMATIC TREATMENT AND TO STOP THE HABIT & FOLLOW UP IS MUST & REFER TO SPECIALIST FOR BIOPSY,,
IrregularL1M2RedwhiteGNADMNADDarkSharpNoSmokingDorsumtongue,SPECKLEDLEUKOPLAKIA,TRAUMATICULCER & CARCINOMA IN SITU,ADVISE SYMPTOMATIC TREATMENT AND TO STOP THE HABIT & FOLLOW UP IS MUST & REFER TO SPECIALIST FOR BIOPSY,,
UNADRedwhiteGNADMNADPiNADSharpNoSmokingDorsumtongue,SPECKLEDLEUKOPLAKIA,TRAUMATICULCER & CARCINOMA IN SITU,ADVISE SYMPTOMATIC TREATMENT AND TO STOP THE HABIT & FOLLOW UP IS MUST & REFER TO SPECIALIST FOR BIOPSY,,
UNADRedwhiteGNADMNADDarkSharpNoSmokingDorsumtongue,SPECKLEDLEUKOPLAKIA,TRAUMATICULCER & CARCINOMA IN SITU,ADVISE SYMPTOMATIC TREATMENT AND TO STOP THE HABIT & FOLLOW UP IS MUST & REFER TO SPECIALIST FOR BIOPSY,,
IrregularL1L2RedGNADMNADDarkSNONoSmokingDorsumtongue,SPECKLEDLEUKOPLAKIA,CANDIDIASIS & CARCINOMA IN SITU,ADVISE SYMPTOMATIC TREATMENT AND FOLLOW UP IS MUST & IF NO CHANGE AFTER 2 WEEKS & ADVISE BIOPSY ,,
IrregularL1L2RedGNADMNADPiNADSNONoSmokingDorsumtongue,SPECKLEDLEUKOPLAKIA,CANDIDIASIS & CARCINOMA IN SITU,ADVISE SYMPTOMATIC TREATMENT AND FOLLOW UP IS MUST & IF NO CHANGE AFTER 2 WEEKS & ADVISE BIOPSY ,,
IrregularL1L2WhiteGNADMNADDarkSNONoSmokingDorsumtongue,SPECKLEDLEUKOPLAKIA,CANDIDIASIS & CARCINOMA IN SITU,ADVISE SYMPTOMATIC TREATMENT AND FOLLOW UP IS MUST & IF NO CHANGE AFTER 2 WEEKS & ADVISE BIOPSY ,,
IrregularL1L2WhiteGNADMNADPiNADSNONoSmokingDorsumtongue,SPECKLEDLEUKOPLAKIA,CANDIDIASIS & CARCINOMA IN SITU,ADVISE SYMPTOMATIC TREATMENT AND FOLLOW UP IS MUST & IF NO CHANGE AFTER 2 WEEKS & ADVISE BIOPSY ,,
UNADRedGNADMNADDarkSNONoHyesBmucosa,SPECKLEDLEUKOPLAKIA,CANDIDIASIS & CARCINOMA IN SITU,ADVISE SYMPTOMATIC TREATMENT AND FOLLOW UP IS MUST & IF NO CHANGE AFTER 2 WEEKS & ADVISE BIOPSY ,,
UNADRedGNADMNADPiNADSNONoHyesBmucosa,SPECKLEDLEUKOPLAKIA,CANDIDIASIS & CARCINOMA IN SITU,ADVISE SYMPTOMATIC TREATMENT AND FOLLOW UP IS MUST & IF NO CHANGE AFTER 2 WEEKS & ADVISE BIOPSY ,,
UNADRedGNADMNADDarkSNONoSmokingBmucosa,SPECKLEDLEUKOPLAKIA,CANDIDIASIS & CARCINOMA IN SITU,ADVISE SYMPTOMATIC TREATMENT AND FOLLOW UP IS MUST & IF NO CHANGE AFTER 2 WEEKS & ADVISE BIOPSY ,,
UNADRedGNADMNADPiNADSNONoSmokingBmucosa,SPECKLEDLEUKOPLAKIA,CANDIDIASIS & CARCINOMA IN SITU,ADVISE SYMPTOMATIC TREATMENT AND FOLLOW UP IS MUST & IF NO CHANGE AFTER 2 WEEKS & ADVISE BIOPSY ,,
UNADWhiteGNADMNADDarkSNONoSmokingBmucosa,ORALLEUKOPLAKIA,CANDIDIASIS & CARCINOMA IN SITU,ADVISE SYMPTOMATIC TREATMENT AND FOLLOW UP IS MUST & IF NO CHANGE AFTER 2 WEEKS & ADVISE BIOPSY ,,
UNADWhiteGNADMNADPiNADSNONoSmokingBmucosa,ORALLEUKOPLAKIA,CANDIDIASIS & CARCINOMA IN SITU,ADVISE SYMPTOMATIC TREATMENT AND FOLLOW UP IS MUST & IF NO CHANGE AFTER 2 WEEKS & ADVISE BIOPSY ,,
UNADRedGNADMNADDarkSNONoHyesMixedareas,SPECKLEDLEUKOPLAKIA,CANDIDIASIS & CARCINOMA IN SITU,ADVISE SYMPTOMATIC TREATMENT AND FOLLOW UP IS MUST & IF NO CHANGE AFTER 2 WEEKS & ADVISE BIOPSY ,,
UNADRedGNADMNADPiNADSNONoHyesMixedareas,SPECKLEDLEUKOPLAKIA,CANDIDIASIS & CARCINOMA IN SITU,ADVISE SYMPTOMATIC TREATMENT AND FOLLOW UP IS MUST & IF NO CHANGE AFTER 2 WEEKS & ADVISE BIOPSY ,,
UNADRedGNADMNADDarkSNONoSmokingMixedareas,SPECKLEDLEUKOPLAKIA,CANDIDIASIS & CARCINOMA IN SITU,ADVISE SYMPTOMATIC TREATMENT AND FOLLOW UP IS MUST & IF NO CHANGE AFTER 2 WEEKS & ADVISE BIOPSY ,,
UNADRedGNADMNADPiNADSNONoSmokingMixedareas,SPECKLEDLEUKOPLAKIA,CANDIDIASIS & CARCINOMA IN SITU,ADVISE SYMPTOMATIC TREATMENT AND FOLLOW UP IS MUST & IF NO CHANGE AFTER 2 WEEKS & ADVISE BIOPSY ,,
UNADWhiteGNADMNADDarkSNONoSmokingMixedareas,ORALLEUKOPLAKIA,CANDIDIASIS & CARCINOMA IN SITU,ADVISE SYMPTOMATIC TREATMENT AND FOLLOW UP IS MUST & IF NO CHANGE AFTER 2 WEEKS & ADVISE BIOPSY ,,
UNADWhiteGNADMNADPiNADSNONoSmokingMixedareas,ORALLEUKOPLAKIA,CANDIDIASIS & CARCINOMA IN SITU,ADVISE SYMPTOMATIC TREATMENT AND FOLLOW UP IS MUST & IF NO CHANGE AFTER 2 WEEKS & ADVISE BIOPSY ,,
UNADRedGNADMNADDarkSNONoHyesBsulcus,SPECKLEDLEUKOPLAKIA,CANDIDIASIS & CARCINOMA IN SITU,ADVISE SYMPTOMATIC TREATMENT AND FOLLOW UP IS MUST & IF NO CHANGE AFTER 2 WEEKS & ADVISE BIOPSY ,,
UNADRedGNADMNADPiNADSNONoHyesBsulcus,SPECKLEDLEUKOPLAKIA,CANDIDIASIS & CARCINOMA IN SITU,ADVISE SYMPTOMATIC TREATMENT AND FOLLOW UP IS MUST & IF NO CHANGE AFTER 2 WEEKS & ADVISE BIOPSY ,,
UNADRedGNADMNADDarkSNONoSmokingBsulcus,SPECKLEDLEUKOPLAKIA,CANDIDIASIS & CARCINOMA IN SITU,ADVISE SYMPTOMATIC TREATMENT AND FOLLOW UP IS MUST & IF NO CHANGE AFTER 2 WEEKS & ADVISE BIOPSY ,,
UNADRedGNADMNADPiNADSNONoSmokingBsulcus,SPECKLEDLEUKOPLAKIA,CANDIDIASIS & CARCINOMA IN SITU,ADVISE SYMPTOMATIC TREATMENT AND FOLLOW UP IS MUST & IF NO CHANGE AFTER 2 WEEKS & ADVISE BIOPSY ,,
UNADRedGNADMNADDarkSNONoHyesPalate,SPECKLEDLEUKOPLAKIA,CANDIDIASIS & CARCINOMA IN SITU,ADVISE SYMPTOMATIC TREATMENT AND FOLLOW UP IS MUST & IF NO CHANGE AFTER 2 WEEKS & ADVISE BIOPSY ,,
UNADRedGNADMNADPiNADSNONoHyesPalate,SPECKLEDLEUKOPLAKIA,CANDIDIASIS & CARCINOMA IN SITU,ADVISE SYMPTOMATIC TREATMENT AND FOLLOW UP IS MUST & IF NO CHANGE AFTER 2 WEEKS & ADVISE BIOPSY ,,
UNADRedGNADMNADDarkSNONoSmokingPalate,SPECKLEDLEUKOPLAKIA,CANDIDIASIS & CARCINOMA IN SITU,ADVISE SYMPTOMATIC TREATMENT AND FOLLOW UP IS MUST & IF NO CHANGE AFTER 2 WEEKS & ADVISE BIOPSY ,,
UNADRedGNADMNADPiNADSNONoSmokingPalate,SPECKLEDLEUKOPLAKIA,CANDIDIASIS & CARCINOMA IN SITU,ADVISE SYMPTOMATIC TREATMENT AND FOLLOW UP IS MUST & IF NO CHANGE AFTER 2 WEEKS & ADVISE BIOPSY ,,
UNADWhiteGNADMNADDarkSNONoSmokingPalate,ORALLEUKOPLAKIA,CANDIDIASIS & CARCINOMA IN SITU,ADVISE SYMPTOMATIC TREATMENT AND FOLLOW UP IS MUST & IF NO CHANGE AFTER 2 WEEKS & ADVISE BIOPSY ,,
UNADWhiteGNADMNADPiNADSNONoSmokingPalate,ORALLEUKOPLAKIA,CANDIDIASIS & CARCINOMA IN SITU,ADVISE SYMPTOMATIC TREATMENT AND FOLLOW UP IS MUST & IF NO CHANGE AFTER 2 WEEKS & ADVISE BIOPSY ,,
UNADRedGNADMNADDarkSNONoHyesDorsumtongue,SPECKLEDLEUKOPLAKIA,CANDIDIASIS & CARCINOMA IN SITU,ADVISE SYMPTOMATIC TREATMENT AND FOLLOW UP IS MUST & IF NO CHANGE AFTER 2 WEEKS & ADVISE BIOPSY ,,
UNADRedGNADMNADPiNADSNONoHyesDorsumtongue,SPECKLEDLEUKOPLAKIA,CANDIDIASIS & CARCINOMA IN SITU,ADVISE SYMPTOMATIC TREATMENT AND FOLLOW UP IS MUST & IF NO CHANGE AFTER 2 WEEKS & ADVISE BIOPSY ,,
UNADRedGNADMNADDarkSNONoSmokingDorsumtongue,SPECKLEDLEUKOPLAKIA,CANDIDIASIS & CARCINOMA IN SITU,ADVISE SYMPTOMATIC TREATMENT AND FOLLOW UP IS MUST & IF NO CHANGE AFTER 2 WEEKS & ADVISE BIOPSY ,,
UNADRedGNADMNADPiNADSNONoSmokingDorsumtongue,SPECKLEDLEUKOPLAKIA,CANDIDIASIS & CARCINOMA IN SITU,ADVISE SYMPTOMATIC TREATMENT AND FOLLOW UP IS MUST & IF NO CHANGE AFTER 2 WEEKS & ADVISE BIOPSY ,,
UNADWhiteGNADMNADDarkSNONoSmokingDorsumtongue,SPECKLEDLEUKOPLAKIA,CANDIDIASIS & CARCINOMA IN SITU,ADVISE SYMPTOMATIC TREATMENT AND FOLLOW UP IS MUST & IF NO CHANGE AFTER 2 WEEKS & ADVISE BIOPSY ,,
UNADWhiteGNADMNADPiNADSNONoSmokingDorsumtongue,SPECKLEDLEUKOPLAKIA,CANDIDIASIS & CARCINOMA IN SITU,ADVISE SYMPTOMATIC TREATMENT AND FOLLOW UP IS MUST & IF NO CHANGE AFTER 2 WEEKS & ADVISE BIOPSY ,,
IrregularL1M2RedGNADMNADPiNADSNOYesHyesMixedareas,APTHOUS ULCER,TRAUMATICULCER & SPECKLEDLEUKOPLAKIA,ADVISE SYMPTOMATIC TREATMENT  & TO STOP THE HABIT  & OBSERVE TWO WEEKS  & REFER TO A SPECIALIST  IF NO CHANGE IN TWO WEEKS,,
UlcerroundRedwhiteGNADMarblewhitePiNADSNOYesHyesMixedareas,OSMF,SPECKLEDLEUKOPLAKIA & APTHOUS ULCER,ADVISE SYMPTOMATIC TREATMENT  & TO STOP THE HABIT  & REFER TO A SPECIALIST  FOR BIOPSY,,
IrregularM1M2RedIrregularM1MNADDarkSNOYesHyesMixedareas,VERRUCOUSLEUKOPLAKIA,SPECKLEDLEUKOPLAKIA & CARCINOMA IN SITU,ADVISE SYMPTOMATIC TREATMENT  & TO STOP THE HABIT  & REFER TO A SPECIALIST  FOR BIOPSY,,
IrregularM1M2RedwhiteIrregularM1MNADDarkSNOYesHyesMixedareas,ORAL SQUAMOUS CELL CARCINOMA,SPECKLEDLEUKOPLAKIA & CARCINOMA IN SITU,ADVISE SYMPTOMATIC TREATMENT  & TO STOP THE HABIT  & REFER TO A SPECIALIST  FOR BIOPSY,,
,,,,,
,,,,,
IrregularM1L2WhiteGNADMNADDarkSNOYesHyesMixedareas,TRAUMATICULCER ,LEUKOPLAKIA,ADVISE SYMPTOMATIC TREATMENT  & TO STOP THE HABIT  & OBSERVE TWO WEEKS  & REFER TO A SPECIALIST  IF NO CHANGE IN TWO WEEKS,,
UNADPNADIrregularM1MNADPiNADSNOYesHyesMixedareas,SQUAMOUS PAPILLOMA,FIBROMA,ADVISE SYMPTOMATIC TREATMENT  & TO STOP THE HABIT  & REFER TO A SPECIALIST  FOR BIOPSY,,
UNADRedwhiteIrregularM1MNADDarkSharpYesHyesMixedareas,VERRUCOUSLEUKOPLAKIA,SPECKLEDLEUKOPLAKIA  &  CARCINOMA IN SITU,ADVISE SYMPTOMATIC TREATMENT  & TO STOP THE HABIT  & REFER TO A SPECIALIST  FOR BIOPSY,,
UlcerroundRedwhitelinesGNADMarblewhitePiNADSharpYesHyesMixedareas,OSMF,SPECKLEDLEUKOPLAKIA  & APTHOUS ULCER,ADVISE SYMPTOMATIC TREATMENT  & TO STOP THE HABIT  & OBSERVE TWO WEEKS  & REFER TO A SPECIALIST  IF NO CHANGE IN TWO WEEKS,,
UNADPNADroundMNADDarkSharpYesHnoMixedareas,FIBROMA,TRAUMATICULCER ,ADVISE SYMPTOMATIC TREATMENT   & OBSERVE FOR SHARP TEETH   & REFER TO A SPECIALIST ,,
,,,,,
UNADRedwhiteIrregularL1MNADPiNADSNOYesHyesMixedareas,VERRUCOUSLEUKOPLAKIA,SPECKLEDLEUKOPLAKIA  &  CARCINOMA IN SITU,ADVISE SYMPTOMATIC TREATMENT  & TO STOP THE HABIT  & REFER TO A SPECIALIST  FOR BIOPSY,,
UNADWhiteGNADMNADDarkSharpYesHyesMixedareas,ORALLEUKOPLAKIA,CANDIDIASIS & FRICTIONAL KERATOSIS,ADVISE SYMPTOMATIC TREATMENT AND FOLLOW UP IS MUST & IF NO CHANGE AFTER 2 WEEKS & ADVISE BIOPSY ,,
UNADWhiteGNADMNADPiNADSharpYesHyesMixedareas,ORALLEUKOPLAKIA,CANDIDIASIS & FRICTIONAL KERATOSIS,ADVISE SYMPTOMATIC TREATMENT AND FOLLOW UP IS MUST & IF NO CHANGE AFTER 2 WEEKS & ADVISE BIOPSY ,,
,,,,,
UNADPNADIrregularL1MNADPiNADSNOYesHnoDorsumtongue,INFLAMMATORY LESION,GEOGRAPHIC TONGUE,ADVISE SYMPTOMATIC TREATMENT AND FOLLOW UP IS MUST ,,
IrregularM1M2RedwhiteIrregularM1MNADDarkSNOYes MouthHyesMixedareas,SPECKLEDLEUKOPLAKIA,CARCINOMA IN SITU & ORAL SQUAMOUS CELL CARCINOMA,REFER TO A SPECIALIST FOR BIOPSY ,,
IrregularM1M2RedwhiteIrregularM1MNADPiNADSNOYes MouthHyesMixedareas,SPECKLEDLEUKOPLAKIA,CARCINOMA IN SITU & ORAL SQUAMOUS CELL CARCINOMA,REFER TO A SPECIALIST FOR BIOPSY ,,
IrregularM1M2RedwhiteIrregularM1MNADDarkSNOYes MouthSmokingMixedareas,SPECKLEDLEUKOPLAKIA,CARCINOMA IN SITU & ORAL SQUAMOUS CELL CARCINOMA,REFER TO A SPECIALIST FOR BIOPSY ,,
IrregularM1M2RedwhiteIrregularM1MNADPiNADSNOYes MouthSmokingMixedareas,SPECKLEDLEUKOPLAKIA,CARCINOMA IN SITU & ORAL SQUAMOUS CELL CARCINOMA,REFER TO A SPECIALIST FOR BIOPSY ,,
IrregularM1M2PNADGNADMNADPiNADSharpYesHnoMixedareas,TRAUMATICULCER ,APTHOUS ULCER & SPECKLED LEUKOPLAKIA,ADVISE SYMPTOMATIC TREATMENT   & OBSERVE FOR SHARP TEETH   & REFER TO A SPECIALIST ,,
IrregularM1M2PNADGNADMNADDarkSharpYesHnoMixedareas,TRAUMATICULCER ,APTHOUS ULCER & SPECKLED LEUKOPLAKIA,ADVISE SYMPTOMATIC TREATMENT   & OBSERVE FOR SHARP TEETH   & REFER TO A SPECIALIST ,,
UNADWhiteGNADMNADPiNADSharpYes MouthHyesMixedareas,ORALLEUKOPLAKIA,FRICTIONAL KERATOSIS & CANDIDIASIS,SYMTOMATIC TREATMENT & FOLLOW UP IS NEEDED,,
UNADWhiteGNADMNADDarkSharpNoHyesMixedareas,ORALLEUKOPLAKIA,FRICTIONAL KERATOSIS & CANDIDIASIS,SYMTOMATIC TREATMENT & FOLLOW UP IS NEEDED,,
UNADWhiteGNADMNADDarkSharpYes MouthHyesMixedareas,ORALLEUKOPLAKIA,FRICTIONAL KERATOSIS & CANDIDIASIS,SYMTOMATIC TREATMENT & FOLLOW UP IS NEEDED,,
UNADWhiteGNADMNADPiNADSharpNoHyesMixedareas,ORALLEUKOPLAKIA,FRICTIONAL KERATOSIS & CANDIDIASIS,SYMTOMATIC TREATMENT & FOLLOW UP IS NEEDED,,
UNADPNADIrregularL1MNADDarkSharpYes MouthHyesMixedareas,FIBROMA,FIBROEPITHELIAL POLYP & GRANULOMA,EXCISIONAL BIOPSY IS NEEDED REFER TO SPECIALIST & OBSERVE SHARP TEETH,,
UNADPNADIrregularL1MNADDarkSharpYes MouthHNoMixedareas,FIBROMA,FIBROEPITHELIAL POLYP & GRANULOMA,EXCISIONAL BIOPSY IS NEEDED REFER TO SPECIALIST & OBSERVE SHARP TEETH,,
UNADPNADIrregularL1MNADDarkSharpNoHyesMixedareas,FIBROMA,FIBROEPITHELIAL POLYP & GRANULOMA,EXCISIONAL BIOPSY IS NEEDED REFER TO SPECIALIST & OBSERVE SHARP TEETH,,
UNADPNADIrregularL1MNADPiNADSharpYes MouthHyesMixedareas,FIBROMA,FIBROEPITHELIAL POLYP & GRANULOMA,EXCISIONAL BIOPSY IS NEEDED REFER TO SPECIALIST & OBSERVE SHARP TEETH,,
UNADPNADIrregularL1MNADPiNADSharpYes MouthHnoMixedareas,FIBROMA,FIBROEPITHELIAL POLYP & GRANULOMA,EXCISIONAL BIOPSY IS NEEDED REFER TO SPECIALIST & OBSERVE SHARP TEETH,,
UNADPNADIrregularL1MNADPiNADSharpNoHyesMixedareas,FIBROMA,FIBROEPITHELIAL POLYP & GRANULOMA,EXCISIONAL BIOPSY IS NEEDED REFER TO SPECIALIST & OBSERVE SHARP TEETH,,
UNADPNADIrregularL1MNADDarkSharpNoHnoMixedareas,FIBROMA,FIBROEPITHELIAL POLYP & GRANULOMA,EXCISIONAL BIOPSY IS NEEDED REFER TO SPECIALIST & OBSERVE SHARP TEETH,,
UNADPNADIrregularL1MNADPiNADSharpNoHnoMixedareas,FIBROMA,FIBROEPITHELIAL POLYP & GRANULOMA,EXCISIONAL BIOPSY IS NEEDED REFER TO SPECIALIST & OBSERVE SHARP TEETH,,
UNADPNADIrregularL1MNADDarkSharpYesHyesMixedareas,FIBROMA,FIBROEPITHELIAL POLYP & GRANULOMA,EXCISIONAL BIOPSY IS NEEDED REFER TO SPECIALIST & OBSERVE SHARP TEETH,,
UNADPNADIrregularL1MNADDarkSharpYesHNoMixedareas,FIBROMA,FIBROEPITHELIAL POLYP & GRANULOMA,EXCISIONAL BIOPSY IS NEEDED REFER TO SPECIALIST & OBSERVE SHARP TEETH,,
UNADPNADIrregularL1MNADPiNADSharpYesHyesMixedareas,FIBROMA,FIBROEPITHELIAL POLYP & GRANULOMA,EXCISIONAL BIOPSY IS NEEDED REFER TO SPECIALIST & OBSERVE SHARP TEETH,,
UNADPNADIrregularL1MNADPiNADSharpYesHnoMixedareas,FIBROMA,FIBROEPITHELIAL POLYP & GRANULOMA,EXCISIONAL BIOPSY IS NEEDED REFER TO SPECIALIST & OBSERVE SHARP TEETH,,
UNADWhiteGNADMNADPiNADSharpYes MouthSmokingMixedareas,ORALLEUKOPLAKIA,FRICTIONAL KERATOSIS & CANDIDIASIS,SYMTOMATIC TREATMENT & FOLLOW UP IS NEEDED,,
UNADWhiteGNADMNADDarkSharpYes MouthSmokingMixedareas,ORALLEUKOPLAKIA,FRICTIONAL KERATOSIS & CANDIDIASIS,SYMTOMATIC TREATMENT & FOLLOW UP IS NEEDED,,
UNADPNADIrregularL1MNADDarkSharpYes MouthSmokingMixedareas,FIBROMA,FIBROEPITHELIAL POLYP & GRANULOMA,EXCISIONAL BIOPSY IS NEEDED REFER TO SPECIALIST & OBSERVE SHARP TEETH,,
UNADPNADIrregularL1MNADDarkSharpNoSmokingMixedareas,FIBROMA,FIBROEPITHELIAL POLYP & GRANULOMA,EXCISIONAL BIOPSY IS NEEDED REFER TO SPECIALIST & OBSERVE SHARP TEETH,,
UNADPNADIrregularL1MNADPiNADSharpYes MouthSmokingMixedareas,FIBROMA,FIBROEPITHELIAL POLYP & GRANULOMA,EXCISIONAL BIOPSY IS NEEDED REFER TO SPECIALIST & OBSERVE SHARP TEETH,,
UNADPNADIrregularL1MNADPiNADSharpNoSmokingMixedareas,FIBROMA,FIBROEPITHELIAL POLYP & GRANULOMA,EXCISIONAL BIOPSY IS NEEDED REFER TO SPECIALIST & OBSERVE SHARP TEETH,,
UNADPNADIrregularL1MNADDarkSharpYesSmokingMixedareas,FIBROMA,FIBROEPITHELIAL POLYP & GRANULOMA,EXCISIONAL BIOPSY IS NEEDED REFER TO SPECIALIST & OBSERVE SHARP TEETH,,
UNADPNADIrregularL1MNADPiNADSharpYesSmokingMixedareas,FIBROMA,FIBROEPITHELIAL POLYP & GRANULOMA,EXCISIONAL BIOPSY IS NEEDED REFER TO SPECIALIST & OBSERVE SHARP TEETH,,
,,,,,
IrregularL1M2RedGNADMNADPiNADSNOYesHyesMixedareas,APTHOUS ULCER,TRAUMATICULCER & SPECKLEDLEUKOPLAKIA,ADVISE SYMPTOMATIC TREATMENT  & TO STOP THE HABIT  & OBSERVE TWO WEEKS  & REFER TO A SPECIALIST  IF NO CHANGE IN TWO WEEKS,,
UlcerroundRedwhiteGNADMarblewhitePiNADSNOYesHyesMixedareas,OSMF,SPECKLEDLEUKOPLAKIA & APTHOUS ULCER,ADVISE SYMPTOMATIC TREATMENT  & TO STOP THE HABIT  & REFER TO A SPECIALIST  FOR BIOPSY,,
,,,,,
UNADRedwhitelinesGNADMNADDarkSNONoHnoMixedareas,ORAL LICHEN PLANUS,SPECKLEDLEUKOPLAKIA & CANDIDIASIS,SYMPTOMATIC TREATMENT & FOLLOW UP IS MUST,,
UNADRedwhitelinesGNADMNADDarkSNONoHnoDorsumtongue,ORAL LICHEN PLANUS,SPECKLEDLEUKOPLAKIA & CANDIDIASIS,SYMPTOMATIC TREATMENT & FOLLOW UP IS MUST,,
UNADRedwhitelinesGNADMNADDarkSNONoHnoBmucosa,ORAL LICHEN PLANUS,SPECKLEDLEUKOPLAKIA & CANDIDIASIS,SYMPTOMATIC TREATMENT & FOLLOW UP IS MUST,,
UNADRedwhitelinesGNADMNADDarkSNONoHnoBsulcus,ORAL LICHEN PLANUS,SPECKLEDLEUKOPLAKIA & CANDIDIASIS,SYMPTOMATIC TREATMENT & FOLLOW UP IS MUST,,
UNADRedwhitelinesGNADMNADDarkSNONoHnoPalate,ORAL LICHEN PLANUS,SPECKLEDLEUKOPLAKIA & CANDIDIASIS,SYMPTOMATIC TREATMENT & FOLLOW UP IS MUST,,
UNADPNADIrregularL1MNADDarkSharpYes MouthHyesBmucosa,FIBROMA,FIBROEPITHELIAL POLYP & GRANULOMA,EXCISIONAL BIOPSY IS NEEDED REFER TO SPECIALIST & OBSERVE SHARP TEETH,,
UNADPNADIrregularL1MNADPiNADSharpYes MouthHyesBmucosa,FIBROMA,FIBROEPITHELIAL POLYP & GRANULOMA,EXCISIONAL BIOPSY IS NEEDED REFER TO SPECIALIST & OBSERVE SHARP TEETH,,
,,,,,
UNADPNADIrregularL1MNADDarkSharpNoHyesBmucosa,FIBROMA,FIBROEPITHELIAL POLYP & GRANULOMA,EXCISIONAL BIOPSY IS NEEDED REFER TO SPECIALIST & OBSERVE SHARP TEETH,,
UNADPNADIrregularL1MNADPiNADSharpNoHyesBmucosa,FIBROMA,FIBROEPITHELIAL POLYP & GRANULOMA,EXCISIONAL BIOPSY IS NEEDED REFER TO SPECIALIST & OBSERVE SHARP TEETH,,
UNADPNADIrregularL1MNADDarkSharpYes MouthHnoBmucosa,FIBROMA,FIBROEPITHELIAL POLYP & GRANULOMA,EXCISIONAL BIOPSY IS NEEDED REFER TO SPECIALIST & OBSERVE SHARP TEETH,,
UNADPNADIrregularL1MNADPiNADSharpYes MouthHnoBmucosa,FIBROMA,FIBROEPITHELIAL POLYP & GRANULOMA,EXCISIONAL BIOPSY IS NEEDED REFER TO SPECIALIST & OBSERVE SHARP TEETH,,
UNADPNADIrregularL1MNADDarkSharpNoHnoBmucosa,FIBROMA,FIBROEPITHELIAL POLYP & GRANULOMA,EXCISIONAL BIOPSY IS NEEDED REFER TO SPECIALIST & OBSERVE SHARP TEETH,,
UNADPNADIrregularL1MNADPiNADSharpNoHnoBmucosa,FIBROMA,FIBROEPITHELIAL POLYP & GRANULOMA,EXCISIONAL BIOPSY IS NEEDED REFER TO SPECIALIST & OBSERVE SHARP TEETH,,
,,,,,
UNADPNADIrregularL1MNADDarkSharpYes MouthHyesBsulcus,FIBROMA,FIBROEPITHELIAL POLYP & GRANULOMA,EXCISIONAL BIOPSY IS NEEDED REFER TO SPECIALIST & OBSERVE SHARP TEETH,,
UNADPNADIrregularL1MNADPiNADSharpYes MouthHyesBsulcus,FIBROMA,FIBROEPITHELIAL POLYP & GRANULOMA,EXCISIONAL BIOPSY IS NEEDED REFER TO SPECIALIST & OBSERVE SHARP TEETH,,
UNADPNADIrregularL1MNADDarkSharpNoHyesBsulcus,FIBROMA,FIBROEPITHELIAL POLYP & GRANULOMA,EXCISIONAL BIOPSY IS NEEDED REFER TO SPECIALIST & OBSERVE SHARP TEETH,,
UNADPNADIrregularL1MNADPiNADSharpNoHyesBsulcus,FIBROMA,FIBROEPITHELIAL POLYP & GRANULOMA,EXCISIONAL BIOPSY IS NEEDED REFER TO SPECIALIST & OBSERVE SHARP TEETH,,
UNADPNADIrregularL1MNADDarkSharpYes MouthHnoBsulcus,FIBROMA,FIBROEPITHELIAL POLYP & GRANULOMA,EXCISIONAL BIOPSY IS NEEDED REFER TO SPECIALIST & OBSERVE SHARP TEETH,,
UNADPNADIrregularL1MNADPiNADSharpYes MouthHnoBsulcus,FIBROMA,FIBROEPITHELIAL POLYP & GRANULOMA,EXCISIONAL BIOPSY IS NEEDED REFER TO SPECIALIST & OBSERVE SHARP TEETH,,
UNADPNADIrregularL1MNADDarkSharpNoHnoBsulcus,FIBROMA,FIBROEPITHELIAL POLYP & GRANULOMA,EXCISIONAL BIOPSY IS NEEDED REFER TO SPECIALIST & OBSERVE SHARP TEETH,,
UNADPNADIrregularL1MNADPiNADSharpNoHnoBsulcus,FIBROMA,FIBROEPITHELIAL POLYP & GRANULOMA,EXCISIONAL BIOPSY IS NEEDED REFER TO SPECIALIST & OBSERVE SHARP TEETH,,
,,,,,
UNADPNADIrregularL1MNADDarkSharpYes MouthHyesDorsumtongue,FIBROMA,FIBROEPITHELIAL POLYP & GRANULOMA,EXCISIONAL BIOPSY IS NEEDED REFER TO SPECIALIST & OBSERVE SHARP TEETH,,
UNADPNADIrregularL1MNADPiNADharpYes MouthHyesDorsumtongue,FIBROMA,FIBROEPITHELIAL POLYP & GRANULOMA,EXCISIONAL BIOPSY IS NEEDED REFER TO SPECIALIST & OBSERVE SHARP TEETH,,
UNADPNADIrregularL1MNADDarkSharpNoHyesDorsumtongue,FIBROMA,FIBROEPITHELIAL POLYP & GRANULOMA,EXCISIONAL BIOPSY IS NEEDED REFER TO SPECIALIST & OBSERVE SHARP TEETH,,
UNADPNADIrregularL1MNADPiNADSharpNoHyesDorsumtongue,FIBROMA,FIBROEPITHELIAL POLYP & GRANULOMA,EXCISIONAL BIOPSY IS NEEDED REFER TO SPECIALIST & OBSERVE SHARP TEETH,,
UNADPNADIrregularL1MNADDarkSharpYes MouthHnoDorsumtongue,FIBROMA,FIBROEPITHELIAL POLYP & GRANULOMA,EXCISIONAL BIOPSY IS NEEDED REFER TO SPECIALIST & OBSERVE SHARP TEETH,,
UNADPNADIrregularL1MNADPiNADSharpYes MouthHnoDorsumtongue,FIBROMA,FIBROEPITHELIAL POLYP & GRANULOMA,EXCISIONAL BIOPSY IS NEEDED REFER TO SPECIALIST & OBSERVE SHARP TEETH,,
UNADPNADIrregularL1MNADDarkSharpNoHnoDorsumtongue,FIBROMA,FIBROEPITHELIAL POLYP & GRANULOMA,EXCISIONAL BIOPSY IS NEEDED REFER TO SPECIALIST & OBSERVE SHARP TEETH,,
UNADPNADIrregularL1MNADPiNADSharpNoHnoDorsumtongue,FIBROMA,FIBROEPITHELIAL POLYP & GRANULOMA,EXCISIONAL BIOPSY IS NEEDED REFER TO SPECIALIST & OBSERVE SHARP TEETH,,
,,,,,
UNADPNADIrregularL1MNADDarkSharpYes MouthHyesPalate,FIBROMA,FIBROEPITHELIAL POLYP & GRANULOMA,EXCISIONAL BIOPSY IS NEEDED REFER TO SPECIALIST & OBSERVE SHARP TEETH,,
UNADPNADIrregularL1MNADPiNADSharpYes MouthHyesPalate,FIBROMA,FIBROEPITHELIAL POLYP & GRANULOMA,EXCISIONAL BIOPSY IS NEEDED REFER TO SPECIALIST & OBSERVE SHARP TEETH,,
UNADPNADIrregularL1MNADDarkSharpNoHyesPalate,FIBROMA,FIBROEPITHELIAL POLYP & GRANULOMA,EXCISIONAL BIOPSY IS NEEDED REFER TO SPECIALIST & OBSERVE SHARP TEETH,,
UNADPNADIrregularL1MNADPiNADSharpNoHyesPalate,FIBROMA,FIBROEPITHELIAL POLYP & GRANULOMA,EXCISIONAL BIOPSY IS NEEDED REFER TO SPECIALIST & OBSERVE SHARP TEETH,,
UNADPNADIrregularL1MNADDarkSharpYes MouthHnoPalate,FIBROMA,FIBROEPITHELIAL POLYP & GRANULOMA,EXCISIONAL BIOPSY IS NEEDED REFER TO SPECIALIST & OBSERVE SHARP TEETH,,
UNADPNADIrregularL1MNADPiNADSharpYes MouthHnoPalate,FIBROMA,FIBROEPITHELIAL POLYP & GRANULOMA,EXCISIONAL BIOPSY IS NEEDED REFER TO SPECIALIST & OBSERVE SHARP TEETH,,
UNADPNADIrregularL1MNADDarkSharpNoHnoPalate,FIBROMA,FIBROEPITHELIAL POLYP & GRANULOMA,EXCISIONAL BIOPSY IS NEEDED REFER TO SPECIALIST & OBSERVE SHARP TEETH,,
UNADPNADIrregularL1MNADPiNADSharpNoHnoPalate,FIBROMA,FIBROEPITHELIAL POLYP & GRANULOMA,EXCISIONAL BIOPSY IS NEEDED REFER TO SPECIALIST & OBSERVE SHARP TEETH,,
,,,,,
UNADPNADIrregularL1MNADDarkSharpYes MouthSmokingBmucosa,FIBROMA,FIBROEPITHELIAL POLYP & GRANULOMA,EXCISIONAL BIOPSY IS NEEDED REFER TO SPECIALIST & OBSERVE SHARP TEETH,,
UNADPNADIrregularL1MNADPiNADSharpYes MouthSmokingBmucosa,FIBROMA,FIBROEPITHELIAL POLYP & GRANULOMA,EXCISIONAL BIOPSY IS NEEDED REFER TO SPECIALIST & OBSERVE SHARP TEETH,,
UNADPNADIrregularL1MNADDarkSharpNoSmokingBmucosa,FIBROMA,FIBROEPITHELIAL POLYP & GRANULOMA,EXCISIONAL BIOPSY IS NEEDED REFER TO SPECIALIST & OBSERVE SHARP TEETH,,
UNADPNADIrregularL1MNADPiNADSharpNoSmokingBmucosa,FIBROMA,FIBROEPITHELIAL POLYP & GRANULOMA,EXCISIONAL BIOPSY IS NEEDED REFER TO SPECIALIST & OBSERVE SHARP TEETH,,
UNADPNADIrregularL1MNADDarkSharpYes MouthSmokingBsulcus,FIBROMA,FIBROEPITHELIAL POLYP & GRANULOMA,EXCISIONAL BIOPSY IS NEEDED REFER TO SPECIALIST & OBSERVE SHARP TEETH,,
UNADPNADIrregularL1MNADPiNADSharpYes MouthSmokingBsulcus,FIBROMA,FIBROEPITHELIAL POLYP & GRANULOMA,EXCISIONAL BIOPSY IS NEEDED REFER TO SPECIALIST & OBSERVE SHARP TEETH,,
UNADPNADIrregularL1MNADDarkSharpNoSmokingBsulcus,FIBROMA,FIBROEPITHELIAL POLYP & GRANULOMA,EXCISIONAL BIOPSY IS NEEDED REFER TO SPECIALIST & OBSERVE SHARP TEETH,,
UNADPNADIrregularL1MNADPiNADSharpNoSmokingBsulcus,FIBROMA,FIBROEPITHELIAL POLYP & GRANULOMA,EXCISIONAL BIOPSY IS NEEDED REFER TO SPECIALIST & OBSERVE SHARP TEETH,,
UNADPNADIrregularL1MNADDarkSharpYes MouthSmokingDorsumtongue,FIBROMA,FIBROEPITHELIAL POLYP & GRANULOMA,EXCISIONAL BIOPSY IS NEEDED REFER TO SPECIALIST & OBSERVE SHARP TEETH,,
UNADPNADIrregularL1MNADPiNADharpYes MouthSmokingDorsumtongue,FIBROMA,FIBROEPITHELIAL POLYP & GRANULOMA,EXCISIONAL BIOPSY IS NEEDED REFER TO SPECIALIST & OBSERVE SHARP TEETH,,
UNADPNADIrregularL1MNADDarkSharpNoSmokingDorsumtongue,FIBROMA,FIBROEPITHELIAL POLYP & GRANULOMA,EXCISIONAL BIOPSY IS NEEDED REFER TO SPECIALIST & OBSERVE SHARP TEETH,,
UNADPNADIrregularL1MNADPiNADSharpNoSmokingDorsumtongue,FIBROMA,FIBROEPITHELIAL POLYP & GRANULOMA,EXCISIONAL BIOPSY IS NEEDED REFER TO SPECIALIST & OBSERVE SHARP TEETH,,
UNADPNADIrregularL1MNADDarkSharpYes MouthSmokingPalate,FIBROMA,FIBROEPITHELIAL POLYP & GRANULOMA,EXCISIONAL BIOPSY IS NEEDED REFER TO SPECIALIST & OBSERVE SHARP TEETH,,
UNADPNADIrregularL1MNADPiNADSharpYes MouthSmokingPalate,FIBROMA,FIBROEPITHELIAL POLYP & GRANULOMA,EXCISIONAL BIOPSY IS NEEDED REFER TO SPECIALIST & OBSERVE SHARP TEETH,,
UNADPNADIrregularL1MNADDarkSharpNoSmokingPalate,FIBROMA,FIBROEPITHELIAL POLYP & GRANULOMA,EXCISIONAL BIOPSY IS NEEDED REFER TO SPECIALIST & OBSERVE SHARP TEETH,,
UNADPNADIrregularL1MNADPiNADSharpNoSmokingPalate,FIBROMA,FIBROEPITHELIAL POLYP & GRANULOMA,EXCISIONAL BIOPSY IS NEEDED REFER TO SPECIALIST & OBSERVE SHARP TEETH,,
IrregularM1M2RedwhiteIrregularM1MNADDarkSNOYesHyesBmucosa,ORAL SQUAMOUS CELL CARCINOMA,SPECKLED LEUKOPLAKIA & CARCINOMA IN SITU & ORAL LEUKOPLAKIA,ADVISE SYMPTOMATIC TREATMENT  & TO STOP THE HABIT  & REFER TO A SPECIALIST  FOR BIOPSY,,
IrregularM1M2RedwhiteIrregularM1MNADPiNADSNOYesHyesBmucosa,ORAL SQUAMOUS CELL CARCINOMA,SPECKLED LEUKOPLAKIA & CARCINOMA IN SITU & ORAL LEUKOPLAKIA,ADVISE SYMPTOMATIC TREATMENT  & TO STOP THE HABIT  & REFER TO A SPECIALIST  FOR BIOPSY,,
IrregularM1M2RedwhiteIrregularM1MNADPiNADSharpYesHyesBmucosa,ORAL SQUAMOUS CELL CARCINOMA,SPECKLED LEUKOPLAKIA & CARCINOMA IN SITU & ORAL LEUKOPLAKIA,ADVISE SYMPTOMATIC TREATMENT  & TO STOP THE HABIT  & REFER TO A SPECIALIST  FOR BIOPSY,,
IrregularM1M2RedwhiteIrregularM1MNADDarkSharpYesHyesBmucosa,ORAL SQUAMOUS CELL CARCINOMA,SPECKLED LEUKOPLAKIA & CARCINOMA IN SITU & ORAL LEUKOPLAKIA,ADVISE SYMPTOMATIC TREATMENT  & TO STOP THE HABIT  & REFER TO A SPECIALIST  FOR BIOPSY,,
IrregularM1M2RedwhiteIrregularM1MNADDarkSNOYesHyesBsulcus,ORAL SQUAMOUS CELL CARCINOMA,SPECKLED LEUKOPLAKIA & CARCINOMA IN SITU & ORAL LEUKOPLAKIA,ADVISE SYMPTOMATIC TREATMENT  & TO STOP THE HABIT  & REFER TO A SPECIALIST  FOR BIOPSY,,
IrregularM1M2RedwhiteIrregularM1MNADPiNADSNOYesHyesBsulcus,ORAL SQUAMOUS CELL CARCINOMA,SPECKLED LEUKOPLAKIA & CARCINOMA IN SITU & ORAL LEUKOPLAKIA,ADVISE SYMPTOMATIC TREATMENT  & TO STOP THE HABIT  & REFER TO A SPECIALIST  FOR BIOPSY,,
IrregularM1M2RedwhiteIrregularM1MNADPiNADSharpYesHyesBsulcus,ORAL SQUAMOUS CELL CARCINOMA,SPECKLED LEUKOPLAKIA & CARCINOMA IN SITU & ORAL LEUKOPLAKIA,ADVISE SYMPTOMATIC TREATMENT  & TO STOP THE HABIT  & REFER TO A SPECIALIST  FOR BIOPSY,,
IrregularM1M2RedwhiteIrregularM1MNADDarkSharpYesHyesBsulcus,ORAL SQUAMOUS CELL CARCINOMA,SPECKLED LEUKOPLAKIA & CARCINOMA IN SITU & ORAL LEUKOPLAKIA,ADVISE SYMPTOMATIC TREATMENT  & TO STOP THE HABIT  & REFER TO A SPECIALIST  FOR BIOPSY,,
IrregularM1M2RedwhiteIrregularM1MNADDarkSNOYesHyesPalate,ORAL SQUAMOUS CELL CARCINOMA,SPECKLED LEUKOPLAKIA & CARCINOMA IN SITU & ORAL LEUKOPLAKIA,ADVISE SYMPTOMATIC TREATMENT  & TO STOP THE HABIT  & REFER TO A SPECIALIST  FOR BIOPSY,,
IrregularM1M2RedwhiteIrregularM1MNADPiNADSNOYesHyesPalate,ORAL SQUAMOUS CELL CARCINOMA,SPECKLED LEUKOPLAKIA & CARCINOMA IN SITU & ORAL LEUKOPLAKIA,ADVISE SYMPTOMATIC TREATMENT  & TO STOP THE HABIT  & REFER TO A SPECIALIST  FOR BIOPSY,,
IrregularM1M2RedwhiteIrregularM1MNADPiNADSharpYesHyesPalate,ORAL SQUAMOUS CELL CARCINOMA,SPECKLED LEUKOPLAKIA & CARCINOMA IN SITU & ORAL LEUKOPLAKIA,ADVISE SYMPTOMATIC TREATMENT  & TO STOP THE HABIT  & REFER TO A SPECIALIST  FOR BIOPSY,,
IrregularM1M2RedwhiteIrregularM1MNADDarkSharpYesHyesPalate,ORAL SQUAMOUS CELL CARCINOMA,SPECKLED LEUKOPLAKIA & CARCINOMA IN SITU & ORAL LEUKOPLAKIA,ADVISE SYMPTOMATIC TREATMENT  & TO STOP THE HABIT  & REFER TO A SPECIALIST  FOR BIOPSY,,
IrregularM1M2RedwhiteIrregularM1MNADDarkSNOYesHyesDorsumtongue,ORAL SQUAMOUS CELL CARCINOMA,SPECKLED LEUKOPLAKIA & CARCINOMA IN SITU & ORAL LEUKOPLAKIA,ADVISE SYMPTOMATIC TREATMENT  & TO STOP THE HABIT  & REFER TO A SPECIALIST  FOR BIOPSY,,
IrregularM1M2RedwhiteIrregularM1MNADPiNADSNOYesHyesDorsumtongue,ORAL SQUAMOUS CELL CARCINOMA,SPECKLED LEUKOPLAKIA & CARCINOMA IN SITU & ORAL LEUKOPLAKIA,ADVISE SYMPTOMATIC TREATMENT  & TO STOP THE HABIT  & REFER TO A SPECIALIST  FOR BIOPSY,,
IrregularM1M2RedwhiteIrregularM1MNADPiNADSharpYesHyesDorsumtongue,ORAL SQUAMOUS CELL CARCINOMA,SPECKLED LEUKOPLAKIA & CARCINOMA IN SITU & ORAL LEUKOPLAKIA,ADVISE SYMPTOMATIC TREATMENT  & TO STOP THE HABIT  & REFER TO A SPECIALIST  FOR BIOPSY,,
IrregularM1M2RedwhiteIrregularM1MNADDarkSharpYesHyesDorsumtongue,ORAL SQUAMOUS CELL CARCINOMA,SPECKLED LEUKOPLAKIA & CARCINOMA IN SITU & ORAL LEUKOPLAKIA,ADVISE SYMPTOMATIC TREATMENT  & TO STOP THE HABIT  & REFER TO A SPECIALIST  FOR BIOPSY,,
IrregularM1M2RedwhiteIrregularM1MNADDarkSNOYes MouthHyesBsulcus,ORAL SQUAMOUS CELL CARCINOMA,SPECKLED LEUKOPLAKIA & CARCINOMA IN SITU & ORAL LEUKOPLAKIA,ADVISE SYMPTOMATIC TREATMENT  & TO STOP THE HABIT  & REFER TO A SPECIALIST  FOR BIOPSY,,
IrregularM1M2RedwhiteIrregularM1MNADPiNADSNOYes MouthHyesBsulcus,ORAL SQUAMOUS CELL CARCINOMA,SPECKLED LEUKOPLAKIA & CARCINOMA IN SITU & ORAL LEUKOPLAKIA,ADVISE SYMPTOMATIC TREATMENT  & TO STOP THE HABIT  & REFER TO A SPECIALIST  FOR BIOPSY,,
IrregularM1M2RedwhiteIrregularM1MNADPiNADSharpYes MouthHyesBsulcus,ORAL SQUAMOUS CELL CARCINOMA,SPECKLED LEUKOPLAKIA & CARCINOMA IN SITU & ORAL LEUKOPLAKIA,ADVISE SYMPTOMATIC TREATMENT  & TO STOP THE HABIT  & REFER TO A SPECIALIST  FOR BIOPSY,,
IrregularM1M2RedwhiteIrregularM1MNADDarkSharpYes MouthHyesBsulcus,ORAL SQUAMOUS CELL CARCINOMA,SPECKLED LEUKOPLAKIA & CARCINOMA IN SITU & ORAL LEUKOPLAKIA,ADVISE SYMPTOMATIC TREATMENT  & TO STOP THE HABIT  & REFER TO A SPECIALIST  FOR BIOPSY,,
IrregularM1M2RedwhiteIrregularM1MNADDarkSNOYes MouthHyesPalate,ORAL SQUAMOUS CELL CARCINOMA,SPECKLED LEUKOPLAKIA & CARCINOMA IN SITU & ORAL LEUKOPLAKIA,ADVISE SYMPTOMATIC TREATMENT  & TO STOP THE HABIT  & REFER TO A SPECIALIST  FOR BIOPSY,,
IrregularM1M2RedwhiteIrregularM1MNADPiNADSNOYes MouthHyesPalate,ORAL SQUAMOUS CELL CARCINOMA,SPECKLED LEUKOPLAKIA & CARCINOMA IN SITU & ORAL LEUKOPLAKIA,ADVISE SYMPTOMATIC TREATMENT  & TO STOP THE HABIT  & REFER TO A SPECIALIST  FOR BIOPSY,,
IrregularM1M2RedwhiteIrregularM1MNADPiNADSharpYes MouthHyesPalate,ORAL SQUAMOUS CELL CARCINOMA,SPECKLED LEUKOPLAKIA & CARCINOMA IN SITU & ORAL LEUKOPLAKIA,ADVISE SYMPTOMATIC TREATMENT  & TO STOP THE HABIT  & REFER TO A SPECIALIST  FOR BIOPSY,,
IrregularM1M2RedwhiteIrregularM1MNADDarkSharpYes MouthHyesPalate,ORAL SQUAMOUS CELL CARCINOMA,SPECKLED LEUKOPLAKIA & CARCINOMA IN SITU & ORAL LEUKOPLAKIA,ADVISE SYMPTOMATIC TREATMENT  & TO STOP THE HABIT  & REFER TO A SPECIALIST  FOR BIOPSY,,
IrregularM1M2RedwhiteIrregularM1MNADDarkSNOYes MouthHyesDorsumtongue,ORAL SQUAMOUS CELL CARCINOMA,SPECKLED LEUKOPLAKIA & CARCINOMA IN SITU & ORAL LEUKOPLAKIA,ADVISE SYMPTOMATIC TREATMENT  & TO STOP THE HABIT  & REFER TO A SPECIALIST  FOR BIOPSY,,
IrregularM1M2RedwhiteIrregularM1MNADPiNADSNOYes MouthHyesDorsumtongue,ORAL SQUAMOUS CELL CARCINOMA,SPECKLED LEUKOPLAKIA & CARCINOMA IN SITU & ORAL LEUKOPLAKIA,ADVISE SYMPTOMATIC TREATMENT  & TO STOP THE HABIT  & REFER TO A SPECIALIST  FOR BIOPSY,,
IrregularM1M2RedwhiteIrregularM1MNADPiNADSharpYes MouthHyesDorsumtongue,ORAL SQUAMOUS CELL CARCINOMA,SPECKLED LEUKOPLAKIA & CARCINOMA IN SITU & ORAL LEUKOPLAKIA,ADVISE SYMPTOMATIC TREATMENT  & TO STOP THE HABIT  & REFER TO A SPECIALIST  FOR BIOPSY,,
IrregularM1M2RedwhiteIrregularM1MNADDarkSharpYes MouthHyesDorsumtongue,ORAL SQUAMOUS CELL CARCINOMA,SPECKLED LEUKOPLAKIA & CARCINOMA IN SITU & ORAL LEUKOPLAKIA,ADVISE SYMPTOMATIC TREATMENT  & TO STOP THE HABIT  & REFER TO A SPECIALIST  FOR BIOPSY,,
IrregularM1M2RedwhiteIrregularM1MNADDarkSNOYes MouthHyesBmucosa,ORAL SQUAMOUS CELL CARCINOMA,SPECKLED LEUKOPLAKIA & CARCINOMA IN SITU & ORAL LEUKOPLAKIA,ADVISE SYMPTOMATIC TREATMENT  & TO STOP THE HABIT  & REFER TO A SPECIALIST  FOR BIOPSY,,
IrregularM1M2RedwhiteIrregularM1MNADPiNADSNOYes MouthHyesBmucosa,ORAL SQUAMOUS CELL CARCINOMA,SPECKLED LEUKOPLAKIA & CARCINOMA IN SITU & ORAL LEUKOPLAKIA,ADVISE SYMPTOMATIC TREATMENT  & TO STOP THE HABIT  & REFER TO A SPECIALIST  FOR BIOPSY,,
IrregularM1M2RedwhiteIrregularM1MNADPiNADSharpYes MouthHyesBmucosa,ORAL SQUAMOUS CELL CARCINOMA,SPECKLED LEUKOPLAKIA & CARCINOMA IN SITU & ORAL LEUKOPLAKIA,ADVISE SYMPTOMATIC TREATMENT  & TO STOP THE HABIT  & REFER TO A SPECIALIST  FOR BIOPSY,,
IrregularM1M2RedwhiteIrregularM1MNADDarkSharpYes MouthHyesBmucosa,ORAL SQUAMOUS CELL CARCINOMA,SPECKLED LEUKOPLAKIA & CARCINOMA IN SITU & ORAL LEUKOPLAKIA,ADVISE SYMPTOMATIC TREATMENT  & TO STOP THE HABIT  & REFER TO A SPECIALIST  FOR BIOPSY,,
,,,,,
IrregularM1M2RedwhiteIrregularM1MNADDarkSNOYes MouthHnoBsulcus,ORAL SQUAMOUS CELL CARCINOMA,SPECKLED LEUKOPLAKIA & CARCINOMA IN SITU & ORAL LEUKOPLAKIA,ADVISE SYMPTOMATIC TREATMENT  & TO STOP THE HABIT  & REFER TO A SPECIALIST  FOR BIOPSY,,
IrregularM1M2RedwhiteIrregularM1MNADPiNADSNOYes MouthHnoBsulcus,ORAL SQUAMOUS CELL CARCINOMA,SPECKLED LEUKOPLAKIA & CARCINOMA IN SITU & ORAL LEUKOPLAKIA,ADVISE SYMPTOMATIC TREATMENT  & TO STOP THE HABIT  & REFER TO A SPECIALIST  FOR BIOPSY,,
IrregularM1M2RedwhiteIrregularM1MNADPiNADSharpYes MouthHnoBsulcus,ORAL SQUAMOUS CELL CARCINOMA,SPECKLED LEUKOPLAKIA & CARCINOMA IN SITU & ORAL LEUKOPLAKIA,ADVISE SYMPTOMATIC TREATMENT  & TO STOP THE HABIT  & REFER TO A SPECIALIST  FOR BIOPSY,,
IrregularM1M2RedwhiteIrregularM1MNADDarkSharpYes MouthHnoBsulcus,ORAL SQUAMOUS CELL CARCINOMA,SPECKLED LEUKOPLAKIA & CARCINOMA IN SITU & ORAL LEUKOPLAKIA,ADVISE SYMPTOMATIC TREATMENT  & TO STOP THE HABIT  & REFER TO A SPECIALIST  FOR BIOPSY,,
IrregularM1M2RedwhiteIrregularM1MNADDarkSNOYes MouthHnoPalate,ORAL SQUAMOUS CELL CARCINOMA,SPECKLED LEUKOPLAKIA & CARCINOMA IN SITU & ORAL LEUKOPLAKIA,ADVISE SYMPTOMATIC TREATMENT  & TO STOP THE HABIT  & REFER TO A SPECIALIST  FOR BIOPSY,,
IrregularM1M2RedwhiteIrregularM1MNADPiNADSNOYes MouthHnoPalate,ORAL SQUAMOUS CELL CARCINOMA,SPECKLED LEUKOPLAKIA & CARCINOMA IN SITU & ORAL LEUKOPLAKIA,ADVISE SYMPTOMATIC TREATMENT  & TO STOP THE HABIT  & REFER TO A SPECIALIST  FOR BIOPSY,,
IrregularM1M2RedwhiteIrregularM1MNADPiNADSharpYes MouthHnoPalate,ORAL SQUAMOUS CELL CARCINOMA,SPECKLED LEUKOPLAKIA & CARCINOMA IN SITU & ORAL LEUKOPLAKIA,ADVISE SYMPTOMATIC TREATMENT  & TO STOP THE HABIT  & REFER TO A SPECIALIST  FOR BIOPSY,,
IrregularM1M2RedwhiteIrregularM1MNADDarkSharpYes MouthHnoPalate,ORAL SQUAMOUS CELL CARCINOMA,SPECKLED LEUKOPLAKIA & CARCINOMA IN SITU & ORAL LEUKOPLAKIA,ADVISE SYMPTOMATIC TREATMENT  & TO STOP THE HABIT  & REFER TO A SPECIALIST  FOR BIOPSY,,
IrregularM1M2RedwhiteIrregularM1MNADDarkSNOYes MouthHnoDorsumtongue,ORAL SQUAMOUS CELL CARCINOMA,SPECKLED LEUKOPLAKIA & CARCINOMA IN SITU & ORAL LEUKOPLAKIA,ADVISE SYMPTOMATIC TREATMENT  & TO STOP THE HABIT  & REFER TO A SPECIALIST  FOR BIOPSY,,
IrregularM1M2RedwhiteIrregularM1MNADPiNADSNOYes MouthHnoDorsumtongue,ORAL SQUAMOUS CELL CARCINOMA,SPECKLED LEUKOPLAKIA & CARCINOMA IN SITU & ORAL LEUKOPLAKIA,ADVISE SYMPTOMATIC TREATMENT  & TO STOP THE HABIT  & REFER TO A SPECIALIST  FOR BIOPSY,,
IrregularM1M2RedwhiteIrregularM1MNADPiNADSharpYes MouthHnoDorsumtongue,ORAL SQUAMOUS CELL CARCINOMA,SPECKLED LEUKOPLAKIA & CARCINOMA IN SITU & ORAL LEUKOPLAKIA,ADVISE SYMPTOMATIC TREATMENT  & TO STOP THE HABIT  & REFER TO A SPECIALIST  FOR BIOPSY,,
IrregularM1M2RedwhiteIrregularM1MNADDarkSharpYes MouthHnoDorsumtongue,ORAL SQUAMOUS CELL CARCINOMA,SPECKLED LEUKOPLAKIA & CARCINOMA IN SITU & ORAL LEUKOPLAKIA,ADVISE SYMPTOMATIC TREATMENT  & TO STOP THE HABIT  & REFER TO A SPECIALIST  FOR BIOPSY,,
IrregularM1M2RedwhiteIrregularM1MNADDarkSNOYes MouthHnoBmucosa,ORAL SQUAMOUS CELL CARCINOMA,SPECKLED LEUKOPLAKIA & CARCINOMA IN SITU & ORAL LEUKOPLAKIA,ADVISE SYMPTOMATIC TREATMENT  & TO STOP THE HABIT  & REFER TO A SPECIALIST  FOR BIOPSY,,
IrregularM1M2RedwhiteIrregularM1MNADPiNADSNOYes MouthHnoBmucosa,ORAL SQUAMOUS CELL CARCINOMA,SPECKLED LEUKOPLAKIA & CARCINOMA IN SITU & ORAL LEUKOPLAKIA,ADVISE SYMPTOMATIC TREATMENT  & TO STOP THE HABIT  & REFER TO A SPECIALIST  FOR BIOPSY,,
IrregularM1M2RedwhiteIrregularM1MNADPiNADSharpYes MouthHnoBmucosa,ORAL SQUAMOUS CELL CARCINOMA,SPECKLED LEUKOPLAKIA & CARCINOMA IN SITU & ORAL LEUKOPLAKIA,ADVISE SYMPTOMATIC TREATMENT  & TO STOP THE HABIT  & REFER TO A SPECIALIST  FOR BIOPSY,,
IrregularM1M2RedwhiteIrregularM1MNADDarkSharpYes MouthHnoBmucosa,ORAL SQUAMOUS CELL CARCINOMA,SPECKLED LEUKOPLAKIA & CARCINOMA IN SITU & ORAL LEUKOPLAKIA,ADVISE SYMPTOMATIC TREATMENT  & TO STOP THE HABIT  & REFER TO A SPECIALIST  FOR BIOPSY,,
,,,,,
IrregularL1M2whiteGNADMNADDarkSharpNoHnoDorsumtongue,TRAUMATICULCER ,CARCINOMA IN SITU & ORAL LEUKOPLAKIA,OBSERVE THE SHARP TEETH AND REFERE TO A SPECIALIST FOR NEEDFUL,,
IrregularL1M2whiteGNADMNADDarkSharpNoHnoBmucosa,TRAUMATICULCER ,CARCINOMA IN SITU & ORAL LEUKOPLAKIA,OBSERVE THE SHARP TEETH AND REFERE TO A SPECIALIST FOR NEEDFUL,,
IrregularL1M2whiteGNADMNADDarkSharpNoHnoMixedareas,TRAUMATICULCER ,CARCINOMA IN SITU & ORAL LEUKOPLAKIA,OBSERVE THE SHARP TEETH AND REFERE TO A SPECIALIST FOR NEEDFUL,,
IrregularL1M2whiteGNADMNADDarkSharpNoHnoPalate,TRAUMATICULCER ,CARCINOMA IN SITU & ORAL LEUKOPLAKIA,OBSERVE THE SHARP TEETH AND REFERE TO A SPECIALIST FOR NEEDFUL,,
IrregularL1M2whiteGNADMNADDarkSharpNoHnoBsulcus,TRAUMATICULCER ,CARCINOMA IN SITU & ORAL LEUKOPLAKIA,OBSERVE THE SHARP TEETH AND REFERE TO A SPECIALIST FOR NEEDFUL,,
,,,,,
IrregularL1M2RedGNADMNADDarkSharpYesHnoBmucosa,TRAUMATICULCER ,SPECKLED LEUKOPLAKIA& ORAL LEUKOPLAKIA,OBSERVE THE SHARP TEETH AND REFERE TO A SPECIALIST FOR NEEDFUL,,
IrregularL1M2RedGNADMNADDarkSharpYesHnoPalate,TRAUMATICULCER ,SPECKLED LEUKOPLAKIA& ORAL LEUKOPLAKIA,OBSERVE THE SHARP TEETH AND REFERE TO A SPECIALIST FOR NEEDFUL,,
IrregularL1M2RedGNADMNADDarkSharpYesHnoBsulcus,TRAUMATICULCER ,SPECKLED LEUKOPLAKIA& ORAL LEUKOPLAKIA,OBSERVE THE SHARP TEETH AND REFERE TO A SPECIALIST FOR NEEDFUL,,
IrregularL1M2RedGNADMNADDarkSharpYesHnoMixedareas,TRAUMATICULCER ,SPECKLED LEUKOPLAKIA& ORAL LEUKOPLAKIA,OBSERVE THE SHARP TEETH AND REFERE TO A SPECIALIST FOR NEEDFUL,,
IrregularL1M2RedGNADMNADDarkSharpYesHnoDorsumtongue,TRAUMATICULCER ,SPECKLED LEUKOPLAKIA& ORAL LEUKOPLAKIA,OBSERVE THE SHARP TEETH AND REFERE TO A SPECIALIST FOR NEEDFUL,,
,,,,,
,,,,,
,,,,,
,,,,,
IrregularM1M2PNADIrregularL1MNADPiNADSharpYes MouthHyesBmucosa,TRAUMATICULCER ,ORAL SQUAMOUS CELL CARCINOMA & CARCINOMA IN SITU,ADVISE SYMPTOMATIC TREATMENT AND TO STOP THE HABIT & FOLLOW UP IS MUST & REFER TO A SPECIALIST FOR ADVISE ON BIOPSY,,
IrregularM1M2PNADIrregularL1MNADDarkSharpYes MouthHyesBmucosa,TRAUMATICULCER ,ORAL SQUAMOUS CELL CARCINOMA & CARCINOMA IN SITU,ADVISE SYMPTOMATIC TREATMENT AND TO STOP THE HABIT & FOLLOW UP IS MUST & REFER TO A SPECIALIST FOR ADVISE ON BIOPSY,,
IrregularM1M2PNADIrregularL1MNADPiNADSNOYes MouthHyesBmucosa,TRAUMATICULCER ,ORAL SQUAMOUS CELL CARCINOMA & CARCINOMA IN SITU,ADVISE SYMPTOMATIC TREATMENT AND TO STOP THE HABIT & FOLLOW UP IS MUST & REFER TO A SPECIALIST FOR ADVISE ON BIOPSY,,
IrregularM1M2PNADIrregularL1MNADDarkSNOYes MouthHyesBmucosa,TRAUMATICULCER ,ORAL SQUAMOUS CELL CARCINOMA & CARCINOMA IN SITU,ADVISE SYMPTOMATIC TREATMENT AND TO STOP THE HABIT & FOLLOW UP IS MUST & REFER TO A SPECIALIST FOR ADVISE ON BIOPSY,,
IrregularM1M2RedIrregularL1MNADPiNADSharpYes MouthHyesBmucosa,TRAUMATICULCER ,ORAL SQUAMOUS CELL CARCINOMA & CARCINOMA IN SITU,ADVISE SYMPTOMATIC TREATMENT AND TO STOP THE HABIT & FOLLOW UP IS MUST & REFER TO A SPECIALIST FOR ADVISE ON BIOPSY,,
IrregularM1M2RedIrregularL1MNADDarkSharpYes MouthHyesBmucosa,TRAUMATICULCER ,ORAL SQUAMOUS CELL CARCINOMA & CARCINOMA IN SITU,ADVISE SYMPTOMATIC TREATMENT AND TO STOP THE HABIT & FOLLOW UP IS MUST & REFER TO A SPECIALIST FOR ADVISE ON BIOPSY,,
IrregularM1M2RedIrregularL1MNADPiNADSNOYes MouthHyesBmucosa,TRAUMATICULCER ,ORAL SQUAMOUS CELL CARCINOMA & CARCINOMA IN SITU,ADVISE SYMPTOMATIC TREATMENT AND TO STOP THE HABIT & FOLLOW UP IS MUST & REFER TO A SPECIALIST FOR ADVISE ON BIOPSY,,
IrregularM1M2RedIrregularL1MNADDarkSNOYes MouthHyesBmucosa,TRAUMATICULCER ,ORAL SQUAMOUS CELL CARCINOMA & CARCINOMA IN SITU,ADVISE SYMPTOMATIC TREATMENT AND TO STOP THE HABIT & FOLLOW UP IS MUST & REFER TO A SPECIALIST FOR ADVISE ON BIOPSY,,
IrregularM1M2WhiteIrregularL1MNADPiNADSharpYes MouthHyesBmucosa,TRAUMATICULCER ,ORAL SQUAMOUS CELL CARCINOMA & CARCINOMA IN SITU,ADVISE SYMPTOMATIC TREATMENT AND TO STOP THE HABIT & FOLLOW UP IS MUST & REFER TO A SPECIALIST FOR ADVISE ON BIOPSY,,
IrregularM1M2WhiteIrregularL1MNADDarkSharpYes MouthHyesBmucosa,TRAUMATICULCER ,ORAL SQUAMOUS CELL CARCINOMA & CARCINOMA IN SITU,ADVISE SYMPTOMATIC TREATMENT AND TO STOP THE HABIT & FOLLOW UP IS MUST & REFER TO A SPECIALIST FOR ADVISE ON BIOPSY,,
IrregularM1M2WhiteIrregularL1MNADPiNADSNOYes MouthHyesBmucosa,TRAUMATICULCER ,ORAL SQUAMOUS CELL CARCINOMA & CARCINOMA IN SITU,ADVISE SYMPTOMATIC TREATMENT AND TO STOP THE HABIT & FOLLOW UP IS MUST & REFER TO A SPECIALIST FOR ADVISE ON BIOPSY,,
IrregularM1M2WhiteIrregularL1MNADDarkSNOYes MouthHyesBmucosa,TRAUMATICULCER ,ORAL SQUAMOUS CELL CARCINOMA & CARCINOMA IN SITU,ADVISE SYMPTOMATIC TREATMENT AND TO STOP THE HABIT & FOLLOW UP IS MUST & REFER TO A SPECIALIST FOR ADVISE ON BIOPSY,,
IrregularM1M2PNADGNADMNADPiNADSharpYesHyesBmucosa,TRAUMATICULCER ,APTHOUS ULCER & CARCINOMA IN SITU,ADVISE SYMPTOMATIC TREATMENT AND FOLLOW UP IS MUST & IF NO CHANGE AFTER 2 WEEKS & ADVISE BIOPSY ,,
IrregularM1M2PNADGNADMNADDarkSharpYesHyesBmucosa,TRAUMATICULCER ,APTHOUS ULCER & CARCINOMA IN SITU,ADVISE SYMPTOMATIC TREATMENT AND FOLLOW UP IS MUST & IF NO CHANGE AFTER 2 WEEKS & ADVISE BIOPSY ,,
IrregularM1M2PNADGNADMNADPiNADSNOYesHyesBmucosa,TRAUMATICULCER ,APTHOUS ULCER & CARCINOMA IN SITU,ADVISE SYMPTOMATIC TREATMENT AND FOLLOW UP IS MUST & IF NO CHANGE AFTER 2 WEEKS & ADVISE BIOPSY ,,
IrregularM1M2PNADGNADMNADDarkSNOYesHyesBmucosa,TRAUMATICULCER ,APTHOUS ULCER & CARCINOMA IN SITU,ADVISE SYMPTOMATIC TREATMENT AND FOLLOW UP IS MUST & IF NO CHANGE AFTER 2 WEEKS & ADVISE BIOPSY ,,
IrregularM1M2RedGNADMNADPiNADSharpYesHyesBmucosa,TRAUMATICULCER ,APTHOUS ULCER & CARCINOMA IN SITU,ADVISE SYMPTOMATIC TREATMENT AND FOLLOW UP IS MUST & IF NO CHANGE AFTER 2 WEEKS & ADVISE BIOPSY ,,
IrregularM1M2RedGNADMNADDarkSharpYesHyesBmucosa,TRAUMATICULCER ,APTHOUS ULCER & CARCINOMA IN SITU,ADVISE SYMPTOMATIC TREATMENT AND FOLLOW UP IS MUST & IF NO CHANGE AFTER 2 WEEKS & ADVISE BIOPSY ,,
IrregularM1M2RedGNADMNADPiNADSNOYesHyesBmucosa,TRAUMATICULCER ,APTHOUS ULCER & CARCINOMA IN SITU,ADVISE SYMPTOMATIC TREATMENT AND FOLLOW UP IS MUST & IF NO CHANGE AFTER 2 WEEKS & ADVISE BIOPSY ,,
IrregularM1M2RedGNADMNADDarkSNOYesHyesBmucosa,TRAUMATICULCER ,APTHOUS ULCER & CARCINOMA IN SITU,ADVISE SYMPTOMATIC TREATMENT AND FOLLOW UP IS MUST & IF NO CHANGE AFTER 2 WEEKS & ADVISE BIOPSY ,,
IrregularM1M2WhiteGNADMNADPiNADSharpYesHyesBmucosa,TRAUMATICULCER ,APTHOUS ULCER & CARCINOMA IN SITU,ADVISE SYMPTOMATIC TREATMENT AND FOLLOW UP IS MUST & IF NO CHANGE AFTER 2 WEEKS & ADVISE BIOPSY ,,
IrregularM1M2WhiteGNADMNADDarkSharpYesHyesBmucosa,TRAUMATICULCER ,APTHOUS ULCER & CARCINOMA IN SITU,ADVISE SYMPTOMATIC TREATMENT AND FOLLOW UP IS MUST & IF NO CHANGE AFTER 2 WEEKS & ADVISE BIOPSY ,,
IrregularM1M2WhiteGNADMNADPiNADSNOYesHyesBmucosa,TRAUMATICULCER ,APTHOUS ULCER & CARCINOMA IN SITU,ADVISE SYMPTOMATIC TREATMENT AND FOLLOW UP IS MUST & IF NO CHANGE AFTER 2 WEEKS & ADVISE BIOPSY ,,
IrregularM1M2WhiteGNADMNADDarkSNOYesHyesBmucosa,TRAUMATICULCER ,APTHOUS ULCER & CARCINOMA IN SITU,ADVISE SYMPTOMATIC TREATMENT AND FOLLOW UP IS MUST & IF NO CHANGE AFTER 2 WEEKS & ADVISE BIOPSY ,,
IrregularM1M2PNADIrregularL1MNADPiNADSharpYes MouthSmokingBmucosa,TRAUMATICULCER ,ORAL SQUAMOUS CELL CARCINOMA & CARCINOMA IN SITU,ADVISE SYMPTOMATIC TREATMENT AND TO STOP THE HABIT & FOLLOW UP IS MUST & REFER TO A SPECIALIST FOR ADVISE ON BIOPSY,,
IrregularM1M2PNADIrregularL1MNADDarkSharpYes MouthSmokingBmucosa,TRAUMATICULCER ,ORAL SQUAMOUS CELL CARCINOMA & CARCINOMA IN SITU,ADVISE SYMPTOMATIC TREATMENT AND TO STOP THE HABIT & FOLLOW UP IS MUST & REFER TO A SPECIALIST FOR ADVISE ON BIOPSY,,
IrregularM1M2PNADIrregularL1MNADPiNADSNOYes MouthSmokingBmucosa,TRAUMATICULCER ,ORAL SQUAMOUS CELL CARCINOMA & CARCINOMA IN SITU,ADVISE SYMPTOMATIC TREATMENT AND TO STOP THE HABIT & FOLLOW UP IS MUST & REFER TO A SPECIALIST FOR ADVISE ON BIOPSY,,
IrregularM1M2PNADIrregularL1MNADDarkSNOYes MouthSmokingBmucosa,TRAUMATICULCER ,ORAL SQUAMOUS CELL CARCINOMA & CARCINOMA IN SITU,ADVISE SYMPTOMATIC TREATMENT AND TO STOP THE HABIT & FOLLOW UP IS MUST & REFER TO A SPECIALIST FOR ADVISE ON BIOPSY,,
IrregularM1M2RedIrregularL1MNADPiNADSharpYes MouthSmokingBmucosa,TRAUMATICULCER ,ORAL SQUAMOUS CELL CARCINOMA & CARCINOMA IN SITU,ADVISE SYMPTOMATIC TREATMENT AND TO STOP THE HABIT & FOLLOW UP IS MUST & REFER TO A SPECIALIST FOR ADVISE ON BIOPSY,,
IrregularM1M2RedIrregularL1MNADDarkSharpYes MouthSmokingBmucosa,TRAUMATICULCER ,ORAL SQUAMOUS CELL CARCINOMA & CARCINOMA IN SITU,ADVISE SYMPTOMATIC TREATMENT AND TO STOP THE HABIT & FOLLOW UP IS MUST & REFER TO A SPECIALIST FOR ADVISE ON BIOPSY,,
IrregularM1M2RedIrregularL1MNADPiNADSNOYes MouthSmokingBmucosa,TRAUMATICULCER ,ORAL SQUAMOUS CELL CARCINOMA & CARCINOMA IN SITU,ADVISE SYMPTOMATIC TREATMENT AND TO STOP THE HABIT & FOLLOW UP IS MUST & REFER TO A SPECIALIST FOR ADVISE ON BIOPSY,,
IrregularM1M2RedIrregularL1MNADDarkSNOYes MouthSmokingBmucosa,TRAUMATICULCER ,ORAL SQUAMOUS CELL CARCINOMA & CARCINOMA IN SITU,ADVISE SYMPTOMATIC TREATMENT AND TO STOP THE HABIT & FOLLOW UP IS MUST & REFER TO A SPECIALIST FOR ADVISE ON BIOPSY,,
IrregularM1M2WhiteIrregularL1MNADPiNADSharpYes MouthSmokingBmucosa,TRAUMATICULCER ,ORAL SQUAMOUS CELL CARCINOMA & CARCINOMA IN SITU,ADVISE SYMPTOMATIC TREATMENT AND TO STOP THE HABIT & FOLLOW UP IS MUST & REFER TO A SPECIALIST FOR ADVISE ON BIOPSY,,
IrregularM1M2WhiteIrregularL1MNADDarkSharpYes MouthSmokingBmucosa,TRAUMATICULCER ,ORAL SQUAMOUS CELL CARCINOMA & CARCINOMA IN SITU,ADVISE SYMPTOMATIC TREATMENT AND TO STOP THE HABIT & FOLLOW UP IS MUST & REFER TO A SPECIALIST FOR ADVISE ON BIOPSY,,
IrregularM1M2WhiteIrregularL1MNADPiNADSNOYes MouthSmokingBmucosa,TRAUMATICULCER ,ORAL SQUAMOUS CELL CARCINOMA & CARCINOMA IN SITU,ADVISE SYMPTOMATIC TREATMENT AND TO STOP THE HABIT & FOLLOW UP IS MUST & REFER TO A SPECIALIST FOR ADVISE ON BIOPSY,,
IrregularM1M2WhiteIrregularL1MNADDarkSNOYes MouthSmokingBmucosa,TRAUMATICULCER ,ORAL SQUAMOUS CELL CARCINOMA & CARCINOMA IN SITU,ADVISE SYMPTOMATIC TREATMENT AND TO STOP THE HABIT & FOLLOW UP IS MUST & REFER TO A SPECIALIST FOR ADVISE ON BIOPSY,,
IrregularM1M2PNADGNADMNADPiNADSharpYesSmokingBmucosa,TRAUMATICULCER ,APTHOUS ULCER & CARCINOMA IN SITU,ADVISE SYMPTOMATIC TREATMENT AND FOLLOW UP IS MUST & IF NO CHANGE AFTER 2 WEEKS & ADVISE BIOPSY ,,
IrregularM1M2PNADGNADMNADDarkSharpYesSmokingBmucosa,TRAUMATICULCER ,APTHOUS ULCER & CARCINOMA IN SITU,ADVISE SYMPTOMATIC TREATMENT AND FOLLOW UP IS MUST & IF NO CHANGE AFTER 2 WEEKS & ADVISE BIOPSY ,,
IrregularM1M2PNADGNADMNADPiNADSNOYesSmokingBmucosa,TRAUMATICULCER ,APTHOUS ULCER & CARCINOMA IN SITU,ADVISE SYMPTOMATIC TREATMENT AND FOLLOW UP IS MUST & IF NO CHANGE AFTER 2 WEEKS & ADVISE BIOPSY ,,
IrregularM1M2PNADGNADMNADDarkSNOYesSmokingBmucosa,TRAUMATICULCER ,APTHOUS ULCER & CARCINOMA IN SITU,ADVISE SYMPTOMATIC TREATMENT AND FOLLOW UP IS MUST & IF NO CHANGE AFTER 2 WEEKS & ADVISE BIOPSY ,,
IrregularM1M2RedGNADMNADPiNADSharpYesSmokingBmucosa,TRAUMATICULCER ,APTHOUS ULCER & CARCINOMA IN SITU,ADVISE SYMPTOMATIC TREATMENT AND FOLLOW UP IS MUST & IF NO CHANGE AFTER 2 WEEKS & ADVISE BIOPSY ,,
IrregularM1M2RedGNADMNADDarkSharpYesSmokingBmucosa,TRAUMATICULCER ,APTHOUS ULCER & CARCINOMA IN SITU,ADVISE SYMPTOMATIC TREATMENT AND FOLLOW UP IS MUST & IF NO CHANGE AFTER 2 WEEKS & ADVISE BIOPSY ,,
IrregularM1M2RedGNADMNADPiNADSNOYesSmokingBmucosa,TRAUMATICULCER ,APTHOUS ULCER & CARCINOMA IN SITU,ADVISE SYMPTOMATIC TREATMENT AND FOLLOW UP IS MUST & IF NO CHANGE AFTER 2 WEEKS & ADVISE BIOPSY ,,
IrregularM1M2RedGNADMNADDarkSNOYesSmokingBmucosa,TRAUMATICULCER ,APTHOUS ULCER & CARCINOMA IN SITU,ADVISE SYMPTOMATIC TREATMENT AND FOLLOW UP IS MUST & IF NO CHANGE AFTER 2 WEEKS & ADVISE BIOPSY ,,
IrregularM1M2WhiteGNADMNADPiNADSharpYesSmokingBmucosa,TRAUMATICULCER ,APTHOUS ULCER & CARCINOMA IN SITU,ADVISE SYMPTOMATIC TREATMENT AND FOLLOW UP IS MUST & IF NO CHANGE AFTER 2 WEEKS & ADVISE BIOPSY ,,
IrregularM1M2WhiteGNADMNADDarkSharpYesSmokingBmucosa,TRAUMATICULCER ,APTHOUS ULCER & CARCINOMA IN SITU,ADVISE SYMPTOMATIC TREATMENT AND FOLLOW UP IS MUST & IF NO CHANGE AFTER 2 WEEKS & ADVISE BIOPSY ,,
IrregularM1M2WhiteGNADMNADPiNADSNOYesSmokingBmucosa,TRAUMATICULCER ,APTHOUS ULCER & CARCINOMA IN SITU,ADVISE SYMPTOMATIC TREATMENT AND FOLLOW UP IS MUST & IF NO CHANGE AFTER 2 WEEKS & ADVISE BIOPSY ,,
IrregularM1M2WhiteGNADMNADDarkSNOYesSmokingBmucosa,TRAUMATICULCER ,APTHOUS ULCER & CARCINOMA IN SITU,ADVISE SYMPTOMATIC TREATMENT AND FOLLOW UP IS MUST & IF NO CHANGE AFTER 2 WEEKS & ADVISE BIOPSY ,,
IrregularM1M2PNADIrregularL1MNADPiNADSharpYes MouthHyesMixedareas,TRAUMATICULCER ,ORAL SQUAMOUS CELL CARCINOMA & CARCINOMA IN SITU,ADVISE SYMPTOMATIC TREATMENT AND TO STOP THE HABIT & FOLLOW UP IS MUST & REFER TO A SPECIALIST FOR ADVISE ON BIOPSY,,
IrregularM1M2PNADIrregularL1MNADDarkSharpYes MouthHyesMixedareas,TRAUMATICULCER ,ORAL SQUAMOUS CELL CARCINOMA & CARCINOMA IN SITU,ADVISE SYMPTOMATIC TREATMENT AND TO STOP THE HABIT & FOLLOW UP IS MUST & REFER TO A SPECIALIST FOR ADVISE ON BIOPSY,,
IrregularM1M2PNADIrregularL1MNADPiNADSNOYes MouthHyesMixedareas,TRAUMATICULCER ,ORAL SQUAMOUS CELL CARCINOMA & CARCINOMA IN SITU,ADVISE SYMPTOMATIC TREATMENT AND TO STOP THE HABIT & FOLLOW UP IS MUST & REFER TO A SPECIALIST FOR ADVISE ON BIOPSY,,
IrregularM1M2PNADIrregularL1MNADDarkSNOYes MouthHyesMixedareas,TRAUMATICULCER ,ORAL SQUAMOUS CELL CARCINOMA & CARCINOMA IN SITU,ADVISE SYMPTOMATIC TREATMENT AND TO STOP THE HABIT & FOLLOW UP IS MUST & REFER TO A SPECIALIST FOR ADVISE ON BIOPSY,,
IrregularM1M2RedIrregularL1MNADPiNADSharpYes MouthHyesMixedareas,TRAUMATICULCER ,ORAL SQUAMOUS CELL CARCINOMA & CARCINOMA IN SITU,ADVISE SYMPTOMATIC TREATMENT AND TO STOP THE HABIT & FOLLOW UP IS MUST & REFER TO A SPECIALIST FOR ADVISE ON BIOPSY,,
IrregularM1M2RedIrregularL1MNADDarkSharpYes MouthHyesMixedareas,TRAUMATICULCER ,ORAL SQUAMOUS CELL CARCINOMA & CARCINOMA IN SITU,ADVISE SYMPTOMATIC TREATMENT AND TO STOP THE HABIT & FOLLOW UP IS MUST & REFER TO A SPECIALIST FOR ADVISE ON BIOPSY,,
IrregularM1M2RedIrregularL1MNADPiNADSNOYes MouthHyesMixedareas,TRAUMATICULCER ,ORAL SQUAMOUS CELL CARCINOMA & CARCINOMA IN SITU,ADVISE SYMPTOMATIC TREATMENT AND TO STOP THE HABIT & FOLLOW UP IS MUST & REFER TO A SPECIALIST FOR ADVISE ON BIOPSY,,
IrregularM1M2RedIrregularL1MNADDarkSNOYes MouthHyesMixedareas,TRAUMATICULCER ,ORAL SQUAMOUS CELL CARCINOMA & CARCINOMA IN SITU,ADVISE SYMPTOMATIC TREATMENT AND TO STOP THE HABIT & FOLLOW UP IS MUST & REFER TO A SPECIALIST FOR ADVISE ON BIOPSY,,
IrregularM1M2WhiteIrregularL1MNADPiNADSharpYes MouthHyesMixedareas,TRAUMATICULCER ,ORAL SQUAMOUS CELL CARCINOMA & CARCINOMA IN SITU,ADVISE SYMPTOMATIC TREATMENT AND TO STOP THE HABIT & FOLLOW UP IS MUST & REFER TO A SPECIALIST FOR ADVISE ON BIOPSY,,
IrregularM1M2WhiteIrregularL1MNADDarkSharpYes MouthHyesMixedareas,TRAUMATICULCER ,ORAL SQUAMOUS CELL CARCINOMA & CARCINOMA IN SITU,ADVISE SYMPTOMATIC TREATMENT AND TO STOP THE HABIT & FOLLOW UP IS MUST & REFER TO A SPECIALIST FOR ADVISE ON BIOPSY,,
IrregularM1M2WhiteIrregularL1MNADPiNADSNOYes MouthHyesMixedareas,TRAUMATICULCER ,ORAL SQUAMOUS CELL CARCINOMA & CARCINOMA IN SITU,ADVISE SYMPTOMATIC TREATMENT AND TO STOP THE HABIT & FOLLOW UP IS MUST & REFER TO A SPECIALIST FOR ADVISE ON BIOPSY,,
IrregularM1M2WhiteIrregularL1MNADDarkSNOYes MouthHyesMixedareas,TRAUMATICULCER ,ORAL SQUAMOUS CELL CARCINOMA & CARCINOMA IN SITU,ADVISE SYMPTOMATIC TREATMENT AND TO STOP THE HABIT & FOLLOW UP IS MUST & REFER TO A SPECIALIST FOR ADVISE ON BIOPSY,,
IrregularM1M2PNADGNADMNADPiNADSharpYesHyesMixedareas,TRAUMATICULCER ,APTHOUS ULCER & CARCINOMA IN SITU,ADVISE SYMPTOMATIC TREATMENT AND FOLLOW UP IS MUST & IF NO CHANGE AFTER 2 WEEKS & ADVISE BIOPSY ,,
IrregularM1M2PNADGNADMNADDarkSharpYesHyesMixedareas,TRAUMATICULCER ,APTHOUS ULCER & CARCINOMA IN SITU,ADVISE SYMPTOMATIC TREATMENT AND FOLLOW UP IS MUST & IF NO CHANGE AFTER 2 WEEKS & ADVISE BIOPSY ,,
IrregularM1M2PNADGNADMNADPiNADSNOYesHyesMixedareas,TRAUMATICULCER ,APTHOUS ULCER & CARCINOMA IN SITU,ADVISE SYMPTOMATIC TREATMENT AND FOLLOW UP IS MUST & IF NO CHANGE AFTER 2 WEEKS & ADVISE BIOPSY ,,
IrregularM1M2PNADGNADMNADDarkSNOYesHyesMixedareas,TRAUMATICULCER ,APTHOUS ULCER & CARCINOMA IN SITU,ADVISE SYMPTOMATIC TREATMENT AND FOLLOW UP IS MUST & IF NO CHANGE AFTER 2 WEEKS & ADVISE BIOPSY ,,
IrregularM1M2RedGNADMNADPiNADSharpYesHyesMixedareas,TRAUMATICULCER ,APTHOUS ULCER & CARCINOMA IN SITU,ADVISE SYMPTOMATIC TREATMENT AND FOLLOW UP IS MUST & IF NO CHANGE AFTER 2 WEEKS & ADVISE BIOPSY ,,
IrregularM1M2RedGNADMNADDarkSharpYesHyesMixedareas,TRAUMATICULCER ,APTHOUS ULCER & CARCINOMA IN SITU,ADVISE SYMPTOMATIC TREATMENT AND FOLLOW UP IS MUST & IF NO CHANGE AFTER 2 WEEKS & ADVISE BIOPSY ,,
IrregularM1M2RedGNADMNADPiNADSNOYesHyesMixedareas,TRAUMATICULCER ,APTHOUS ULCER & CARCINOMA IN SITU,ADVISE SYMPTOMATIC TREATMENT AND FOLLOW UP IS MUST & IF NO CHANGE AFTER 2 WEEKS & ADVISE BIOPSY ,,
IrregularM1M2RedGNADMNADDarkSNOYesHyesMixedareas,TRAUMATICULCER ,APTHOUS ULCER & CARCINOMA IN SITU,ADVISE SYMPTOMATIC TREATMENT AND FOLLOW UP IS MUST & IF NO CHANGE AFTER 2 WEEKS & ADVISE BIOPSY ,,
IrregularM1M2WhiteGNADMNADPiNADSharpYesHyesMixedareas,TRAUMATICULCER ,APTHOUS ULCER & CARCINOMA IN SITU,ADVISE SYMPTOMATIC TREATMENT AND FOLLOW UP IS MUST & IF NO CHANGE AFTER 2 WEEKS & ADVISE BIOPSY ,,
IrregularM1M2WhiteGNADMNADDarkSharpYesHyesMixedareas,TRAUMATICULCER ,APTHOUS ULCER & CARCINOMA IN SITU,ADVISE SYMPTOMATIC TREATMENT AND FOLLOW UP IS MUST & IF NO CHANGE AFTER 2 WEEKS & ADVISE BIOPSY ,,
IrregularM1M2WhiteGNADMNADPiNADSNOYesHyesMixedareas,TRAUMATICULCER ,APTHOUS ULCER & CARCINOMA IN SITU,ADVISE SYMPTOMATIC TREATMENT AND FOLLOW UP IS MUST & IF NO CHANGE AFTER 2 WEEKS & ADVISE BIOPSY ,,
IrregularM1M2WhiteGNADMNADDarkSNOYesHyesMixedareas,TRAUMATICULCER ,APTHOUS ULCER & CARCINOMA IN SITU,ADVISE SYMPTOMATIC TREATMENT AND FOLLOW UP IS MUST & IF NO CHANGE AFTER 2 WEEKS & ADVISE BIOPSY ,,
IrregularM1M2PNADIrregularL1MNADPiNADSharpYes MouthSmokingMixedareas,TRAUMATICULCER ,ORAL SQUAMOUS CELL CARCINOMA & CARCINOMA IN SITU,ADVISE SYMPTOMATIC TREATMENT AND TO STOP THE HABIT & FOLLOW UP IS MUST & REFER TO A SPECIALIST FOR ADVISE ON BIOPSY,,
IrregularM1M2PNADIrregularL1MNADDarkSharpYes MouthSmokingMixedareas,TRAUMATICULCER ,ORAL SQUAMOUS CELL CARCINOMA & CARCINOMA IN SITU,ADVISE SYMPTOMATIC TREATMENT AND TO STOP THE HABIT & FOLLOW UP IS MUST & REFER TO A SPECIALIST FOR ADVISE ON BIOPSY,,
IrregularM1M2PNADIrregularL1MNADPiNADSNOYes MouthSmokingMixedareas,TRAUMATICULCER ,ORAL SQUAMOUS CELL CARCINOMA & CARCINOMA IN SITU,ADVISE SYMPTOMATIC TREATMENT AND TO STOP THE HABIT & FOLLOW UP IS MUST & REFER TO A SPECIALIST FOR ADVISE ON BIOPSY,,
IrregularM1M2PNADIrregularL1MNADDarkSNOYes MouthSmokingMixedareas,TRAUMATICULCER ,ORAL SQUAMOUS CELL CARCINOMA & CARCINOMA IN SITU,ADVISE SYMPTOMATIC TREATMENT AND TO STOP THE HABIT & FOLLOW UP IS MUST & REFER TO A SPECIALIST FOR ADVISE ON BIOPSY,,
IrregularM1M2RedIrregularL1MNADPiNADSharpYes MouthSmokingMixedareas,TRAUMATICULCER ,ORAL SQUAMOUS CELL CARCINOMA & CARCINOMA IN SITU,ADVISE SYMPTOMATIC TREATMENT AND TO STOP THE HABIT & FOLLOW UP IS MUST & REFER TO A SPECIALIST FOR ADVISE ON BIOPSY,,
IrregularM1M2RedIrregularL1MNADDarkSharpYes MouthSmokingMixedareas,TRAUMATICULCER ,ORAL SQUAMOUS CELL CARCINOMA & CARCINOMA IN SITU,ADVISE SYMPTOMATIC TREATMENT AND TO STOP THE HABIT & FOLLOW UP IS MUST & REFER TO A SPECIALIST FOR ADVISE ON BIOPSY,,
IrregularM1M2RedIrregularL1MNADPiNADSNOYes MouthSmokingMixedareas,TRAUMATICULCER ,ORAL SQUAMOUS CELL CARCINOMA & CARCINOMA IN SITU,ADVISE SYMPTOMATIC TREATMENT AND TO STOP THE HABIT & FOLLOW UP IS MUST & REFER TO A SPECIALIST FOR ADVISE ON BIOPSY,,
IrregularM1M2RedIrregularL1MNADDarkSNOYes MouthSmokingMixedareas,TRAUMATICULCER ,ORAL SQUAMOUS CELL CARCINOMA & CARCINOMA IN SITU,ADVISE SYMPTOMATIC TREATMENT AND TO STOP THE HABIT & FOLLOW UP IS MUST & REFER TO A SPECIALIST FOR ADVISE ON BIOPSY,,
IrregularM1M2WhiteIrregularL1MNADPiNADSharpYes MouthSmokingMixedareas,TRAUMATICULCER ,ORAL SQUAMOUS CELL CARCINOMA & CARCINOMA IN SITU,ADVISE SYMPTOMATIC TREATMENT AND TO STOP THE HABIT & FOLLOW UP IS MUST & REFER TO A SPECIALIST FOR ADVISE ON BIOPSY,,
IrregularM1M2WhiteIrregularL1MNADDarkSharpYes MouthSmokingMixedareas,TRAUMATICULCER ,ORAL SQUAMOUS CELL CARCINOMA & CARCINOMA IN SITU,ADVISE SYMPTOMATIC TREATMENT AND TO STOP THE HABIT & FOLLOW UP IS MUST & REFER TO A SPECIALIST FOR ADVISE ON BIOPSY,,
IrregularM1M2WhiteIrregularL1MNADPiNADSNOYes MouthSmokingMixedareas,TRAUMATICULCER ,ORAL SQUAMOUS CELL CARCINOMA & CARCINOMA IN SITU,ADVISE SYMPTOMATIC TREATMENT AND TO STOP THE HABIT & FOLLOW UP IS MUST & REFER TO A SPECIALIST FOR ADVISE ON BIOPSY,,
IrregularM1M2WhiteIrregularL1MNADDarkSNOYes MouthSmokingMixedareas,TRAUMATICULCER ,ORAL SQUAMOUS CELL CARCINOMA & CARCINOMA IN SITU,ADVISE SYMPTOMATIC TREATMENT AND TO STOP THE HABIT & FOLLOW UP IS MUST & REFER TO A SPECIALIST FOR ADVISE ON BIOPSY,,
IrregularM1M2PNADGNADMNADPiNADSharpYesSmokingMixedareas,TRAUMATICULCER ,APTHOUS ULCER & CARCINOMA IN SITU,ADVISE SYMPTOMATIC TREATMENT AND FOLLOW UP IS MUST & IF NO CHANGE AFTER 2 WEEKS & ADVISE BIOPSY ,,
IrregularM1M2PNADGNADMNADDarkSharpYesSmokingMixedareas,TRAUMATICULCER ,APTHOUS ULCER & CARCINOMA IN SITU,ADVISE SYMPTOMATIC TREATMENT AND FOLLOW UP IS MUST & IF NO CHANGE AFTER 2 WEEKS & ADVISE BIOPSY ,,
IrregularM1M2PNADGNADMNADPiNADSNOYesSmokingMixedareas,TRAUMATICULCER ,APTHOUS ULCER & CARCINOMA IN SITU,ADVISE SYMPTOMATIC TREATMENT AND FOLLOW UP IS MUST & IF NO CHANGE AFTER 2 WEEKS & ADVISE BIOPSY ,,
IrregularM1M2PNADGNADMNADDarkSNOYesSmokingMixedareas,TRAUMATICULCER ,APTHOUS ULCER & CARCINOMA IN SITU,ADVISE SYMPTOMATIC TREATMENT AND FOLLOW UP IS MUST & IF NO CHANGE AFTER 2 WEEKS & ADVISE BIOPSY ,,
IrregularM1M2RedGNADMNADPiNADSharpYesSmokingMixedareas,TRAUMATICULCER ,APTHOUS ULCER & CARCINOMA IN SITU,ADVISE SYMPTOMATIC TREATMENT AND FOLLOW UP IS MUST & IF NO CHANGE AFTER 2 WEEKS & ADVISE BIOPSY ,,
IrregularM1M2RedGNADMNADDarkSharpYesSmokingMixedareas,TRAUMATICULCER ,APTHOUS ULCER & CARCINOMA IN SITU,ADVISE SYMPTOMATIC TREATMENT AND FOLLOW UP IS MUST & IF NO CHANGE AFTER 2 WEEKS & ADVISE BIOPSY ,,
IrregularM1M2RedGNADMNADPiNADSNOYesSmokingMixedareas,TRAUMATICULCER ,APTHOUS ULCER & CARCINOMA IN SITU,ADVISE SYMPTOMATIC TREATMENT AND FOLLOW UP IS MUST & IF NO CHANGE AFTER 2 WEEKS & ADVISE BIOPSY ,,
IrregularM1M2RedGNADMNADDarkSNOYesSmokingMixedareas,TRAUMATICULCER ,APTHOUS ULCER & CARCINOMA IN SITU,ADVISE SYMPTOMATIC TREATMENT AND FOLLOW UP IS MUST & IF NO CHANGE AFTER 2 WEEKS & ADVISE BIOPSY ,,
IrregularM1M2WhiteGNADMNADPiNADSharpYesSmokingMixedareas,TRAUMATICULCER ,APTHOUS ULCER & CARCINOMA IN SITU,ADVISE SYMPTOMATIC TREATMENT AND FOLLOW UP IS MUST & IF NO CHANGE AFTER 2 WEEKS & ADVISE BIOPSY ,,
IrregularM1M2WhiteGNADMNADDarkSharpYesSmokingMixedareas,TRAUMATICULCER ,APTHOUS ULCER & CARCINOMA IN SITU,ADVISE SYMPTOMATIC TREATMENT AND FOLLOW UP IS MUST & IF NO CHANGE AFTER 2 WEEKS & ADVISE BIOPSY ,,
IrregularM1M2WhiteGNADMNADPiNADSNOYesSmokingMixedareas,TRAUMATICULCER ,APTHOUS ULCER & CARCINOMA IN SITU,ADVISE SYMPTOMATIC TREATMENT AND FOLLOW UP IS MUST & IF NO CHANGE AFTER 2 WEEKS & ADVISE BIOPSY ,,
IrregularM1M2WhiteGNADMNADDarkSNOYesSmokingMixedareas,TRAUMATICULCER ,APTHOUS ULCER & CARCINOMA IN SITU,ADVISE SYMPTOMATIC TREATMENT AND FOLLOW UP IS MUST & IF NO CHANGE AFTER 2 WEEKS & ADVISE BIOPSY ,,
IrregularM1M2PNADIrregularL1MNADPiNADSharpYes MouthHyesBsulcus,TRAUMATICULCER ,ORAL SQUAMOUS CELL CARCINOMA & CARCINOMA IN SITU,ADVISE SYMPTOMATIC TREATMENT AND TO STOP THE HABIT & FOLLOW UP IS MUST & REFER TO A SPECIALIST FOR ADVISE ON BIOPSY,,
IrregularM1M2PNADIrregularL1MNADDarkSharpYes MouthHyesBsulcus,TRAUMATICULCER ,ORAL SQUAMOUS CELL CARCINOMA & CARCINOMA IN SITU,ADVISE SYMPTOMATIC TREATMENT AND TO STOP THE HABIT & FOLLOW UP IS MUST & REFER TO A SPECIALIST FOR ADVISE ON BIOPSY,,
IrregularM1M2PNADIrregularL1MNADPiNADSNOYes MouthHyesBsulcus,TRAUMATICULCER ,ORAL SQUAMOUS CELL CARCINOMA & CARCINOMA IN SITU,ADVISE SYMPTOMATIC TREATMENT AND TO STOP THE HABIT & FOLLOW UP IS MUST & REFER TO A SPECIALIST FOR ADVISE ON BIOPSY,,
IrregularM1M2PNADIrregularL1MNADDarkSNOYes MouthHyesBsulcus,TRAUMATICULCER ,ORAL SQUAMOUS CELL CARCINOMA & CARCINOMA IN SITU,ADVISE SYMPTOMATIC TREATMENT AND TO STOP THE HABIT & FOLLOW UP IS MUST & REFER TO A SPECIALIST FOR ADVISE ON BIOPSY,,
IrregularM1M2RedIrregularL1MNADPiNADSharpYes MouthHyesBsulcus,TRAUMATICULCER ,ORAL SQUAMOUS CELL CARCINOMA & CARCINOMA IN SITU,ADVISE SYMPTOMATIC TREATMENT AND TO STOP THE HABIT & FOLLOW UP IS MUST & REFER TO A SPECIALIST FOR ADVISE ON BIOPSY,,
IrregularM1M2RedIrregularL1MNADDarkSharpYes MouthHyesBsulcus,TRAUMATICULCER ,ORAL SQUAMOUS CELL CARCINOMA & CARCINOMA IN SITU,ADVISE SYMPTOMATIC TREATMENT AND TO STOP THE HABIT & FOLLOW UP IS MUST & REFER TO A SPECIALIST FOR ADVISE ON BIOPSY,,
IrregularM1M2RedIrregularL1MNADPiNADSNOYes MouthHyesBsulcus,TRAUMATICULCER ,ORAL SQUAMOUS CELL CARCINOMA & CARCINOMA IN SITU,ADVISE SYMPTOMATIC TREATMENT AND TO STOP THE HABIT & FOLLOW UP IS MUST & REFER TO A SPECIALIST FOR ADVISE ON BIOPSY,,
IrregularM1M2RedIrregularL1MNADDarkSNOYes MouthHyesBsulcus,TRAUMATICULCER ,ORAL SQUAMOUS CELL CARCINOMA & CARCINOMA IN SITU,ADVISE SYMPTOMATIC TREATMENT AND TO STOP THE HABIT & FOLLOW UP IS MUST & REFER TO A SPECIALIST FOR ADVISE ON BIOPSY,,
IrregularM1M2WhiteIrregularL1MNADPiNADSharpYes MouthHyesBsulcus,TRAUMATICULCER ,ORAL SQUAMOUS CELL CARCINOMA & CARCINOMA IN SITU,ADVISE SYMPTOMATIC TREATMENT AND TO STOP THE HABIT & FOLLOW UP IS MUST & REFER TO A SPECIALIST FOR ADVISE ON BIOPSY,,
IrregularM1M2WhiteIrregularL1MNADDarkSharpYes MouthHyesBsulcus,TRAUMATICULCER ,ORAL SQUAMOUS CELL CARCINOMA & CARCINOMA IN SITU,ADVISE SYMPTOMATIC TREATMENT AND TO STOP THE HABIT & FOLLOW UP IS MUST & REFER TO A SPECIALIST FOR ADVISE ON BIOPSY,,
IrregularM1M2WhiteIrregularL1MNADPiNADSNOYes MouthHyesBsulcus,TRAUMATICULCER ,ORAL SQUAMOUS CELL CARCINOMA & CARCINOMA IN SITU,ADVISE SYMPTOMATIC TREATMENT AND TO STOP THE HABIT & FOLLOW UP IS MUST & REFER TO A SPECIALIST FOR ADVISE ON BIOPSY,,
IrregularM1M2WhiteIrregularL1MNADDarkSNOYes MouthHyesBsulcus,TRAUMATICULCER ,ORAL SQUAMOUS CELL CARCINOMA & CARCINOMA IN SITU,ADVISE SYMPTOMATIC TREATMENT AND TO STOP THE HABIT & FOLLOW UP IS MUST & REFER TO A SPECIALIST FOR ADVISE ON BIOPSY,,
IrregularM1M2PNADGNADMNADPiNADSharpYesHyesBsulcus,TRAUMATICULCER ,APTHOUS ULCER & CARCINOMA IN SITU,ADVISE SYMPTOMATIC TREATMENT AND FOLLOW UP IS MUST & IF NO CHANGE AFTER 2 WEEKS & ADVISE BIOPSY ,,
IrregularM1M2PNADGNADMNADDarkSharpYesHyesBsulcus,TRAUMATICULCER ,APTHOUS ULCER & CARCINOMA IN SITU,ADVISE SYMPTOMATIC TREATMENT AND FOLLOW UP IS MUST & IF NO CHANGE AFTER 2 WEEKS & ADVISE BIOPSY ,,
IrregularM1M2PNADGNADMNADPiNADSNOYesHyesBsulcus,TRAUMATICULCER ,APTHOUS ULCER & CARCINOMA IN SITU,ADVISE SYMPTOMATIC TREATMENT AND FOLLOW UP IS MUST & IF NO CHANGE AFTER 2 WEEKS & ADVISE BIOPSY ,,
IrregularM1M2PNADGNADMNADDarkSNOYesHyesBsulcus,TRAUMATICULCER ,APTHOUS ULCER & CARCINOMA IN SITU,ADVISE SYMPTOMATIC TREATMENT AND FOLLOW UP IS MUST & IF NO CHANGE AFTER 2 WEEKS & ADVISE BIOPSY ,,
IrregularM1M2RedGNADMNADPiNADSharpYesHyesBsulcus,TRAUMATICULCER ,APTHOUS ULCER & CARCINOMA IN SITU,ADVISE SYMPTOMATIC TREATMENT AND FOLLOW UP IS MUST & IF NO CHANGE AFTER 2 WEEKS & ADVISE BIOPSY ,,
IrregularM1M2RedGNADMNADDarkSharpYesHyesBsulcus,TRAUMATICULCER ,APTHOUS ULCER & CARCINOMA IN SITU,ADVISE SYMPTOMATIC TREATMENT AND FOLLOW UP IS MUST & IF NO CHANGE AFTER 2 WEEKS & ADVISE BIOPSY ,,
IrregularM1M2RedGNADMNADPiNADSNOYesHyesBsulcus,TRAUMATICULCER ,APTHOUS ULCER & CARCINOMA IN SITU,ADVISE SYMPTOMATIC TREATMENT AND FOLLOW UP IS MUST & IF NO CHANGE AFTER 2 WEEKS & ADVISE BIOPSY ,,
IrregularM1M2RedGNADMNADDarkSNOYesHyesBsulcus,TRAUMATICULCER ,APTHOUS ULCER & CARCINOMA IN SITU,ADVISE SYMPTOMATIC TREATMENT AND FOLLOW UP IS MUST & IF NO CHANGE AFTER 2 WEEKS & ADVISE BIOPSY ,,
IrregularM1M2WhiteGNADMNADPiNADSharpYesHyesBsulcus,TRAUMATICULCER ,APTHOUS ULCER & CARCINOMA IN SITU,ADVISE SYMPTOMATIC TREATMENT AND FOLLOW UP IS MUST & IF NO CHANGE AFTER 2 WEEKS & ADVISE BIOPSY ,,
IrregularM1M2WhiteGNADMNADDarkSharpYesHyesBsulcus,TRAUMATICULCER ,APTHOUS ULCER & CARCINOMA IN SITU,ADVISE SYMPTOMATIC TREATMENT AND FOLLOW UP IS MUST & IF NO CHANGE AFTER 2 WEEKS & ADVISE BIOPSY ,,
IrregularM1M2WhiteGNADMNADPiNADSNOYesHyesBsulcus,TRAUMATICULCER ,APTHOUS ULCER & CARCINOMA IN SITU,ADVISE SYMPTOMATIC TREATMENT AND FOLLOW UP IS MUST & IF NO CHANGE AFTER 2 WEEKS & ADVISE BIOPSY ,,
IrregularM1M2WhiteGNADMNADDarkSNOYesHyesBsulcus,TRAUMATICULCER ,APTHOUS ULCER & CARCINOMA IN SITU,ADVISE SYMPTOMATIC TREATMENT AND FOLLOW UP IS MUST & IF NO CHANGE AFTER 2 WEEKS & ADVISE BIOPSY ,,
IrregularM1M2PNADIrregularL1MNADPiNADSharpYes MouthSmokingBsulcus,TRAUMATICULCER ,ORAL SQUAMOUS CELL CARCINOMA & CARCINOMA IN SITU,ADVISE SYMPTOMATIC TREATMENT AND TO STOP THE HABIT & FOLLOW UP IS MUST & REFER TO A SPECIALIST FOR ADVISE ON BIOPSY,,
IrregularM1M2PNADIrregularL1MNADDarkSharpYes MouthSmokingBsulcus,TRAUMATICULCER ,ORAL SQUAMOUS CELL CARCINOMA & CARCINOMA IN SITU,ADVISE SYMPTOMATIC TREATMENT AND TO STOP THE HABIT & FOLLOW UP IS MUST & REFER TO A SPECIALIST FOR ADVISE ON BIOPSY,,
IrregularM1M2PNADIrregularL1MNADPiNADSNOYes MouthSmokingBsulcus,TRAUMATICULCER ,ORAL SQUAMOUS CELL CARCINOMA & CARCINOMA IN SITU,ADVISE SYMPTOMATIC TREATMENT AND TO STOP THE HABIT & FOLLOW UP IS MUST & REFER TO A SPECIALIST FOR ADVISE ON BIOPSY,,
IrregularM1M2PNADIrregularL1MNADDarkSNOYes MouthSmokingBsulcus,TRAUMATICULCER ,ORAL SQUAMOUS CELL CARCINOMA & CARCINOMA IN SITU,ADVISE SYMPTOMATIC TREATMENT AND TO STOP THE HABIT & FOLLOW UP IS MUST & REFER TO A SPECIALIST FOR ADVISE ON BIOPSY,,
IrregularM1M2RedIrregularL1MNADPiNADSharpYes MouthSmokingBsulcus,TRAUMATICULCER ,ORAL SQUAMOUS CELL CARCINOMA & CARCINOMA IN SITU,ADVISE SYMPTOMATIC TREATMENT AND TO STOP THE HABIT & FOLLOW UP IS MUST & REFER TO A SPECIALIST FOR ADVISE ON BIOPSY,,
IrregularM1M2RedIrregularL1MNADDarkSharpYes MouthSmokingBsulcus,TRAUMATICULCER ,ORAL SQUAMOUS CELL CARCINOMA & CARCINOMA IN SITU,ADVISE SYMPTOMATIC TREATMENT AND TO STOP THE HABIT & FOLLOW UP IS MUST & REFER TO A SPECIALIST FOR ADVISE ON BIOPSY,,
IrregularM1M2RedIrregularL1MNADPiNADSNOYes MouthSmokingBsulcus,TRAUMATICULCER ,ORAL SQUAMOUS CELL CARCINOMA & CARCINOMA IN SITU,ADVISE SYMPTOMATIC TREATMENT AND TO STOP THE HABIT & FOLLOW UP IS MUST & REFER TO A SPECIALIST FOR ADVISE ON BIOPSY,,
IrregularM1M2RedIrregularL1MNADDarkSNOYes MouthSmokingBsulcus,TRAUMATICULCER ,ORAL SQUAMOUS CELL CARCINOMA & CARCINOMA IN SITU,ADVISE SYMPTOMATIC TREATMENT AND TO STOP THE HABIT & FOLLOW UP IS MUST & REFER TO A SPECIALIST FOR ADVISE ON BIOPSY,,
IrregularM1M2WhiteIrregularL1MNADPiNADSharpYes MouthSmokingBsulcus,TRAUMATICULCER ,ORAL SQUAMOUS CELL CARCINOMA & CARCINOMA IN SITU,ADVISE SYMPTOMATIC TREATMENT AND TO STOP THE HABIT & FOLLOW UP IS MUST & REFER TO A SPECIALIST FOR ADVISE ON BIOPSY,,
IrregularM1M2WhiteIrregularL1MNADDarkSharpYes MouthSmokingBsulcus,TRAUMATICULCER ,ORAL SQUAMOUS CELL CARCINOMA & CARCINOMA IN SITU,ADVISE SYMPTOMATIC TREATMENT AND TO STOP THE HABIT & FOLLOW UP IS MUST & REFER TO A SPECIALIST FOR ADVISE ON BIOPSY,,
IrregularM1M2WhiteIrregularL1MNADPiNADSNOYes MouthSmokingBsulcus,TRAUMATICULCER ,ORAL SQUAMOUS CELL CARCINOMA & CARCINOMA IN SITU,ADVISE SYMPTOMATIC TREATMENT AND TO STOP THE HABIT & FOLLOW UP IS MUST & REFER TO A SPECIALIST FOR ADVISE ON BIOPSY,,
IrregularM1M2WhiteIrregularL1MNADDarkSNOYes MouthSmokingBsulcus,TRAUMATICULCER ,ORAL SQUAMOUS CELL CARCINOMA & CARCINOMA IN SITU,ADVISE SYMPTOMATIC TREATMENT AND TO STOP THE HABIT & FOLLOW UP IS MUST & REFER TO A SPECIALIST FOR ADVISE ON BIOPSY,,
IrregularM1M2PNADGNADMNADPiNADSharpYesSmokingBsulcus,TRAUMATICULCER ,APTHOUS ULCER & CARCINOMA IN SITU,ADVISE SYMPTOMATIC TREATMENT AND FOLLOW UP IS MUST & IF NO CHANGE AFTER 2 WEEKS & ADVISE BIOPSY ,,
IrregularM1M2PNADGNADMNADDarkSharpYesSmokingBsulcus,TRAUMATICULCER ,APTHOUS ULCER & CARCINOMA IN SITU,ADVISE SYMPTOMATIC TREATMENT AND FOLLOW UP IS MUST & IF NO CHANGE AFTER 2 WEEKS & ADVISE BIOPSY ,,
IrregularM1M2PNADGNADMNADPiNADSNOYesSmokingBsulcus,TRAUMATICULCER ,APTHOUS ULCER & CARCINOMA IN SITU,ADVISE SYMPTOMATIC TREATMENT AND FOLLOW UP IS MUST & IF NO CHANGE AFTER 2 WEEKS & ADVISE BIOPSY ,,
IrregularM1M2PNADGNADMNADDarkSNOYesSmokingBsulcus,TRAUMATICULCER ,APTHOUS ULCER & CARCINOMA IN SITU,ADVISE SYMPTOMATIC TREATMENT AND FOLLOW UP IS MUST & IF NO CHANGE AFTER 2 WEEKS & ADVISE BIOPSY ,,
IrregularM1M2RedGNADMNADPiNADSharpYesSmokingBsulcus,TRAUMATICULCER ,APTHOUS ULCER & CARCINOMA IN SITU,ADVISE SYMPTOMATIC TREATMENT AND FOLLOW UP IS MUST & IF NO CHANGE AFTER 2 WEEKS & ADVISE BIOPSY ,,
IrregularM1M2RedGNADMNADDarkSharpYesSmokingBsulcus,TRAUMATICULCER ,APTHOUS ULCER & CARCINOMA IN SITU,ADVISE SYMPTOMATIC TREATMENT AND FOLLOW UP IS MUST & IF NO CHANGE AFTER 2 WEEKS & ADVISE BIOPSY ,,
IrregularM1M2RedGNADMNADPiNADSNOYesSmokingBsulcus,TRAUMATICULCER ,APTHOUS ULCER & CARCINOMA IN SITU,ADVISE SYMPTOMATIC TREATMENT AND FOLLOW UP IS MUST & IF NO CHANGE AFTER 2 WEEKS & ADVISE BIOPSY ,,
IrregularM1M2RedGNADMNADDarkSNOYesSmokingBsulcus,TRAUMATICULCER ,APTHOUS ULCER & CARCINOMA IN SITU,ADVISE SYMPTOMATIC TREATMENT AND FOLLOW UP IS MUST & IF NO CHANGE AFTER 2 WEEKS & ADVISE BIOPSY ,,
IrregularM1M2WhiteGNADMNADPiNADSharpYesSmokingBsulcus,TRAUMATICULCER ,APTHOUS ULCER & CARCINOMA IN SITU,ADVISE SYMPTOMATIC TREATMENT AND FOLLOW UP IS MUST & IF NO CHANGE AFTER 2 WEEKS & ADVISE BIOPSY ,,
IrregularM1M2WhiteGNADMNADDarkSharpYesSmokingBsulcus,TRAUMATICULCER ,APTHOUS ULCER & CARCINOMA IN SITU,ADVISE SYMPTOMATIC TREATMENT AND FOLLOW UP IS MUST & IF NO CHANGE AFTER 2 WEEKS & ADVISE BIOPSY ,,
IrregularM1M2WhiteGNADMNADPiNADSNOYesSmokingBsulcus,TRAUMATICULCER ,APTHOUS ULCER & CARCINOMA IN SITU,ADVISE SYMPTOMATIC TREATMENT AND FOLLOW UP IS MUST & IF NO CHANGE AFTER 2 WEEKS & ADVISE BIOPSY ,,
IrregularM1M2WhiteGNADMNADDarkSNOYesSmokingBsulcus,TRAUMATICULCER ,APTHOUS ULCER & CARCINOMA IN SITU,ADVISE SYMPTOMATIC TREATMENT AND FOLLOW UP IS MUST & IF NO CHANGE AFTER 2 WEEKS & ADVISE BIOPSY ,,
IrregularM1M2PNADIrregularL1MNADPiNADSharpYes MouthHyesPalate,TRAUMATICULCER ,ORAL SQUAMOUS CELL CARCINOMA & CARCINOMA IN SITU,ADVISE SYMPTOMATIC TREATMENT AND TO STOP THE HABIT & FOLLOW UP IS MUST & REFER TO A SPECIALIST FOR ADVISE ON BIOPSY,,
IrregularM1M2PNADIrregularL1MNADDarkSharpYes MouthHyesPalate,TRAUMATICULCER ,ORAL SQUAMOUS CELL CARCINOMA & CARCINOMA IN SITU,ADVISE SYMPTOMATIC TREATMENT AND TO STOP THE HABIT & FOLLOW UP IS MUST & REFER TO A SPECIALIST FOR ADVISE ON BIOPSY,,
IrregularM1M2PNADIrregularL1MNADPiNADSNOYes MouthHyesPalate,TRAUMATICULCER ,ORAL SQUAMOUS CELL CARCINOMA & CARCINOMA IN SITU,ADVISE SYMPTOMATIC TREATMENT AND TO STOP THE HABIT & FOLLOW UP IS MUST & REFER TO A SPECIALIST FOR ADVISE ON BIOPSY,,
IrregularM1M2PNADIrregularL1MNADDarkSNOYes MouthHyesPalate,TRAUMATICULCER ,ORAL SQUAMOUS CELL CARCINOMA & CARCINOMA IN SITU,ADVISE SYMPTOMATIC TREATMENT AND TO STOP THE HABIT & FOLLOW UP IS MUST & REFER TO A SPECIALIST FOR ADVISE ON BIOPSY,,
IrregularM1M2RedIrregularL1MNADPiNADSharpYes MouthHyesPalate,TRAUMATICULCER ,ORAL SQUAMOUS CELL CARCINOMA & CARCINOMA IN SITU,ADVISE SYMPTOMATIC TREATMENT AND TO STOP THE HABIT & FOLLOW UP IS MUST & REFER TO A SPECIALIST FOR ADVISE ON BIOPSY,,
IrregularM1M2RedIrregularL1MNADDarkSharpYes MouthHyesPalate,TRAUMATICULCER ,ORAL SQUAMOUS CELL CARCINOMA & CARCINOMA IN SITU,ADVISE SYMPTOMATIC TREATMENT AND TO STOP THE HABIT & FOLLOW UP IS MUST & REFER TO A SPECIALIST FOR ADVISE ON BIOPSY,,
IrregularM1M2RedIrregularL1MNADPiNADSNOYes MouthHyesPalate,TRAUMATICULCER ,ORAL SQUAMOUS CELL CARCINOMA & CARCINOMA IN SITU,ADVISE SYMPTOMATIC TREATMENT AND TO STOP THE HABIT & FOLLOW UP IS MUST & REFER TO A SPECIALIST FOR ADVISE ON BIOPSY,,
IrregularM1M2RedIrregularL1MNADDarkSNOYes MouthHyesPalate,TRAUMATICULCER ,ORAL SQUAMOUS CELL CARCINOMA & CARCINOMA IN SITU,ADVISE SYMPTOMATIC TREATMENT AND TO STOP THE HABIT & FOLLOW UP IS MUST & REFER TO A SPECIALIST FOR ADVISE ON BIOPSY,,
IrregularM1M2WhiteIrregularL1MNADPiNADSharpYes MouthHyesPalate,TRAUMATICULCER ,ORAL SQUAMOUS CELL CARCINOMA & CARCINOMA IN SITU,ADVISE SYMPTOMATIC TREATMENT AND TO STOP THE HABIT & FOLLOW UP IS MUST & REFER TO A SPECIALIST FOR ADVISE ON BIOPSY,,
IrregularM1M2WhiteIrregularL1MNADDarkSharpYes MouthHyesPalate,TRAUMATICULCER ,ORAL SQUAMOUS CELL CARCINOMA & CARCINOMA IN SITU,ADVISE SYMPTOMATIC TREATMENT AND TO STOP THE HABIT & FOLLOW UP IS MUST & REFER TO A SPECIALIST FOR ADVISE ON BIOPSY,,
IrregularM1M2WhiteIrregularL1MNADPiNADSNOYes MouthHyesPalate,TRAUMATICULCER ,ORAL SQUAMOUS CELL CARCINOMA & CARCINOMA IN SITU,ADVISE SYMPTOMATIC TREATMENT AND TO STOP THE HABIT & FOLLOW UP IS MUST & REFER TO A SPECIALIST FOR ADVISE ON BIOPSY,,
IrregularM1M2WhiteIrregularL1MNADDarkSNOYes MouthHyesPalate,TRAUMATICULCER ,ORAL SQUAMOUS CELL CARCINOMA & CARCINOMA IN SITU,ADVISE SYMPTOMATIC TREATMENT AND TO STOP THE HABIT & FOLLOW UP IS MUST & REFER TO A SPECIALIST FOR ADVISE ON BIOPSY,,
IrregularM1M2PNADGNADMNADPiNADSharpYesHyesPalate,TRAUMATICULCER ,APTHOUS ULCER & CARCINOMA IN SITU,ADVISE SYMPTOMATIC TREATMENT AND FOLLOW UP IS MUST & IF NO CHANGE AFTER 2 WEEKS & ADVISE BIOPSY ,,
IrregularM1M2PNADGNADMNADDarkSharpYesHyesPalate,TRAUMATICULCER ,APTHOUS ULCER & CARCINOMA IN SITU,ADVISE SYMPTOMATIC TREATMENT AND FOLLOW UP IS MUST & IF NO CHANGE AFTER 2 WEEKS & ADVISE BIOPSY ,,
IrregularM1M2PNADGNADMNADPiNADSNOYesHyesPalate,TRAUMATICULCER ,APTHOUS ULCER & CARCINOMA IN SITU,ADVISE SYMPTOMATIC TREATMENT AND FOLLOW UP IS MUST & IF NO CHANGE AFTER 2 WEEKS & ADVISE BIOPSY ,,
IrregularM1M2PNADGNADMNADDarkSNOYesHyesPalate,TRAUMATICULCER ,APTHOUS ULCER & CARCINOMA IN SITU,ADVISE SYMPTOMATIC TREATMENT AND FOLLOW UP IS MUST & IF NO CHANGE AFTER 2 WEEKS & ADVISE BIOPSY ,,
IrregularM1M2RedGNADMNADPiNADSharpYesHyesPalate,TRAUMATICULCER ,APTHOUS ULCER & CARCINOMA IN SITU,ADVISE SYMPTOMATIC TREATMENT AND FOLLOW UP IS MUST & IF NO CHANGE AFTER 2 WEEKS & ADVISE BIOPSY ,,
IrregularM1M2RedGNADMNADDarkSharpYesHyesPalate,TRAUMATICULCER ,APTHOUS ULCER & CARCINOMA IN SITU,ADVISE SYMPTOMATIC TREATMENT AND FOLLOW UP IS MUST & IF NO CHANGE AFTER 2 WEEKS & ADVISE BIOPSY ,,
IrregularM1M2RedGNADMNADPiNADSNOYesHyesPalate,TRAUMATICULCER ,APTHOUS ULCER & CARCINOMA IN SITU,ADVISE SYMPTOMATIC TREATMENT AND FOLLOW UP IS MUST & IF NO CHANGE AFTER 2 WEEKS & ADVISE BIOPSY ,,
IrregularM1M2RedGNADMNADDarkSNOYesHyesPalate,TRAUMATICULCER ,APTHOUS ULCER & CARCINOMA IN SITU,ADVISE SYMPTOMATIC TREATMENT AND FOLLOW UP IS MUST & IF NO CHANGE AFTER 2 WEEKS & ADVISE BIOPSY ,,
IrregularM1M2WhiteGNADMNADPiNADSharpYesHyesPalate,TRAUMATICULCER ,APTHOUS ULCER & CARCINOMA IN SITU,ADVISE SYMPTOMATIC TREATMENT AND FOLLOW UP IS MUST & IF NO CHANGE AFTER 2 WEEKS & ADVISE BIOPSY ,,
IrregularM1M2WhiteGNADMNADDarkSharpYesHyesPalate,TRAUMATICULCER ,APTHOUS ULCER & CARCINOMA IN SITU,ADVISE SYMPTOMATIC TREATMENT AND FOLLOW UP IS MUST & IF NO CHANGE AFTER 2 WEEKS & ADVISE BIOPSY ,,
IrregularM1M2WhiteGNADMNADPiNADSNOYesHyesPalate,TRAUMATICULCER ,APTHOUS ULCER & CARCINOMA IN SITU,ADVISE SYMPTOMATIC TREATMENT AND FOLLOW UP IS MUST & IF NO CHANGE AFTER 2 WEEKS & ADVISE BIOPSY ,,
IrregularM1M2WhiteGNADMNADDarkSNOYesHyesPalate,TRAUMATICULCER ,APTHOUS ULCER & CARCINOMA IN SITU,ADVISE SYMPTOMATIC TREATMENT AND FOLLOW UP IS MUST & IF NO CHANGE AFTER 2 WEEKS & ADVISE BIOPSY ,,
IrregularM1M2PNADIrregularL1MNADPiNADSharpYes MouthSmokingPalate,TRAUMATICULCER ,ORAL SQUAMOUS CELL CARCINOMA & CARCINOMA IN SITU,ADVISE SYMPTOMATIC TREATMENT AND TO STOP THE HABIT & FOLLOW UP IS MUST & REFER TO A SPECIALIST FOR ADVISE ON BIOPSY,,
IrregularM1M2PNADIrregularL1MNADDarkSharpYes MouthSmokingPalate,TRAUMATICULCER ,ORAL SQUAMOUS CELL CARCINOMA & CARCINOMA IN SITU,ADVISE SYMPTOMATIC TREATMENT AND TO STOP THE HABIT & FOLLOW UP IS MUST & REFER TO A SPECIALIST FOR ADVISE ON BIOPSY,,
IrregularM1M2PNADIrregularL1MNADPiNADSNOYes MouthSmokingPalate,TRAUMATICULCER ,ORAL SQUAMOUS CELL CARCINOMA & CARCINOMA IN SITU,ADVISE SYMPTOMATIC TREATMENT AND TO STOP THE HABIT & FOLLOW UP IS MUST & REFER TO A SPECIALIST FOR ADVISE ON BIOPSY,,
IrregularM1M2PNADIrregularL1MNADDarkSNOYes MouthSmokingPalate,TRAUMATICULCER ,ORAL SQUAMOUS CELL CARCINOMA & CARCINOMA IN SITU,ADVISE SYMPTOMATIC TREATMENT AND TO STOP THE HABIT & FOLLOW UP IS MUST & REFER TO A SPECIALIST FOR ADVISE ON BIOPSY,,
IrregularM1M2RedIrregularL1MNADPiNADSharpYes MouthSmokingPalate,TRAUMATICULCER ,ORAL SQUAMOUS CELL CARCINOMA & CARCINOMA IN SITU,ADVISE SYMPTOMATIC TREATMENT AND TO STOP THE HABIT & FOLLOW UP IS MUST & REFER TO A SPECIALIST FOR ADVISE ON BIOPSY,,
IrregularM1M2RedIrregularL1MNADDarkSharpYes MouthSmokingPalate,TRAUMATICULCER ,ORAL SQUAMOUS CELL CARCINOMA & CARCINOMA IN SITU,ADVISE SYMPTOMATIC TREATMENT AND TO STOP THE HABIT & FOLLOW UP IS MUST & REFER TO A SPECIALIST FOR ADVISE ON BIOPSY,,
IrregularM1M2RedIrregularL1MNADPiNADSNOYes MouthSmokingPalate,TRAUMATICULCER ,ORAL SQUAMOUS CELL CARCINOMA & CARCINOMA IN SITU,ADVISE SYMPTOMATIC TREATMENT AND TO STOP THE HABIT & FOLLOW UP IS MUST & REFER TO A SPECIALIST FOR ADVISE ON BIOPSY,,
IrregularM1M2RedIrregularL1MNADDarkSNOYes MouthSmokingPalate,TRAUMATICULCER ,ORAL SQUAMOUS CELL CARCINOMA & CARCINOMA IN SITU,ADVISE SYMPTOMATIC TREATMENT AND TO STOP THE HABIT & FOLLOW UP IS MUST & REFER TO A SPECIALIST FOR ADVISE ON BIOPSY,,
IrregularM1M2WhiteIrregularL1MNADPiNADSharpYes MouthSmokingPalate,TRAUMATICULCER ,ORAL SQUAMOUS CELL CARCINOMA & CARCINOMA IN SITU,ADVISE SYMPTOMATIC TREATMENT AND TO STOP THE HABIT & FOLLOW UP IS MUST & REFER TO A SPECIALIST FOR ADVISE ON BIOPSY,,
IrregularM1M2WhiteIrregularL1MNADDarkSharpYes MouthSmokingPalate,TRAUMATICULCER ,ORAL SQUAMOUS CELL CARCINOMA & CARCINOMA IN SITU,ADVISE SYMPTOMATIC TREATMENT AND TO STOP THE HABIT & FOLLOW UP IS MUST & REFER TO A SPECIALIST FOR ADVISE ON BIOPSY,,
IrregularM1M2WhiteIrregularL1MNADPiNADSNOYes MouthSmokingPalate,TRAUMATICULCER ,ORAL SQUAMOUS CELL CARCINOMA & CARCINOMA IN SITU,ADVISE SYMPTOMATIC TREATMENT AND TO STOP THE HABIT & FOLLOW UP IS MUST & REFER TO A SPECIALIST FOR ADVISE ON BIOPSY,,
IrregularM1M2WhiteIrregularL1MNADDarkSNOYes MouthSmokingPalate,TRAUMATICULCER ,ORAL SQUAMOUS CELL CARCINOMA & CARCINOMA IN SITU,ADVISE SYMPTOMATIC TREATMENT AND TO STOP THE HABIT & FOLLOW UP IS MUST & REFER TO A SPECIALIST FOR ADVISE ON BIOPSY,,
IrregularM1M2PNADGNADMNADPiNADSharpYesSmokingPalate,TRAUMATICULCER ,APTHOUS ULCER & CARCINOMA IN SITU,ADVISE SYMPTOMATIC TREATMENT AND FOLLOW UP IS MUST & IF NO CHANGE AFTER 2 WEEKS & ADVISE BIOPSY ,,
IrregularM1M2PNADGNADMNADDarkSharpYesSmokingPalate,TRAUMATICULCER ,APTHOUS ULCER & CARCINOMA IN SITU,ADVISE SYMPTOMATIC TREATMENT AND FOLLOW UP IS MUST & IF NO CHANGE AFTER 2 WEEKS & ADVISE BIOPSY ,,
IrregularM1M2PNADGNADMNADPiNADSNOYesSmokingPalate,TRAUMATICULCER ,APTHOUS ULCER & CARCINOMA IN SITU,ADVISE SYMPTOMATIC TREATMENT AND FOLLOW UP IS MUST & IF NO CHANGE AFTER 2 WEEKS & ADVISE BIOPSY ,,
IrregularM1M2PNADGNADMNADDarkSNOYesSmokingPalate,TRAUMATICULCER ,APTHOUS ULCER & CARCINOMA IN SITU,ADVISE SYMPTOMATIC TREATMENT AND FOLLOW UP IS MUST & IF NO CHANGE AFTER 2 WEEKS & ADVISE BIOPSY ,,
IrregularM1M2RedGNADMNADPiNADSharpYesSmokingPalate,TRAUMATICULCER ,APTHOUS ULCER & CARCINOMA IN SITU,ADVISE SYMPTOMATIC TREATMENT AND FOLLOW UP IS MUST & IF NO CHANGE AFTER 2 WEEKS & ADVISE BIOPSY ,,
IrregularM1M2RedGNADMNADDarkSharpYesSmokingPalate,TRAUMATICULCER ,APTHOUS ULCER & CARCINOMA IN SITU,ADVISE SYMPTOMATIC TREATMENT AND FOLLOW UP IS MUST & IF NO CHANGE AFTER 2 WEEKS & ADVISE BIOPSY ,,
IrregularM1M2RedGNADMNADPiNADSNOYesSmokingPalate,TRAUMATICULCER ,APTHOUS ULCER & CARCINOMA IN SITU,ADVISE SYMPTOMATIC TREATMENT AND FOLLOW UP IS MUST & IF NO CHANGE AFTER 2 WEEKS & ADVISE BIOPSY ,,
IrregularM1M2RedGNADMNADDarkSNOYesSmokingPalate,TRAUMATICULCER ,APTHOUS ULCER & CARCINOMA IN SITU,ADVISE SYMPTOMATIC TREATMENT AND FOLLOW UP IS MUST & IF NO CHANGE AFTER 2 WEEKS & ADVISE BIOPSY ,,
IrregularM1M2WhiteGNADMNADPiNADSharpYesSmokingPalate,TRAUMATICULCER ,APTHOUS ULCER & CARCINOMA IN SITU,ADVISE SYMPTOMATIC TREATMENT AND FOLLOW UP IS MUST & IF NO CHANGE AFTER 2 WEEKS & ADVISE BIOPSY ,,
IrregularM1M2WhiteGNADMNADDarkSharpYesSmokingPalate,TRAUMATICULCER ,APTHOUS ULCER & CARCINOMA IN SITU,ADVISE SYMPTOMATIC TREATMENT AND FOLLOW UP IS MUST & IF NO CHANGE AFTER 2 WEEKS & ADVISE BIOPSY ,,
IrregularM1M2WhiteGNADMNADPiNADSNOYesSmokingPalate,TRAUMATICULCER ,APTHOUS ULCER & CARCINOMA IN SITU,ADVISE SYMPTOMATIC TREATMENT AND FOLLOW UP IS MUST & IF NO CHANGE AFTER 2 WEEKS & ADVISE BIOPSY ,,
IrregularM1M2WhiteGNADMNADDarkSNOYesSmokingPalate,TRAUMATICULCER ,APTHOUS ULCER & CARCINOMA IN SITU,ADVISE SYMPTOMATIC TREATMENT AND FOLLOW UP IS MUST & IF NO CHANGE AFTER 2 WEEKS & ADVISE BIOPSY ,,
IrregularM1M2PNADIrregularL1MNADPiNADSharpYes MouthHyesDorsumtongue,TRAUMATICULCER ,ORAL SQUAMOUS CELL CARCINOMA & CARCINOMA IN SITU,ADVISE SYMPTOMATIC TREATMENT AND TO STOP THE HABIT & FOLLOW UP IS MUST & REFER TO A SPECIALIST FOR ADVISE ON BIOPSY,,
IrregularM1M2PNADIrregularL1MNADDarkSharpYes MouthHyesDorsumtongue,TRAUMATICULCER ,ORAL SQUAMOUS CELL CARCINOMA & CARCINOMA IN SITU,ADVISE SYMPTOMATIC TREATMENT AND TO STOP THE HABIT & FOLLOW UP IS MUST & REFER TO A SPECIALIST FOR ADVISE ON BIOPSY,,
IrregularM1M2PNADIrregularL1MNADPiNADSNOYes MouthHyesDorsumtongue,TRAUMATICULCER ,ORAL SQUAMOUS CELL CARCINOMA & CARCINOMA IN SITU,ADVISE SYMPTOMATIC TREATMENT AND TO STOP THE HABIT & FOLLOW UP IS MUST & REFER TO A SPECIALIST FOR ADVISE ON BIOPSY,,
IrregularM1M2PNADIrregularL1MNADDarkSNOYes MouthHyesDorsumtongue,TRAUMATICULCER ,ORAL SQUAMOUS CELL CARCINOMA & CARCINOMA IN SITU,ADVISE SYMPTOMATIC TREATMENT AND TO STOP THE HABIT & FOLLOW UP IS MUST & REFER TO A SPECIALIST FOR ADVISE ON BIOPSY,,
IrregularM1M2RedIrregularL1MNADPiNADSharpYes MouthHyesDorsumtongue,TRAUMATICULCER ,ORAL SQUAMOUS CELL CARCINOMA & CARCINOMA IN SITU,ADVISE SYMPTOMATIC TREATMENT AND TO STOP THE HABIT & FOLLOW UP IS MUST & REFER TO A SPECIALIST FOR ADVISE ON BIOPSY,,
IrregularM1M2RedIrregularL1MNADDarkSharpYes MouthHyesDorsumtongue,TRAUMATICULCER ,ORAL SQUAMOUS CELL CARCINOMA & CARCINOMA IN SITU,ADVISE SYMPTOMATIC TREATMENT AND TO STOP THE HABIT & FOLLOW UP IS MUST & REFER TO A SPECIALIST FOR ADVISE ON BIOPSY,,
IrregularM1M2RedIrregularL1MNADPiNADSNOYes MouthHyesDorsumtongue,TRAUMATICULCER ,ORAL SQUAMOUS CELL CARCINOMA & CARCINOMA IN SITU,ADVISE SYMPTOMATIC TREATMENT AND TO STOP THE HABIT & FOLLOW UP IS MUST & REFER TO A SPECIALIST FOR ADVISE ON BIOPSY,,
IrregularM1M2RedIrregularL1MNADDarkSNOYes MouthHyesDorsumtongue,TRAUMATICULCER ,ORAL SQUAMOUS CELL CARCINOMA & CARCINOMA IN SITU,ADVISE SYMPTOMATIC TREATMENT AND TO STOP THE HABIT & FOLLOW UP IS MUST & REFER TO A SPECIALIST FOR ADVISE ON BIOPSY,,
IrregularM1M2WhiteIrregularL1MNADPiNADSharpYes MouthHyesDorsumtongue,TRAUMATICULCER ,ORAL SQUAMOUS CELL CARCINOMA & CARCINOMA IN SITU,ADVISE SYMPTOMATIC TREATMENT AND TO STOP THE HABIT & FOLLOW UP IS MUST & REFER TO A SPECIALIST FOR ADVISE ON BIOPSY,,
IrregularM1M2WhiteIrregularL1MNADDarkSharpYes MouthHyesDorsumtongue,TRAUMATICULCER ,ORAL SQUAMOUS CELL CARCINOMA & CARCINOMA IN SITU,ADVISE SYMPTOMATIC TREATMENT AND TO STOP THE HABIT & FOLLOW UP IS MUST & REFER TO A SPECIALIST FOR ADVISE ON BIOPSY,,
IrregularM1M2WhiteIrregularL1MNADPiNADSNOYes MouthHyesDorsumtongue,TRAUMATICULCER ,ORAL SQUAMOUS CELL CARCINOMA & CARCINOMA IN SITU,ADVISE SYMPTOMATIC TREATMENT AND TO STOP THE HABIT & FOLLOW UP IS MUST & REFER TO A SPECIALIST FOR ADVISE ON BIOPSY,,
IrregularM1M2WhiteIrregularL1MNADDarkSNOYes MouthHyesDorsumtongue,TRAUMATICULCER ,ORAL SQUAMOUS CELL CARCINOMA & CARCINOMA IN SITU,ADVISE SYMPTOMATIC TREATMENT AND TO STOP THE HABIT & FOLLOW UP IS MUST & REFER TO A SPECIALIST FOR ADVISE ON BIOPSY,,
IrregularM1M2PNADGNADMNADPiNADSharpYesHyesDorsumtongue,TRAUMATICULCER ,APTHOUS ULCER & CARCINOMA IN SITU,ADVISE SYMPTOMATIC TREATMENT AND FOLLOW UP IS MUST & IF NO CHANGE AFTER 2 WEEKS & ADVISE BIOPSY ,,
IrregularM1M2PNADGNADMNADDarkSharpYesHyesDorsumtongue,TRAUMATICULCER ,APTHOUS ULCER & CARCINOMA IN SITU,ADVISE SYMPTOMATIC TREATMENT AND FOLLOW UP IS MUST & IF NO CHANGE AFTER 2 WEEKS & ADVISE BIOPSY ,,
IrregularM1M2PNADGNADMNADPiNADSNOYesHyesDorsumtongue,TRAUMATICULCER ,APTHOUS ULCER & CARCINOMA IN SITU,ADVISE SYMPTOMATIC TREATMENT AND FOLLOW UP IS MUST & IF NO CHANGE AFTER 2 WEEKS & ADVISE BIOPSY ,,
IrregularM1M2PNADGNADMNADDarkSNOYesHyesDorsumtongue,TRAUMATICULCER ,APTHOUS ULCER & CARCINOMA IN SITU,ADVISE SYMPTOMATIC TREATMENT AND FOLLOW UP IS MUST & IF NO CHANGE AFTER 2 WEEKS & ADVISE BIOPSY ,,
IrregularM1M2RedGNADMNADPiNADSharpYesHyesDorsumtongue,TRAUMATICULCER ,APTHOUS ULCER & CARCINOMA IN SITU,ADVISE SYMPTOMATIC TREATMENT AND FOLLOW UP IS MUST & IF NO CHANGE AFTER 2 WEEKS & ADVISE BIOPSY ,,
IrregularM1M2RedGNADMNADDarkSharpYesHyesDorsumtongue,TRAUMATICULCER ,APTHOUS ULCER & CARCINOMA IN SITU,ADVISE SYMPTOMATIC TREATMENT AND FOLLOW UP IS MUST & IF NO CHANGE AFTER 2 WEEKS & ADVISE BIOPSY ,,
IrregularM1M2RedGNADMNADPiNADSNOYesHyesDorsumtongue,TRAUMATICULCER ,APTHOUS ULCER & CARCINOMA IN SITU,ADVISE SYMPTOMATIC TREATMENT AND FOLLOW UP IS MUST & IF NO CHANGE AFTER 2 WEEKS & ADVISE BIOPSY ,,
IrregularM1M2RedGNADMNADDarkSNOYesHyesDorsumtongue,TRAUMATICULCER ,APTHOUS ULCER & CARCINOMA IN SITU,ADVISE SYMPTOMATIC TREATMENT AND FOLLOW UP IS MUST & IF NO CHANGE AFTER 2 WEEKS & ADVISE BIOPSY ,,
IrregularM1M2WhiteGNADMNADPiNADSharpYesHyesDorsumtongue,TRAUMATICULCER ,APTHOUS ULCER & CARCINOMA IN SITU,ADVISE SYMPTOMATIC TREATMENT AND FOLLOW UP IS MUST & IF NO CHANGE AFTER 2 WEEKS & ADVISE BIOPSY ,,
IrregularM1M2WhiteGNADMNADDarkSharpYesHyesDorsumtongue,TRAUMATICULCER ,APTHOUS ULCER & CARCINOMA IN SITU,ADVISE SYMPTOMATIC TREATMENT AND FOLLOW UP IS MUST & IF NO CHANGE AFTER 2 WEEKS & ADVISE BIOPSY ,,
IrregularM1M2WhiteGNADMNADPiNADSNOYesHyesDorsumtongue,TRAUMATICULCER ,APTHOUS ULCER & CARCINOMA IN SITU,ADVISE SYMPTOMATIC TREATMENT AND FOLLOW UP IS MUST & IF NO CHANGE AFTER 2 WEEKS & ADVISE BIOPSY ,,
IrregularM1M2WhiteGNADMNADDarkSNOYesHyesDorsumtongue,TRAUMATICULCER ,APTHOUS ULCER & CARCINOMA IN SITU,ADVISE SYMPTOMATIC TREATMENT AND FOLLOW UP IS MUST & IF NO CHANGE AFTER 2 WEEKS & ADVISE BIOPSY ,,
IrregularM1M2PNADIrregularL1MNADPiNADSharpYes MouthSmokingDorsumtongue,TRAUMATICULCER ,ORAL SQUAMOUS CELL CARCINOMA & CARCINOMA IN SITU,ADVISE SYMPTOMATIC TREATMENT AND TO STOP THE HABIT & FOLLOW UP IS MUST & REFER TO A SPECIALIST FOR ADVISE ON BIOPSY,,
IrregularM1M2PNADIrregularL1MNADDarkSharpYes MouthSmokingDorsumtongue,TRAUMATICULCER ,ORAL SQUAMOUS CELL CARCINOMA & CARCINOMA IN SITU,ADVISE SYMPTOMATIC TREATMENT AND TO STOP THE HABIT & FOLLOW UP IS MUST & REFER TO A SPECIALIST FOR ADVISE ON BIOPSY,,
IrregularM1M2PNADIrregularL1MNADPiNADSNOYes MouthSmokingDorsumtongue,TRAUMATICULCER ,ORAL SQUAMOUS CELL CARCINOMA & CARCINOMA IN SITU,ADVISE SYMPTOMATIC TREATMENT AND TO STOP THE HABIT & FOLLOW UP IS MUST & REFER TO A SPECIALIST FOR ADVISE ON BIOPSY,,
IrregularM1M2PNADIrregularL1MNADDarkSNOYes MouthSmokingDorsumtongue,TRAUMATICULCER ,ORAL SQUAMOUS CELL CARCINOMA & CARCINOMA IN SITU,ADVISE SYMPTOMATIC TREATMENT AND TO STOP THE HABIT & FOLLOW UP IS MUST & REFER TO A SPECIALIST FOR ADVISE ON BIOPSY,,
IrregularM1M2RedIrregularL1MNADPiNADSharpYes MouthSmokingDorsumtongue,TRAUMATICULCER ,ORAL SQUAMOUS CELL CARCINOMA & CARCINOMA IN SITU,ADVISE SYMPTOMATIC TREATMENT AND TO STOP THE HABIT & FOLLOW UP IS MUST & REFER TO A SPECIALIST FOR ADVISE ON BIOPSY,,
IrregularM1M2RedIrregularL1MNADDarkSharpYes MouthSmokingDorsumtongue,TRAUMATICULCER ,ORAL SQUAMOUS CELL CARCINOMA & CARCINOMA IN SITU,ADVISE SYMPTOMATIC TREATMENT AND TO STOP THE HABIT & FOLLOW UP IS MUST & REFER TO A SPECIALIST FOR ADVISE ON BIOPSY,,
IrregularM1M2RedIrregularL1MNADPiNADSNOYes MouthSmokingDorsumtongue,TRAUMATICULCER ,ORAL SQUAMOUS CELL CARCINOMA & CARCINOMA IN SITU,ADVISE SYMPTOMATIC TREATMENT AND TO STOP THE HABIT & FOLLOW UP IS MUST & REFER TO A SPECIALIST FOR ADVISE ON BIOPSY,,
IrregularM1M2RedIrregularL1MNADDarkSNOYes MouthSmokingDorsumtongue,TRAUMATICULCER ,ORAL SQUAMOUS CELL CARCINOMA & CARCINOMA IN SITU,ADVISE SYMPTOMATIC TREATMENT AND TO STOP THE HABIT & FOLLOW UP IS MUST & REFER TO A SPECIALIST FOR ADVISE ON BIOPSY,,
IrregularM1M2WhiteIrregularL1MNADPiNADSharpYes MouthSmokingDorsumtongue,TRAUMATICULCER ,ORAL SQUAMOUS CELL CARCINOMA & CARCINOMA IN SITU,ADVISE SYMPTOMATIC TREATMENT AND TO STOP THE HABIT & FOLLOW UP IS MUST & REFER TO A SPECIALIST FOR ADVISE ON BIOPSY,,
IrregularM1M2WhiteIrregularL1MNADDarkSharpYes MouthSmokingDorsumtongue,TRAUMATICULCER ,ORAL SQUAMOUS CELL CARCINOMA & CARCINOMA IN SITU,ADVISE SYMPTOMATIC TREATMENT AND TO STOP THE HABIT & FOLLOW UP IS MUST & REFER TO A SPECIALIST FOR ADVISE ON BIOPSY,,
IrregularM1M2WhiteIrregularL1MNADPiNADSNOYes MouthSmokingDorsumtongue,TRAUMATICULCER ,ORAL SQUAMOUS CELL CARCINOMA & CARCINOMA IN SITU,ADVISE SYMPTOMATIC TREATMENT AND TO STOP THE HABIT & FOLLOW UP IS MUST & REFER TO A SPECIALIST FOR ADVISE ON BIOPSY,,
IrregularM1M2WhiteIrregularL1MNADDarkSNOYes MouthSmokingDorsumtongue,TRAUMATICULCER ,ORAL SQUAMOUS CELL CARCINOMA & CARCINOMA IN SITU,ADVISE SYMPTOMATIC TREATMENT AND TO STOP THE HABIT & FOLLOW UP IS MUST & REFER TO A SPECIALIST FOR ADVISE ON BIOPSY,,
IrregularM1M2PNADGNADMNADPiNADSharpYesSmokingDorsumtongue,TRAUMATICULCER ,APTHOUS ULCER & CARCINOMA IN SITU,ADVISE SYMPTOMATIC TREATMENT AND FOLLOW UP IS MUST & IF NO CHANGE AFTER 2 WEEKS & ADVISE BIOPSY ,,
IrregularM1M2PNADGNADMNADDarkSharpYesSmokingDorsumtongue,TRAUMATICULCER ,APTHOUS ULCER & CARCINOMA IN SITU,ADVISE SYMPTOMATIC TREATMENT AND FOLLOW UP IS MUST & IF NO CHANGE AFTER 2 WEEKS & ADVISE BIOPSY ,,
IrregularM1M2PNADGNADMNADPiNADSNOYesSmokingDorsumtongue,TRAUMATICULCER ,APTHOUS ULCER & CARCINOMA IN SITU,ADVISE SYMPTOMATIC TREATMENT AND FOLLOW UP IS MUST & IF NO CHANGE AFTER 2 WEEKS & ADVISE BIOPSY ,,
IrregularM1M2PNADGNADMNADDarkSNOYesSmokingDorsumtongue,TRAUMATICULCER ,APTHOUS ULCER & CARCINOMA IN SITU,ADVISE SYMPTOMATIC TREATMENT AND FOLLOW UP IS MUST & IF NO CHANGE AFTER 2 WEEKS & ADVISE BIOPSY ,,
IrregularM1M2RedGNADMNADPiNADSharpYesSmokingDorsumtongue,TRAUMATICULCER ,APTHOUS ULCER & CARCINOMA IN SITU,ADVISE SYMPTOMATIC TREATMENT AND FOLLOW UP IS MUST & IF NO CHANGE AFTER 2 WEEKS & ADVISE BIOPSY ,,
IrregularM1M2RedGNADMNADDarkSharpYesSmokingDorsumtongue,TRAUMATICULCER ,APTHOUS ULCER & CARCINOMA IN SITU,ADVISE SYMPTOMATIC TREATMENT AND FOLLOW UP IS MUST & IF NO CHANGE AFTER 2 WEEKS & ADVISE BIOPSY ,,
IrregularM1M2RedGNADMNADPiNADSNOYesSmokingDorsumtongue,TRAUMATICULCER ,APTHOUS ULCER & CARCINOMA IN SITU,ADVISE SYMPTOMATIC TREATMENT AND FOLLOW UP IS MUST & IF NO CHANGE AFTER 2 WEEKS & ADVISE BIOPSY ,,
IrregularM1M2RedGNADMNADDarkSNOYesSmokingDorsumtongue,TRAUMATICULCER ,APTHOUS ULCER & CARCINOMA IN SITU,ADVISE SYMPTOMATIC TREATMENT AND FOLLOW UP IS MUST & IF NO CHANGE AFTER 2 WEEKS & ADVISE BIOPSY ,,
IrregularM1M2WhiteGNADMNADPiNADSharpYesSmokingDorsumtongue,TRAUMATICULCER ,APTHOUS ULCER & CARCINOMA IN SITU,ADVISE SYMPTOMATIC TREATMENT AND FOLLOW UP IS MUST & IF NO CHANGE AFTER 2 WEEKS & ADVISE BIOPSY ,,
IrregularM1M2WhiteGNADMNADDarkSharpYesSmokingDorsumtongue,TRAUMATICULCER ,APTHOUS ULCER & CARCINOMA IN SITU,ADVISE SYMPTOMATIC TREATMENT AND FOLLOW UP IS MUST & IF NO CHANGE AFTER 2 WEEKS & ADVISE BIOPSY ,,
IrregularM1M2WhiteGNADMNADPiNADSNOYesSmokingDorsumtongue,TRAUMATICULCER ,APTHOUS ULCER & CARCINOMA IN SITU,ADVISE SYMPTOMATIC TREATMENT AND FOLLOW UP IS MUST & IF NO CHANGE AFTER 2 WEEKS & ADVISE BIOPSY ,,
IrregularM1M2WhiteGNADMNADDarkSNOYesSmokingDorsumtongue,TRAUMATICULCER ,APTHOUS ULCER & CARCINOMA IN SITU,ADVISE SYMPTOMATIC TREATMENT AND FOLLOW UP IS MUST & IF NO CHANGE AFTER 2 WEEKS & ADVISE BIOPSY ,,
IrregularM1M2PNADGNADMarblewhitePiNADSharpYes MouthHyesBmucosa,ORAL SQUAMOUS CELL CARCINOMA,TRAUMATICULCER & CARCINOMA IN SITU,REFER TO A SPECIALIST FOR BIOPSY & SYMPTOMATIC TREATMENT,Severe Dysplasia,
IrregularM1M2PNADGNADMarblewhiteDarkSharpYes MouthHyesBmucosa,ORAL SQUAMOUS CELL CARCINOMA,TRAUMATICULCER & CARCINOMA IN SITU,REFER TO A SPECIALIST FOR BIOPSY & SYMPTOMATIC TREATMENT,Severe Dysplasia,
IrregularM1M2PNADGNADMarblewhitePiNADSNOYes MouthHyesBmucosa,ORAL SQUAMOUS CELL CARCINOMA,TRAUMATICULCER & CARCINOMA IN SITU,REFER TO A SPECIALIST FOR BIOPSY & SYMPTOMATIC TREATMENT,Severe Dysplasia,
IrregularM1M2PNADGNADMarblewhiteDarkSNOYes MouthHyesBmucosa,ORAL SQUAMOUS CELL CARCINOMA,TRAUMATICULCER & CARCINOMA IN SITU,REFER TO A SPECIALIST FOR BIOPSY & SYMPTOMATIC TREATMENT,Severe Dysplasia,
IrregularM1M2RedGNADMarblewhitePiNADSharpYes MouthHyesBmucosa,ORAL SQUAMOUS CELL CARCINOMA,TRAUMATICULCER & CARCINOMA IN SITU,REFER TO A SPECIALIST FOR BIOPSY & SYMPTOMATIC TREATMENT,Severe Dysplasia,
IrregularM1M2RedGNADMarblewhiteDarkSharpYes MouthHyesBmucosa,ORAL SQUAMOUS CELL CARCINOMA,TRAUMATICULCER & CARCINOMA IN SITU,REFER TO A SPECIALIST FOR BIOPSY & SYMPTOMATIC TREATMENT,Severe Dysplasia,
IrregularM1M2RedGNADMarblewhitePiNADSNOYes MouthHyesBmucosa,ORAL SQUAMOUS CELL CARCINOMA,TRAUMATICULCER & CARCINOMA IN SITU,REFER TO A SPECIALIST FOR BIOPSY & SYMPTOMATIC TREATMENT,Severe Dysplasia,
IrregularM1M2RedGNADMarblewhiteDarkSNOYes MouthHyesBmucosa,ORAL SQUAMOUS CELL CARCINOMA,TRAUMATICULCER & CARCINOMA IN SITU,REFER TO A SPECIALIST FOR BIOPSY & SYMPTOMATIC TREATMENT,Severe Dysplasia,
IrregularM1M2WhiteGNADMarblewhitePiNADSharpYes MouthHyesBmucosa,ORAL SQUAMOUS CELL CARCINOMA,TRAUMATICULCER & CARCINOMA IN SITU,REFER TO A SPECIALIST FOR BIOPSY & SYMPTOMATIC TREATMENT,Severe Dysplasia,
IrregularM1M2WhiteGNADMarblewhiteDarkSharpYes MouthHyesBmucosa,ORAL SQUAMOUS CELL CARCINOMA,TRAUMATICULCER & CARCINOMA IN SITU,REFER TO A SPECIALIST FOR BIOPSY & SYMPTOMATIC TREATMENT,Severe Dysplasia,
IrregularM1M2WhiteGNADMarblewhitePiNADSNOYes MouthHyesBmucosa,ORAL SQUAMOUS CELL CARCINOMA,TRAUMATICULCER & CARCINOMA IN SITU,REFER TO A SPECIALIST FOR BIOPSY & SYMPTOMATIC TREATMENT,Severe Dysplasia,
IrregularM1M2WhiteGNADMarblewhiteDarkSNOYes MouthHyesBmucosa,ORAL SQUAMOUS CELL CARCINOMA,TRAUMATICULCER & CARCINOMA IN SITU,REFER TO A SPECIALIST FOR BIOPSY & SYMPTOMATIC TREATMENT,Severe Dysplasia,
IrregularM1M2RedIrregularM1MarblewhitePiNADSharpYes MouthHyesBmucosa,ORAL SQUAMOUS CELL CARCINOMA,TRAUMATICULCER & CARCINOMA IN SITU,REFER TO A SPECIALIST FOR BIOPSY & SYMPTOMATIC TREATMENT,Severe Dysplasia,
IrregularM1M2RedIrregularM1MarblewhiteDarkSharpYes MouthHyesBmucosa,ORAL SQUAMOUS CELL CARCINOMA,TRAUMATICULCER & CARCINOMA IN SITU,REFER TO A SPECIALIST FOR BIOPSY & SYMPTOMATIC TREATMENT,Severe Dysplasia,
IrregularM1M2RedIrregularM1MarblewhitePiNADSNOYes MouthHyesBmucosa,ORAL SQUAMOUS CELL CARCINOMA,TRAUMATICULCER & CARCINOMA IN SITU,REFER TO A SPECIALIST FOR BIOPSY & SYMPTOMATIC TREATMENT,Severe Dysplasia,
IrregularM1M2RedIrregularM1MarblewhiteDarkSNOYes MouthHyesBmucosa,ORAL SQUAMOUS CELL CARCINOMA,TRAUMATICULCER & CARCINOMA IN SITU,REFER TO A SPECIALIST FOR BIOPSY & SYMPTOMATIC TREATMENT,Severe Dysplasia,
IrregularM1M2WhiteIrregularM1MarblewhitePiNADSharpYes MouthHyesBmucosa,ORAL SQUAMOUS CELL CARCINOMA,TRAUMATICULCER & CARCINOMA IN SITU,REFER TO A SPECIALIST FOR BIOPSY & SYMPTOMATIC TREATMENT,Severe Dysplasia,
IrregularM1M2WhiteIrregularM1MarblewhiteDarkSharpYes MouthHyesBmucosa,ORAL SQUAMOUS CELL CARCINOMA,TRAUMATICULCER & CARCINOMA IN SITU,REFER TO A SPECIALIST FOR BIOPSY & SYMPTOMATIC TREATMENT,Severe Dysplasia,
IrregularM1M2WhiteIrregularM1MarblewhitePiNADSNOYes MouthHyesBmucosa,ORAL SQUAMOUS CELL CARCINOMA,TRAUMATICULCER & CARCINOMA IN SITU,REFER TO A SPECIALIST FOR BIOPSY & SYMPTOMATIC TREATMENT,Severe Dysplasia,
IrregularM1M2WhiteIrregularM1MarblewhiteDarkSNOYes MouthHyesBmucosa,ORAL SQUAMOUS CELL CARCINOMA,TRAUMATICULCER & CARCINOMA IN SITU,REFER TO A SPECIALIST FOR BIOPSY & SYMPTOMATIC TREATMENT,Severe Dysplasia,
IrregularM1M2PNADGNADMarblewhitePiNADSharpYes MouthSmokingBmucosa,ORAL SQUAMOUS CELL CARCINOMA,TRAUMATICULCER & CARCINOMA IN SITU,REFER TO A SPECIALIST FOR BIOPSY & SYMPTOMATIC TREATMENT,Severe Dysplasia,
IrregularM1M2PNADGNADMarblewhiteDarkSharpYes MouthSmokingBmucosa,ORAL SQUAMOUS CELL CARCINOMA,TRAUMATICULCER & CARCINOMA IN SITU,REFER TO A SPECIALIST FOR BIOPSY & SYMPTOMATIC TREATMENT,Severe Dysplasia,
IrregularM1M2PNADGNADMarblewhitePiNADSNOYes MouthSmokingBmucosa,ORAL SQUAMOUS CELL CARCINOMA,TRAUMATICULCER & CARCINOMA IN SITU,REFER TO A SPECIALIST FOR BIOPSY & SYMPTOMATIC TREATMENT,Severe Dysplasia,
IrregularM1M2PNADGNADMarblewhiteDarkSNOYes MouthSmokingBmucosa,ORAL SQUAMOUS CELL CARCINOMA,TRAUMATICULCER & CARCINOMA IN SITU,REFER TO A SPECIALIST FOR BIOPSY & SYMPTOMATIC TREATMENT,Severe Dysplasia,
IrregularM1M2RedGNADMarblewhitePiNADSharpYes MouthSmokingBmucosa,ORAL SQUAMOUS CELL CARCINOMA,TRAUMATICULCER & CARCINOMA IN SITU,REFER TO A SPECIALIST FOR BIOPSY & SYMPTOMATIC TREATMENT,Severe Dysplasia,
IrregularM1M2RedGNADMarblewhiteDarkSharpYes MouthSmokingBmucosa,ORAL SQUAMOUS CELL CARCINOMA,TRAUMATICULCER & CARCINOMA IN SITU,REFER TO A SPECIALIST FOR BIOPSY & SYMPTOMATIC TREATMENT,Severe Dysplasia,
IrregularM1M2RedGNADMarblewhitePiNADSNOYes MouthSmokingBmucosa,ORAL SQUAMOUS CELL CARCINOMA,TRAUMATICULCER & CARCINOMA IN SITU,REFER TO A SPECIALIST FOR BIOPSY & SYMPTOMATIC TREATMENT,Severe Dysplasia,
IrregularM1M2RedGNADMarblewhiteDarkSNOYes MouthSmokingBmucosa,ORAL SQUAMOUS CELL CARCINOMA,TRAUMATICULCER & CARCINOMA IN SITU,REFER TO A SPECIALIST FOR BIOPSY & SYMPTOMATIC TREATMENT,Severe Dysplasia,
IrregularM1M2WhiteGNADMarblewhitePiNADSharpYes MouthSmokingBmucosa,ORAL SQUAMOUS CELL CARCINOMA,TRAUMATICULCER & CARCINOMA IN SITU,REFER TO A SPECIALIST FOR BIOPSY & SYMPTOMATIC TREATMENT,Severe Dysplasia,
IrregularM1M2WhiteGNADMarblewhiteDarkSharpYes MouthSmokingBmucosa,ORAL SQUAMOUS CELL CARCINOMA,TRAUMATICULCER & CARCINOMA IN SITU,REFER TO A SPECIALIST FOR BIOPSY & SYMPTOMATIC TREATMENT,Severe Dysplasia,
IrregularM1M2WhiteGNADMarblewhitePiNADSNOYes MouthSmokingBmucosa,ORAL SQUAMOUS CELL CARCINOMA,TRAUMATICULCER & CARCINOMA IN SITU,REFER TO A SPECIALIST FOR BIOPSY & SYMPTOMATIC TREATMENT,Severe Dysplasia,
IrregularM1M2WhiteGNADMarblewhiteDarkSNOYes MouthSmokingBmucosa,ORAL SQUAMOUS CELL CARCINOMA,TRAUMATICULCER & CARCINOMA IN SITU,REFER TO A SPECIALIST FOR BIOPSY & SYMPTOMATIC TREATMENT,Severe Dysplasia,
IrregularM1M2RedIrregularM1MarblewhitePiNADSharpYes MouthSmokingBmucosa,ORAL SQUAMOUS CELL CARCINOMA,TRAUMATICULCER & CARCINOMA IN SITU,REFER TO A SPECIALIST FOR BIOPSY & SYMPTOMATIC TREATMENT,Severe Dysplasia,
IrregularM1M2RedIrregularM1MarblewhiteDarkSharpYes MouthSmokingBmucosa,ORAL SQUAMOUS CELL CARCINOMA,TRAUMATICULCER & CARCINOMA IN SITU,REFER TO A SPECIALIST FOR BIOPSY & SYMPTOMATIC TREATMENT,Severe Dysplasia,
IrregularM1M2RedIrregularM1MarblewhitePiNADSNOYes MouthSmokingBmucosa,ORAL SQUAMOUS CELL CARCINOMA,TRAUMATICULCER & CARCINOMA IN SITU,REFER TO A SPECIALIST FOR BIOPSY & SYMPTOMATIC TREATMENT,Severe Dysplasia,
IrregularM1M2RedIrregularM1MarblewhiteDarkSNOYes MouthSmokingBmucosa,ORAL SQUAMOUS CELL CARCINOMA,TRAUMATICULCER & CARCINOMA IN SITU,REFER TO A SPECIALIST FOR BIOPSY & SYMPTOMATIC TREATMENT,Severe Dysplasia,
IrregularM1M2WhiteIrregularM1MarblewhitePiNADSharpYes MouthSmokingBmucosa,ORAL SQUAMOUS CELL CARCINOMA,TRAUMATICULCER & CARCINOMA IN SITU,REFER TO A SPECIALIST FOR BIOPSY & SYMPTOMATIC TREATMENT,Severe Dysplasia,
IrregularM1M2WhiteIrregularM1MarblewhiteDarkSharpYes MouthSmokingBmucosa,ORAL SQUAMOUS CELL CARCINOMA,TRAUMATICULCER & CARCINOMA IN SITU,REFER TO A SPECIALIST FOR BIOPSY & SYMPTOMATIC TREATMENT,Severe Dysplasia,
IrregularM1M2WhiteIrregularM1MarblewhitePiNADSNOYes MouthSmokingBmucosa,ORAL SQUAMOUS CELL CARCINOMA,TRAUMATICULCER & CARCINOMA IN SITU,REFER TO A SPECIALIST FOR BIOPSY & SYMPTOMATIC TREATMENT,Severe Dysplasia,
IrregularM1M2WhiteIrregularM1MarblewhiteDarkSNOYes MouthSmokingBmucosa,ORAL SQUAMOUS CELL CARCINOMA,TRAUMATICULCER & CARCINOMA IN SITU,REFER TO A SPECIALIST FOR BIOPSY & SYMPTOMATIC TREATMENT,Severe Dysplasia,
IrregularM1M2PNADGNADMarblewhitePiNADSharpYes MouthHyesMixedareas,ORAL SQUAMOUS CELL CARCINOMA,TRAUMATICULCER & CARCINOMA IN SITU,REFER TO A SPECIALIST FOR BIOPSY & SYMPTOMATIC TREATMENT,Severe Dysplasia,
IrregularM1M2PNADGNADMarblewhiteDarkSharpYes MouthHyesMixedareas,ORAL SQUAMOUS CELL CARCINOMA,TRAUMATICULCER & CARCINOMA IN SITU,REFER TO A SPECIALIST FOR BIOPSY & SYMPTOMATIC TREATMENT,Severe Dysplasia,
IrregularM1M2PNADGNADMarblewhitePiNADSNOYes MouthHyesMixedareas,ORAL SQUAMOUS CELL CARCINOMA,TRAUMATICULCER & CARCINOMA IN SITU,REFER TO A SPECIALIST FOR BIOPSY & SYMPTOMATIC TREATMENT,Severe Dysplasia,
IrregularM1M2PNADGNADMarblewhiteDarkSNOYes MouthHyesMixedareas,ORAL SQUAMOUS CELL CARCINOMA,TRAUMATICULCER & CARCINOMA IN SITU,REFER TO A SPECIALIST FOR BIOPSY & SYMPTOMATIC TREATMENT,Severe Dysplasia,
IrregularM1M2RedGNADMarblewhitePiNADSharpYes MouthHyesMixedareas,ORAL SQUAMOUS CELL CARCINOMA,TRAUMATICULCER & CARCINOMA IN SITU,REFER TO A SPECIALIST FOR BIOPSY & SYMPTOMATIC TREATMENT,Severe Dysplasia,
IrregularM1M2RedGNADMarblewhiteDarkSharpYes MouthHyesMixedareas,ORAL SQUAMOUS CELL CARCINOMA,TRAUMATICULCER & CARCINOMA IN SITU,REFER TO A SPECIALIST FOR BIOPSY & SYMPTOMATIC TREATMENT,Severe Dysplasia,
IrregularM1M2RedGNADMarblewhitePiNADSNOYes MouthHyesMixedareas,ORAL SQUAMOUS CELL CARCINOMA,TRAUMATICULCER & CARCINOMA IN SITU,REFER TO A SPECIALIST FOR BIOPSY & SYMPTOMATIC TREATMENT,Severe Dysplasia,
IrregularM1M2RedGNADMarblewhiteDarkSNOYes MouthHyesMixedareas,ORAL SQUAMOUS CELL CARCINOMA,TRAUMATICULCER & CARCINOMA IN SITU,REFER TO A SPECIALIST FOR BIOPSY & SYMPTOMATIC TREATMENT,Severe Dysplasia,
IrregularM1M2WhiteGNADMarblewhitePiNADSharpYes MouthHyesMixedareas,ORAL SQUAMOUS CELL CARCINOMA,TRAUMATICULCER & CARCINOMA IN SITU,REFER TO A SPECIALIST FOR BIOPSY & SYMPTOMATIC TREATMENT,Severe Dysplasia,
IrregularM1M2WhiteGNADMarblewhiteDarkSharpYes MouthHyesMixedareas,ORAL SQUAMOUS CELL CARCINOMA,TRAUMATICULCER & CARCINOMA IN SITU,REFER TO A SPECIALIST FOR BIOPSY & SYMPTOMATIC TREATMENT,Severe Dysplasia,
IrregularM1M2WhiteGNADMarblewhitePiNADSNOYes MouthHyesMixedareas,ORAL SQUAMOUS CELL CARCINOMA,TRAUMATICULCER & CARCINOMA IN SITU,REFER TO A SPECIALIST FOR BIOPSY & SYMPTOMATIC TREATMENT,Severe Dysplasia,
IrregularM1M2WhiteGNADMarblewhiteDarkSNOYes MouthHyesMixedareas,ORAL SQUAMOUS CELL CARCINOMA,TRAUMATICULCER & CARCINOMA IN SITU,REFER TO A SPECIALIST FOR BIOPSY & SYMPTOMATIC TREATMENT,Severe Dysplasia,
IrregularL1M2RedIrregularM1MarblewhitePiNADSharpYes MouthHyesMixedareas,ORAL SQUAMOUS CELL CARCINOMA,TRAUMATICULCER & CARCINOMA IN SITU,REFER TO A SPECIALIST FOR BIOPSY & SYMPTOMATIC TREATMENT,Severe Dysplasia,
IrregularL1M2RedIrregularM1MarblewhiteDarkSharpYes MouthHyesMixedareas,ORAL SQUAMOUS CELL CARCINOMA,TRAUMATICULCER & CARCINOMA IN SITU,REFER TO A SPECIALIST FOR BIOPSY & SYMPTOMATIC TREATMENT,Severe Dysplasia,
IrregularL1M2RedIrregularM1MarblewhitePiNADSNOYes MouthHyesMixedareas,ORAL SQUAMOUS CELL CARCINOMA,TRAUMATICULCER & CARCINOMA IN SITU,REFER TO A SPECIALIST FOR BIOPSY & SYMPTOMATIC TREATMENT,Severe Dysplasia,
IrregularL1M2RedIrregularM1MarblewhiteDarkSNOYes MouthHyesMixedareas,ORAL SQUAMOUS CELL CARCINOMA,TRAUMATICULCER & CARCINOMA IN SITU,REFER TO A SPECIALIST FOR BIOPSY & SYMPTOMATIC TREATMENT,Severe Dysplasia,
IrregularL1M2WhiteIrregularM1MarblewhitePiNADSharpYes MouthHyesMixedareas,ORAL SQUAMOUS CELL CARCINOMA,TRAUMATICULCER & CARCINOMA IN SITU,REFER TO A SPECIALIST FOR BIOPSY & SYMPTOMATIC TREATMENT,Severe Dysplasia,
IrregularL1M2WhiteIrregularM1MarblewhiteDarkSharpYes MouthHyesMixedareas,ORAL SQUAMOUS CELL CARCINOMA,TRAUMATICULCER & CARCINOMA IN SITU,REFER TO A SPECIALIST FOR BIOPSY & SYMPTOMATIC TREATMENT,Severe Dysplasia,
IrregularL1M2WhiteIrregularM1MarblewhitePiNADSNOYes MouthHyesMixedareas,ORAL SQUAMOUS CELL CARCINOMA,TRAUMATICULCER & CARCINOMA IN SITU,REFER TO A SPECIALIST FOR BIOPSY & SYMPTOMATIC TREATMENT,Severe Dysplasia,
IrregularL1M2WhiteIrregularM1MarblewhiteDarkSNOYes MouthHyesMixedareas,ORAL SQUAMOUS CELL CARCINOMA,TRAUMATICULCER & CARCINOMA IN SITU,REFER TO A SPECIALIST FOR BIOPSY & SYMPTOMATIC TREATMENT,Severe Dysplasia,
IrregularM1M2PNADGNADMarblewhitePiNADSharpYes MouthSmokingMixedareas,ORAL SQUAMOUS CELL CARCINOMA,TRAUMATICULCER & CARCINOMA IN SITU,REFER TO A SPECIALIST FOR BIOPSY & SYMPTOMATIC TREATMENT,Severe Dysplasia,
IrregularM1M2PNADGNADMarblewhiteDarkSharpYes MouthSmokingMixedareas,ORAL SQUAMOUS CELL CARCINOMA,TRAUMATICULCER & CARCINOMA IN SITU,REFER TO A SPECIALIST FOR BIOPSY & SYMPTOMATIC TREATMENT,Severe Dysplasia,
IrregularM1M2PNADGNADMarblewhitePiNADSNOYes MouthSmokingMixedareas,ORAL SQUAMOUS CELL CARCINOMA,TRAUMATICULCER & CARCINOMA IN SITU,REFER TO A SPECIALIST FOR BIOPSY & SYMPTOMATIC TREATMENT,Severe Dysplasia,
IrregularM1M2PNADGNADMarblewhiteDarkSNOYes MouthSmokingMixedareas,ORAL SQUAMOUS CELL CARCINOMA,TRAUMATICULCER & CARCINOMA IN SITU,REFER TO A SPECIALIST FOR BIOPSY & SYMPTOMATIC TREATMENT,Severe Dysplasia,
IrregularM1M2RedGNADMarblewhitePiNADSharpYes MouthSmokingMixedareas,ORAL SQUAMOUS CELL CARCINOMA,TRAUMATICULCER & CARCINOMA IN SITU,REFER TO A SPECIALIST FOR BIOPSY & SYMPTOMATIC TREATMENT,Severe Dysplasia,
IrregularM1M2RedGNADMarblewhiteDarkSharpYes MouthSmokingMixedareas,ORAL SQUAMOUS CELL CARCINOMA,TRAUMATICULCER & CARCINOMA IN SITU,REFER TO A SPECIALIST FOR BIOPSY & SYMPTOMATIC TREATMENT,Severe Dysplasia,
IrregularM1M2RedGNADMarblewhitePiNADSNOYes MouthSmokingMixedareas,ORAL SQUAMOUS CELL CARCINOMA,TRAUMATICULCER & CARCINOMA IN SITU,REFER TO A SPECIALIST FOR BIOPSY & SYMPTOMATIC TREATMENT,Severe Dysplasia,
IrregularM1M2RedGNADMarblewhiteDarkSNOYes MouthSmokingMixedareas,ORAL SQUAMOUS CELL CARCINOMA,TRAUMATICULCER & CARCINOMA IN SITU,REFER TO A SPECIALIST FOR BIOPSY & SYMPTOMATIC TREATMENT,Severe Dysplasia,
IrregularM1M2WhiteGNADMarblewhitePiNADSharpYes MouthSmokingMixedareas,ORAL SQUAMOUS CELL CARCINOMA,TRAUMATICULCER & CARCINOMA IN SITU,REFER TO A SPECIALIST FOR BIOPSY & SYMPTOMATIC TREATMENT,Severe Dysplasia,
IrregularM1M2WhiteGNADMarblewhiteDarkSharpYes MouthSmokingMixedareas,ORAL SQUAMOUS CELL CARCINOMA,TRAUMATICULCER & CARCINOMA IN SITU,REFER TO A SPECIALIST FOR BIOPSY & SYMPTOMATIC TREATMENT,Severe Dysplasia,
IrregularM1M2WhiteGNADMarblewhitePiNADSNOYes MouthSmokingMixedareas,ORAL SQUAMOUS CELL CARCINOMA,TRAUMATICULCER & CARCINOMA IN SITU,REFER TO A SPECIALIST FOR BIOPSY & SYMPTOMATIC TREATMENT,Severe Dysplasia,
IrregularM1M2WhiteGNADMarblewhiteDarkSNOYes MouthSmokingMixedareas,ORAL SQUAMOUS CELL CARCINOMA,TRAUMATICULCER & CARCINOMA IN SITU,REFER TO A SPECIALIST FOR BIOPSY & SYMPTOMATIC TREATMENT,Severe Dysplasia,
IrregularL1M2RedIrregularM1MarblewhitePiNADSharpYes MouthSmokingMixedareas,ORAL SQUAMOUS CELL CARCINOMA,TRAUMATICULCER & CARCINOMA IN SITU,REFER TO A SPECIALIST FOR BIOPSY & SYMPTOMATIC TREATMENT,Severe Dysplasia,
IrregularL1M2RedIrregularM1MarblewhiteDarkSharpYes MouthSmokingMixedareas,ORAL SQUAMOUS CELL CARCINOMA,TRAUMATICULCER & CARCINOMA IN SITU,REFER TO A SPECIALIST FOR BIOPSY & SYMPTOMATIC TREATMENT,Severe Dysplasia,
IrregularL1M2RedIrregularM1MarblewhitePiNADSNOYes MouthSmokingMixedareas,ORAL SQUAMOUS CELL CARCINOMA,TRAUMATICULCER & CARCINOMA IN SITU,REFER TO A SPECIALIST FOR BIOPSY & SYMPTOMATIC TREATMENT,Severe Dysplasia,
IrregularL1M2RedIrregularM1MarblewhiteDarkSNOYes MouthSmokingMixedareas,ORAL SQUAMOUS CELL CARCINOMA,TRAUMATICULCER & CARCINOMA IN SITU,REFER TO A SPECIALIST FOR BIOPSY & SYMPTOMATIC TREATMENT,Severe Dysplasia,
IrregularL1M2WhiteIrregularM1MarblewhitePiNADSharpYes MouthSmokingMixedareas,ORAL SQUAMOUS CELL CARCINOMA,TRAUMATICULCER & CARCINOMA IN SITU,REFER TO A SPECIALIST FOR BIOPSY & SYMPTOMATIC TREATMENT,Severe Dysplasia,
IrregularL1M2WhiteIrregularM1MarblewhiteDarkSharpYes MouthSmokingMixedareas,ORAL SQUAMOUS CELL CARCINOMA,TRAUMATICULCER & CARCINOMA IN SITU,REFER TO A SPECIALIST FOR BIOPSY & SYMPTOMATIC TREATMENT,Severe Dysplasia,
IrregularL1M2WhiteIrregularM1MarblewhitePiNADSNOYes MouthSmokingMixedareas,ORAL SQUAMOUS CELL CARCINOMA,TRAUMATICULCER & CARCINOMA IN SITU,REFER TO A SPECIALIST FOR BIOPSY & SYMPTOMATIC TREATMENT,Severe Dysplasia,
IrregularL1M2WhiteIrregularM1MarblewhiteDarkSNOYes MouthSmokingMixedareas,ORAL SQUAMOUS CELL CARCINOMA,TRAUMATICULCER & CARCINOMA IN SITU,REFER TO A SPECIALIST FOR BIOPSY & SYMPTOMATIC TREATMENT,Severe Dysplasia,
IrregularM1M2PNADGNADMarblewhitePiNADSharpYes MouthHyesBsulcus,ORAL SQUAMOUS CELL CARCINOMA,TRAUMATICULCER & CARCINOMA IN SITU,REFER TO A SPECIALIST FOR BIOPSY & SYMPTOMATIC TREATMENT,Severe Dysplasia,
IrregularM1M2PNADGNADMarblewhiteDarkSharpYes MouthHyesBsulcus,ORAL SQUAMOUS CELL CARCINOMA,TRAUMATICULCER & CARCINOMA IN SITU,REFER TO A SPECIALIST FOR BIOPSY & SYMPTOMATIC TREATMENT,Severe Dysplasia,
IrregularM1M2PNADGNADMarblewhitePiNADSNOYes MouthHyesBsulcus,ORAL SQUAMOUS CELL CARCINOMA,TRAUMATICULCER & CARCINOMA IN SITU,REFER TO A SPECIALIST FOR BIOPSY & SYMPTOMATIC TREATMENT,Severe Dysplasia,
IrregularM1M2PNADGNADMarblewhiteDarkSNOYes MouthHyesBsulcus,ORAL SQUAMOUS CELL CARCINOMA,TRAUMATICULCER & CARCINOMA IN SITU,REFER TO A SPECIALIST FOR BIOPSY & SYMPTOMATIC TREATMENT,Severe Dysplasia,
IrregularM1M2RedGNADMarblewhitePiNADSharpYes MouthHyesBsulcus,ORAL SQUAMOUS CELL CARCINOMA,TRAUMATICULCER & CARCINOMA IN SITU,REFER TO A SPECIALIST FOR BIOPSY & SYMPTOMATIC TREATMENT,Severe Dysplasia,
IrregularM1M2RedGNADMarblewhiteDarkSharpYes MouthHyesBsulcus,ORAL SQUAMOUS CELL CARCINOMA,TRAUMATICULCER & CARCINOMA IN SITU,REFER TO A SPECIALIST FOR BIOPSY & SYMPTOMATIC TREATMENT,Severe Dysplasia,
IrregularM1M2RedGNADMarblewhitePiNADSNOYes MouthHyesBsulcus,ORAL SQUAMOUS CELL CARCINOMA,TRAUMATICULCER & CARCINOMA IN SITU,REFER TO A SPECIALIST FOR BIOPSY & SYMPTOMATIC TREATMENT,Severe Dysplasia,
IrregularM1M2RedGNADMarblewhiteDarkSNOYes MouthHyesBsulcus,ORAL SQUAMOUS CELL CARCINOMA,TRAUMATICULCER & CARCINOMA IN SITU,REFER TO A SPECIALIST FOR BIOPSY & SYMPTOMATIC TREATMENT,Severe Dysplasia,
IrregularM1M2WhiteGNADMarblewhitePiNADSharpYes MouthHyesBsulcus,ORAL SQUAMOUS CELL CARCINOMA,TRAUMATICULCER & CARCINOMA IN SITU,REFER TO A SPECIALIST FOR BIOPSY & SYMPTOMATIC TREATMENT,Severe Dysplasia,
IrregularM1M2WhiteGNADMarblewhiteDarkSharpYes MouthHyesBsulcus,ORAL SQUAMOUS CELL CARCINOMA,TRAUMATICULCER & CARCINOMA IN SITU,REFER TO A SPECIALIST FOR BIOPSY & SYMPTOMATIC TREATMENT,Severe Dysplasia,
IrregularM1M2WhiteGNADMarblewhitePiNADSNOYes MouthHyesBsulcus,ORAL SQUAMOUS CELL CARCINOMA,TRAUMATICULCER & CARCINOMA IN SITU,REFER TO A SPECIALIST FOR BIOPSY & SYMPTOMATIC TREATMENT,Severe Dysplasia,
IrregularM1M2WhiteGNADMarblewhiteDarkSNOYes MouthHyesBsulcus,ORAL SQUAMOUS CELL CARCINOMA,TRAUMATICULCER & CARCINOMA IN SITU,REFER TO A SPECIALIST FOR BIOPSY & SYMPTOMATIC TREATMENT,Severe Dysplasia,
IrregularM1M2PNADGNADMarblewhitePiNADSharpYes MouthSmokingBsulcus,ORAL SQUAMOUS CELL CARCINOMA,TRAUMATICULCER & CARCINOMA IN SITU,REFER TO A SPECIALIST FOR BIOPSY & SYMPTOMATIC TREATMENT,Severe Dysplasia,
IrregularM1M2PNADGNADMarblewhiteDarkSharpYes MouthSmokingBsulcus,ORAL SQUAMOUS CELL CARCINOMA,TRAUMATICULCER & CARCINOMA IN SITU,REFER TO A SPECIALIST FOR BIOPSY & SYMPTOMATIC TREATMENT,Severe Dysplasia,
IrregularM1M2PNADGNADMarblewhitePiNADSNOYes MouthSmokingBsulcus,ORAL SQUAMOUS CELL CARCINOMA,TRAUMATICULCER & CARCINOMA IN SITU,REFER TO A SPECIALIST FOR BIOPSY & SYMPTOMATIC TREATMENT,Severe Dysplasia,
IrregularM1M2PNADGNADMarblewhiteDarkSNOYes MouthSmokingBsulcus,ORAL SQUAMOUS CELL CARCINOMA,TRAUMATICULCER & CARCINOMA IN SITU,REFER TO A SPECIALIST FOR BIOPSY & SYMPTOMATIC TREATMENT,Severe Dysplasia,
IrregularM1M2RedGNADMarblewhitePiNADSharpYes MouthSmokingBsulcus,ORAL SQUAMOUS CELL CARCINOMA,TRAUMATICULCER & CARCINOMA IN SITU,REFER TO A SPECIALIST FOR BIOPSY & SYMPTOMATIC TREATMENT,Severe Dysplasia,
IrregularM1M2RedGNADMarblewhiteDarkSharpYes MouthSmokingBsulcus,ORAL SQUAMOUS CELL CARCINOMA,TRAUMATICULCER & CARCINOMA IN SITU,REFER TO A SPECIALIST FOR BIOPSY & SYMPTOMATIC TREATMENT,Severe Dysplasia,
IrregularM1M2RedGNADMarblewhitePiNADSNOYes MouthSmokingBsulcus,ORAL SQUAMOUS CELL CARCINOMA,TRAUMATICULCER & CARCINOMA IN SITU,REFER TO A SPECIALIST FOR BIOPSY & SYMPTOMATIC TREATMENT,Severe Dysplasia,
IrregularM1M2RedGNADMarblewhiteDarkSNOYes MouthSmokingBsulcus,ORAL SQUAMOUS CELL CARCINOMA,TRAUMATICULCER & CARCINOMA IN SITU,REFER TO A SPECIALIST FOR BIOPSY & SYMPTOMATIC TREATMENT,Severe Dysplasia,
IrregularM1M2WhiteGNADMarblewhitePiNADSharpYes MouthSmokingBsulcus,ORAL SQUAMOUS CELL CARCINOMA,TRAUMATICULCER & CARCINOMA IN SITU,REFER TO A SPECIALIST FOR BIOPSY & SYMPTOMATIC TREATMENT,Severe Dysplasia,
IrregularM1M2WhiteGNADMarblewhiteDarkSharpYes MouthSmokingBsulcus,ORAL SQUAMOUS CELL CARCINOMA,TRAUMATICULCER & CARCINOMA IN SITU,REFER TO A SPECIALIST FOR BIOPSY & SYMPTOMATIC TREATMENT,Severe Dysplasia,
IrregularM1M2WhiteGNADMarblewhitePiNADSNOYes MouthSmokingBsulcus,ORAL SQUAMOUS CELL CARCINOMA,TRAUMATICULCER & CARCINOMA IN SITU,REFER TO A SPECIALIST FOR BIOPSY & SYMPTOMATIC TREATMENT,Severe Dysplasia,
IrregularM1M2WhiteGNADMarblewhiteDarkSNOYes MouthSmokingBsulcus,ORAL SQUAMOUS CELL CARCINOMA,TRAUMATICULCER & CARCINOMA IN SITU,REFER TO A SPECIALIST FOR BIOPSY & SYMPTOMATIC TREATMENT,Severe Dysplasia,
IrregularM1M2PNADGNADMarblewhiteDarkSharpYes MouthHyesPalate,ORAL SQUAMOUS CELL CARCINOMA,TRAUMATICULCER & CARCINOMA IN SITU,REFER TO A SPECIALIST FOR BIOPSY & SYMPTOMATIC TREATMENT,Severe Dysplasia,
IrregularM1M2PNADGNADMarblewhitePiNADSNOYes MouthHyesPalate,ORAL SQUAMOUS CELL CARCINOMA,TRAUMATICULCER & CARCINOMA IN SITU,REFER TO A SPECIALIST FOR BIOPSY & SYMPTOMATIC TREATMENT,Severe Dysplasia,
IrregularM1M2PNADGNADMarblewhiteDarkSNOYes MouthHyesPalate,ORAL SQUAMOUS CELL CARCINOMA,TRAUMATICULCER & CARCINOMA IN SITU,REFER TO A SPECIALIST FOR BIOPSY & SYMPTOMATIC TREATMENT,Severe Dysplasia,
IrregularM1M2RedGNADMarblewhitePiNADSharpYes MouthHyesPalate,ORAL SQUAMOUS CELL CARCINOMA,TRAUMATICULCER & CARCINOMA IN SITU,REFER TO A SPECIALIST FOR BIOPSY & SYMPTOMATIC TREATMENT,Severe Dysplasia,
IrregularM1M2RedGNADMarblewhiteDarkSharpYes MouthHyesPalate,ORAL SQUAMOUS CELL CARCINOMA,TRAUMATICULCER & CARCINOMA IN SITU,REFER TO A SPECIALIST FOR BIOPSY & SYMPTOMATIC TREATMENT,Severe Dysplasia,
IrregularM1M2RedGNADMarblewhitePiNADSNOYes MouthHyesPalate,ORAL SQUAMOUS CELL CARCINOMA,TRAUMATICULCER & CARCINOMA IN SITU,REFER TO A SPECIALIST FOR BIOPSY & SYMPTOMATIC TREATMENT,Severe Dysplasia,
IrregularM1M2RedGNADMarblewhiteDarkSNOYes MouthHyesPalate,ORAL SQUAMOUS CELL CARCINOMA,TRAUMATICULCER & CARCINOMA IN SITU,REFER TO A SPECIALIST FOR BIOPSY & SYMPTOMATIC TREATMENT,Severe Dysplasia,
IrregularM1M2WhiteGNADMarblewhitePiNADSharpYes MouthHyesPalate,ORAL SQUAMOUS CELL CARCINOMA,TRAUMATICULCER & CARCINOMA IN SITU,REFER TO A SPECIALIST FOR BIOPSY & SYMPTOMATIC TREATMENT,Severe Dysplasia,
IrregularM1M2WhiteGNADMarblewhiteDarkSharpYes MouthHyesPalate,ORAL SQUAMOUS CELL CARCINOMA,TRAUMATICULCER & CARCINOMA IN SITU,REFER TO A SPECIALIST FOR BIOPSY & SYMPTOMATIC TREATMENT,Severe Dysplasia,
IrregularM1M2WhiteGNADMarblewhitePiNADSNOYes MouthHyesPalate,ORAL SQUAMOUS CELL CARCINOMA,TRAUMATICULCER & CARCINOMA IN SITU,REFER TO A SPECIALIST FOR BIOPSY & SYMPTOMATIC TREATMENT,Severe Dysplasia,
IrregularM1M2WhiteGNADMarblewhiteDarkSNOYes MouthHyesPalate,ORAL SQUAMOUS CELL CARCINOMA,TRAUMATICULCER & CARCINOMA IN SITU,REFER TO A SPECIALIST FOR BIOPSY & SYMPTOMATIC TREATMENT,Severe Dysplasia,
IrregularM1M2PNADGNADMarblewhitePiNADSharpYes MouthSmokingPalate,ORAL SQUAMOUS CELL CARCINOMA,TRAUMATICULCER & CARCINOMA IN SITU,REFER TO A SPECIALIST FOR BIOPSY & SYMPTOMATIC TREATMENT,Severe Dysplasia,
IrregularM1M2PNADGNADMarblewhiteDarkSharpYes MouthSmokingPalate,ORAL SQUAMOUS CELL CARCINOMA,TRAUMATICULCER & CARCINOMA IN SITU,REFER TO A SPECIALIST FOR BIOPSY & SYMPTOMATIC TREATMENT,Severe Dysplasia,
IrregularM1M2PNADGNADMarblewhitePiNADSNOYes MouthSmokingPalate,ORAL SQUAMOUS CELL CARCINOMA,TRAUMATICULCER & CARCINOMA IN SITU,REFER TO A SPECIALIST FOR BIOPSY & SYMPTOMATIC TREATMENT,Severe Dysplasia,
IrregularM1M2PNADGNADMarblewhiteDarkSNOYes MouthSmokingPalate,ORAL SQUAMOUS CELL CARCINOMA,TRAUMATICULCER & CARCINOMA IN SITU,REFER TO A SPECIALIST FOR BIOPSY & SYMPTOMATIC TREATMENT,Severe Dysplasia,
IrregularM1M2RedGNADMarblewhitePiNADSharpYes MouthSmokingPalate,ORAL SQUAMOUS CELL CARCINOMA,TRAUMATICULCER & CARCINOMA IN SITU,REFER TO A SPECIALIST FOR BIOPSY & SYMPTOMATIC TREATMENT,Severe Dysplasia,
IrregularM1M2RedGNADMarblewhiteDarkSharpYes MouthSmokingPalate,ORAL SQUAMOUS CELL CARCINOMA,TRAUMATICULCER & CARCINOMA IN SITU,REFER TO A SPECIALIST FOR BIOPSY & SYMPTOMATIC TREATMENT,Severe Dysplasia,
IrregularM1M2RedGNADMarblewhitePiNADSNOYes MouthSmokingPalate,ORAL SQUAMOUS CELL CARCINOMA,TRAUMATICULCER & CARCINOMA IN SITU,REFER TO A SPECIALIST FOR BIOPSY & SYMPTOMATIC TREATMENT,Severe Dysplasia,
IrregularM1M2RedGNADMarblewhiteDarkSNOYes MouthSmokingPalate,ORAL SQUAMOUS CELL CARCINOMA,TRAUMATICULCER & CARCINOMA IN SITU,REFER TO A SPECIALIST FOR BIOPSY & SYMPTOMATIC TREATMENT,Severe Dysplasia,
IrregularM1M2WhiteGNADMarblewhitePiNADSharpYes MouthSmokingPalate,ORAL SQUAMOUS CELL CARCINOMA,TRAUMATICULCER & CARCINOMA IN SITU,REFER TO A SPECIALIST FOR BIOPSY & SYMPTOMATIC TREATMENT,Severe Dysplasia,
IrregularM1M2WhiteGNADMarblewhiteDarkSharpYes MouthSmokingPalate,ORAL SQUAMOUS CELL CARCINOMA,TRAUMATICULCER & CARCINOMA IN SITU,REFER TO A SPECIALIST FOR BIOPSY & SYMPTOMATIC TREATMENT,Severe Dysplasia,
IrregularM1M2WhiteGNADMarblewhitePiNADSNOYes MouthSmokingPalate,ORAL SQUAMOUS CELL CARCINOMA,TRAUMATICULCER & CARCINOMA IN SITU,REFER TO A SPECIALIST FOR BIOPSY & SYMPTOMATIC TREATMENT,Severe Dysplasia,
IrregularM1M2WhiteGNADMarblewhiteDarkSNOYes MouthSmokingPalate,ORAL SQUAMOUS CELL CARCINOMA,TRAUMATICULCER & CARCINOMA IN SITU,REFER TO A SPECIALIST FOR BIOPSY & SYMPTOMATIC TREATMENT,Severe Dysplasia,
IrregularM1M2PNADGNADMarblewhitePiNADSharpYes MouthHyesDorsumtongue,ORAL SQUAMOUS CELL CARCINOMA,TRAUMATICULCER & CARCINOMA IN SITU,REFER TO A SPECIALIST FOR BIOPSY & SYMPTOMATIC TREATMENT,Severe Dysplasia,
IrregularM1M2PNADGNADMarblewhiteDarkSharpYes MouthHyesDorsumtongue,ORAL SQUAMOUS CELL CARCINOMA,TRAUMATICULCER & CARCINOMA IN SITU,REFER TO A SPECIALIST FOR BIOPSY & SYMPTOMATIC TREATMENT,Severe Dysplasia,
IrregularM1M2PNADGNADMarblewhitePiNADSNOYes MouthHyesDorsumtongue,ORAL SQUAMOUS CELL CARCINOMA,TRAUMATICULCER & CARCINOMA IN SITU,REFER TO A SPECIALIST FOR BIOPSY & SYMPTOMATIC TREATMENT,Severe Dysplasia,
IrregularM1M2PNADGNADMarblewhiteDarkSNOYes MouthHyesDorsumtongue,ORAL SQUAMOUS CELL CARCINOMA,TRAUMATICULCER & CARCINOMA IN SITU,REFER TO A SPECIALIST FOR BIOPSY & SYMPTOMATIC TREATMENT,Severe Dysplasia,
IrregularM1M2RedGNADMarblewhitePiNADSharpYes MouthHyesDorsumtongue,ORAL SQUAMOUS CELL CARCINOMA,TRAUMATICULCER & CARCINOMA IN SITU,REFER TO A SPECIALIST FOR BIOPSY & SYMPTOMATIC TREATMENT,Severe Dysplasia,
IrregularM1M2RedGNADMarblewhiteDarkSharpYes MouthHyesDorsumtongue,ORAL SQUAMOUS CELL CARCINOMA,TRAUMATICULCER & CARCINOMA IN SITU,REFER TO A SPECIALIST FOR BIOPSY & SYMPTOMATIC TREATMENT,Severe Dysplasia,
IrregularM1M2RedGNADMarblewhitePiNADSNOYes MouthHyesDorsumtongue,ORAL SQUAMOUS CELL CARCINOMA,TRAUMATICULCER & CARCINOMA IN SITU,REFER TO A SPECIALIST FOR BIOPSY & SYMPTOMATIC TREATMENT,Severe Dysplasia,
IrregularM1M2RedGNADMarblewhiteDarkSNOYes MouthHyesDorsumtongue,ORAL SQUAMOUS CELL CARCINOMA,TRAUMATICULCER & CARCINOMA IN SITU,REFER TO A SPECIALIST FOR BIOPSY & SYMPTOMATIC TREATMENT,Severe Dysplasia,
IrregularM1M2WhiteGNADMarblewhitePiNADSharpYes MouthHyesDorsumtongue,ORAL SQUAMOUS CELL CARCINOMA,TRAUMATICULCER & CARCINOMA IN SITU,REFER TO A SPECIALIST FOR BIOPSY & SYMPTOMATIC TREATMENT,Severe Dysplasia,
IrregularM1M2WhiteGNADMarblewhiteDarkSharpYes MouthHyesDorsumtongue,ORAL SQUAMOUS CELL CARCINOMA,TRAUMATICULCER & CARCINOMA IN SITU,REFER TO A SPECIALIST FOR BIOPSY & SYMPTOMATIC TREATMENT,Severe Dysplasia,
IrregularM1M2WhiteGNADMarblewhitePiNADSNOYes MouthHyesDorsumtongue,ORAL SQUAMOUS CELL CARCINOMA,TRAUMATICULCER & CARCINOMA IN SITU,REFER TO A SPECIALIST FOR BIOPSY & SYMPTOMATIC TREATMENT,Severe Dysplasia,
IrregularM1M2WhiteGNADMarblewhiteDarkSNOYes MouthHyesDorsumtongue,ORAL SQUAMOUS CELL CARCINOMA,TRAUMATICULCER & CARCINOMA IN SITU,REFER TO A SPECIALIST FOR BIOPSY & SYMPTOMATIC TREATMENT,Severe Dysplasia,
IrregularM1M2PNADGNADMarblewhitePiNADSharpYes MouthSmokingDorsumtongue,ORAL SQUAMOUS CELL CARCINOMA,TRAUMATICULCER & CARCINOMA IN SITU,REFER TO A SPECIALIST FOR BIOPSY & SYMPTOMATIC TREATMENT,Severe Dysplasia,
IrregularM1M2PNADGNADMarblewhiteDarkSharpYes MouthSmokingDorsumtongue,ORAL SQUAMOUS CELL CARCINOMA,TRAUMATICULCER & CARCINOMA IN SITU,REFER TO A SPECIALIST FOR BIOPSY & SYMPTOMATIC TREATMENT,Severe Dysplasia,
IrregularM1M2PNADGNADMarblewhitePiNADSNOYes MouthSmokingDorsumtongue,ORAL SQUAMOUS CELL CARCINOMA,TRAUMATICULCER & CARCINOMA IN SITU,REFER TO A SPECIALIST FOR BIOPSY & SYMPTOMATIC TREATMENT,Severe Dysplasia,
IrregularM1M2PNADGNADMarblewhiteDarkSNOYes MouthSmokingDorsumtongue,ORAL SQUAMOUS CELL CARCINOMA,TRAUMATICULCER & CARCINOMA IN SITU,REFER TO A SPECIALIST FOR BIOPSY & SYMPTOMATIC TREATMENT,Severe Dysplasia,
IrregularM1M2RedGNADMarblewhitePiNADSharpYes MouthSmokingDorsumtongue,ORAL SQUAMOUS CELL CARCINOMA,TRAUMATICULCER & CARCINOMA IN SITU,REFER TO A SPECIALIST FOR BIOPSY & SYMPTOMATIC TREATMENT,Severe Dysplasia,
IrregularM1M2RedGNADMarblewhiteDarkSharpYes MouthSmokingDorsumtongue,ORAL SQUAMOUS CELL CARCINOMA,TRAUMATICULCER & CARCINOMA IN SITU,REFER TO A SPECIALIST FOR BIOPSY & SYMPTOMATIC TREATMENT,Severe Dysplasia,
IrregularM1M2RedGNADMarblewhitePiNADSNOYes MouthSmokingDorsumtongue,ORAL SQUAMOUS CELL CARCINOMA,TRAUMATICULCER & CARCINOMA IN SITU,REFER TO A SPECIALIST FOR BIOPSY & SYMPTOMATIC TREATMENT,Severe Dysplasia,
IrregularM1M2RedGNADMarblewhiteDarkSNOYes MouthSmokingDorsumtongue,ORAL SQUAMOUS CELL CARCINOMA,TRAUMATICULCER & CARCINOMA IN SITU,REFER TO A SPECIALIST FOR BIOPSY & SYMPTOMATIC TREATMENT,Severe Dysplasia,
IrregularM1M2WhiteGNADMarblewhitePiNADSharpYes MouthSmokingDorsumtongue,ORAL SQUAMOUS CELL CARCINOMA,TRAUMATICULCER & CARCINOMA IN SITU,REFER TO A SPECIALIST FOR BIOPSY & SYMPTOMATIC TREATMENT,Severe Dysplasia,
IrregularM1M2WhiteGNADMarblewhiteDarkSharpYes MouthSmokingDorsumtongue,ORAL SQUAMOUS CELL CARCINOMA,TRAUMATICULCER & CARCINOMA IN SITU,REFER TO A SPECIALIST FOR BIOPSY & SYMPTOMATIC TREATMENT,Severe Dysplasia,
IrregularM1M2WhiteGNADMarblewhitePiNADSNOYes MouthSmokingDorsumtongue,ORAL SQUAMOUS CELL CARCINOMA,TRAUMATICULCER & CARCINOMA IN SITU,REFER TO A SPECIALIST FOR BIOPSY & SYMPTOMATIC TREATMENT,Severe Dysplasia,
IrregularM1M2WhiteGNADMarblewhiteDarkSNOYes MouthSmokingDorsumtongue,ORAL SQUAMOUS CELL CARCINOMA,TRAUMATICULCER & CARCINOMA IN SITU,REFER TO A SPECIALIST FOR BIOPSY & SYMPTOMATIC TREATMENT,Severe Dysplasia,
IrregularM1M2RedIrregularM1MarblewhitePiNADSharpYes MouthHyesMixedareas,ORAL SQUAMOUS CELL CARCINOMA,TRAUMATICULCER & CARCINOMA IN SITU,REFER TO A SPECIALIST FOR BIOPSY & SYMPTOMATIC TREATMENT,Severe Dysplasia,
IrregularM1M2RedIrregularM1MarblewhiteDarkSharpYes MouthHyesMixedareas,ORAL SQUAMOUS CELL CARCINOMA,TRAUMATICULCER & CARCINOMA IN SITU,REFER TO A SPECIALIST FOR BIOPSY & SYMPTOMATIC TREATMENT,Severe Dysplasia,
IrregularM1M2RedIrregularM1MarblewhitePiNADSNOYes MouthHyesMixedareas,ORAL SQUAMOUS CELL CARCINOMA,TRAUMATICULCER & CARCINOMA IN SITU,REFER TO A SPECIALIST FOR BIOPSY & SYMPTOMATIC TREATMENT,Severe Dysplasia,
IrregularM1M2RedIrregularM1MarblewhiteDarkSNOYes MouthHyesMixedareas,ORAL SQUAMOUS CELL CARCINOMA,TRAUMATICULCER & CARCINOMA IN SITU,REFER TO A SPECIALIST FOR BIOPSY & SYMPTOMATIC TREATMENT,Severe Dysplasia,
IrregularM1M2WhiteIrregularM1MarblewhitePiNADSharpYes MouthHyesMixedareas,ORAL SQUAMOUS CELL CARCINOMA,TRAUMATICULCER & CARCINOMA IN SITU,REFER TO A SPECIALIST FOR BIOPSY & SYMPTOMATIC TREATMENT,Severe Dysplasia,
IrregularM1M2WhiteIrregularM1MarblewhiteDarkSharpYes MouthHyesMixedareas,ORAL SQUAMOUS CELL CARCINOMA,TRAUMATICULCER & CARCINOMA IN SITU,REFER TO A SPECIALIST FOR BIOPSY & SYMPTOMATIC TREATMENT,Severe Dysplasia,
IrregularM1M2WhiteIrregularM1MarblewhitePiNADSNOYes MouthHyesMixedareas,ORAL SQUAMOUS CELL CARCINOMA,TRAUMATICULCER & CARCINOMA IN SITU,REFER TO A SPECIALIST FOR BIOPSY & SYMPTOMATIC TREATMENT,Severe Dysplasia,
IrregularM1M2WhiteIrregularM1MarblewhiteDarkSNOYes MouthHyesMixedareas,ORAL SQUAMOUS CELL CARCINOMA,TRAUMATICULCER & CARCINOMA IN SITU,REFER TO A SPECIALIST FOR BIOPSY & SYMPTOMATIC TREATMENT,Severe Dysplasia,
IrregularM1M2RedIrregularM1MarblewhitePiNADSharpYes MouthSmokingMixedareas,ORAL SQUAMOUS CELL CARCINOMA,TRAUMATICULCER & CARCINOMA IN SITU,REFER TO A SPECIALIST FOR BIOPSY & SYMPTOMATIC TREATMENT,Severe Dysplasia,
IrregularM1M2RedIrregularM1MarblewhiteDarkSharpYes MouthSmokingMixedareas,ORAL SQUAMOUS CELL CARCINOMA,TRAUMATICULCER & CARCINOMA IN SITU,REFER TO A SPECIALIST FOR BIOPSY & SYMPTOMATIC TREATMENT,Severe Dysplasia,
IrregularM1M2RedIrregularM1MarblewhitePiNADSNOYes MouthSmokingMixedareas,ORAL SQUAMOUS CELL CARCINOMA,TRAUMATICULCER & CARCINOMA IN SITU,REFER TO A SPECIALIST FOR BIOPSY & SYMPTOMATIC TREATMENT,Severe Dysplasia,
IrregularM1M2RedIrregularM1MarblewhiteDarkSNOYes MouthSmokingMixedareas,ORAL SQUAMOUS CELL CARCINOMA,TRAUMATICULCER & CARCINOMA IN SITU,REFER TO A SPECIALIST FOR BIOPSY & SYMPTOMATIC TREATMENT,Severe Dysplasia,
IrregularM1M2WhiteIrregularM1MarblewhitePiNADSharpYes MouthSmokingMixedareas,ORAL SQUAMOUS CELL CARCINOMA,TRAUMATICULCER & CARCINOMA IN SITU,REFER TO A SPECIALIST FOR BIOPSY & SYMPTOMATIC TREATMENT,Severe Dysplasia,
IrregularM1M2WhiteIrregularM1MarblewhiteDarkSharpYes MouthSmokingMixedareas,ORAL SQUAMOUS CELL CARCINOMA,TRAUMATICULCER & CARCINOMA IN SITU,REFER TO A SPECIALIST FOR BIOPSY & SYMPTOMATIC TREATMENT,Severe Dysplasia,
IrregularM1M2WhiteIrregularM1MarblewhitePiNADSNOYes MouthSmokingMixedareas,ORAL SQUAMOUS CELL CARCINOMA,TRAUMATICULCER & CARCINOMA IN SITU,REFER TO A SPECIALIST FOR BIOPSY & SYMPTOMATIC TREATMENT,Severe Dysplasia,
IrregularM1M2WhiteIrregularM1MarblewhiteDarkSNOYes MouthSmokingMixedareas,ORAL SQUAMOUS CELL CARCINOMA,TRAUMATICULCER & CARCINOMA IN SITU,REFER TO A SPECIALIST FOR BIOPSY & SYMPTOMATIC TREATMENT,Severe Dysplasia,
IrregularM1M2RedIrregularM1MarblewhitePiNADSharpYes MouthHyesBsulcus,ORAL SQUAMOUS CELL CARCINOMA,TRAUMATICULCER & CARCINOMA IN SITU,REFER TO A SPECIALIST FOR BIOPSY & SYMPTOMATIC TREATMENT,Severe Dysplasia,
IrregularM1M2RedIrregularM1MarblewhiteDarkSharpYes MouthHyesBsulcus,ORAL SQUAMOUS CELL CARCINOMA,TRAUMATICULCER & CARCINOMA IN SITU,REFER TO A SPECIALIST FOR BIOPSY & SYMPTOMATIC TREATMENT,Severe Dysplasia,
IrregularM1M2RedIrregularM1MarblewhitePiNADSNOYes MouthHyesBsulcus,ORAL SQUAMOUS CELL CARCINOMA,TRAUMATICULCER & CARCINOMA IN SITU,REFER TO A SPECIALIST FOR BIOPSY & SYMPTOMATIC TREATMENT,Severe Dysplasia,
IrregularM1M2RedIrregularM1MarblewhiteDarkSNOYes MouthHyesBsulcus,ORAL SQUAMOUS CELL CARCINOMA,TRAUMATICULCER & CARCINOMA IN SITU,REFER TO A SPECIALIST FOR BIOPSY & SYMPTOMATIC TREATMENT,Severe Dysplasia,
IrregularM1M2WhiteIrregularM1MarblewhitePiNADSharpYes MouthHyesBsulcus,ORAL SQUAMOUS CELL CARCINOMA,TRAUMATICULCER & CARCINOMA IN SITU,REFER TO A SPECIALIST FOR BIOPSY & SYMPTOMATIC TREATMENT,Severe Dysplasia,
IrregularM1M2WhiteIrregularM1MarblewhiteDarkSharpYes MouthHyesBsulcus,ORAL SQUAMOUS CELL CARCINOMA,TRAUMATICULCER & CARCINOMA IN SITU,REFER TO A SPECIALIST FOR BIOPSY & SYMPTOMATIC TREATMENT,Severe Dysplasia,
IrregularM1M2WhiteIrregularM1MarblewhitePiNADSNOYes MouthHyesBsulcus,ORAL SQUAMOUS CELL CARCINOMA,TRAUMATICULCER & CARCINOMA IN SITU,REFER TO A SPECIALIST FOR BIOPSY & SYMPTOMATIC TREATMENT,Severe Dysplasia,
IrregularM1M2WhiteIrregularM1MarblewhiteDarkSNOYes MouthHyesBsulcus,ORAL SQUAMOUS CELL CARCINOMA,TRAUMATICULCER & CARCINOMA IN SITU,REFER TO A SPECIALIST FOR BIOPSY & SYMPTOMATIC TREATMENT,Severe Dysplasia,
IrregularM1M2RedIrregularM1MarblewhitePiNADSharpYes MouthSmokingBsulcus,ORAL SQUAMOUS CELL CARCINOMA,TRAUMATICULCER & CARCINOMA IN SITU,REFER TO A SPECIALIST FOR BIOPSY & SYMPTOMATIC TREATMENT,Severe Dysplasia,
IrregularM1M2RedIrregularM1MarblewhiteDarkSharpYes MouthSmokingBsulcus,ORAL SQUAMOUS CELL CARCINOMA,TRAUMATICULCER & CARCINOMA IN SITU,REFER TO A SPECIALIST FOR BIOPSY & SYMPTOMATIC TREATMENT,Severe Dysplasia,
IrregularM1M2RedIrregularM1MarblewhitePiNADSNOYes MouthSmokingBsulcus,ORAL SQUAMOUS CELL CARCINOMA,TRAUMATICULCER & CARCINOMA IN SITU,REFER TO A SPECIALIST FOR BIOPSY & SYMPTOMATIC TREATMENT,Severe Dysplasia,
IrregularM1M2RedIrregularM1MarblewhiteDarkSNOYes MouthSmokingBsulcus,ORAL SQUAMOUS CELL CARCINOMA,TRAUMATICULCER & CARCINOMA IN SITU,REFER TO A SPECIALIST FOR BIOPSY & SYMPTOMATIC TREATMENT,Severe Dysplasia,
IrregularM1M2WhiteIrregularM1MarblewhitePiNADSharpYes MouthSmokingBsulcus,ORAL SQUAMOUS CELL CARCINOMA,TRAUMATICULCER & CARCINOMA IN SITU,REFER TO A SPECIALIST FOR BIOPSY & SYMPTOMATIC TREATMENT,Severe Dysplasia,
IrregularM1M2WhiteIrregularM1MarblewhiteDarkSharpYes MouthSmokingBsulcus,ORAL SQUAMOUS CELL CARCINOMA,TRAUMATICULCER & CARCINOMA IN SITU,REFER TO A SPECIALIST FOR BIOPSY & SYMPTOMATIC TREATMENT,Severe Dysplasia,
IrregularM1M2WhiteIrregularM1MarblewhitePiNADSNOYes MouthSmokingBsulcus,ORAL SQUAMOUS CELL CARCINOMA,TRAUMATICULCER & CARCINOMA IN SITU,REFER TO A SPECIALIST FOR BIOPSY & SYMPTOMATIC TREATMENT,Severe Dysplasia,
IrregularM1M2WhiteIrregularM1MarblewhiteDarkSNOYes MouthSmokingBsulcus,ORAL SQUAMOUS CELL CARCINOMA,TRAUMATICULCER & CARCINOMA IN SITU,REFER TO A SPECIALIST FOR BIOPSY & SYMPTOMATIC TREATMENT,Severe Dysplasia,
IrregularM1M2RedIrregularM1MarblewhitePiNADSharpYes MouthHyesPalate,ORAL SQUAMOUS CELL CARCINOMA,TRAUMATICULCER & CARCINOMA IN SITU,REFER TO A SPECIALIST FOR BIOPSY & SYMPTOMATIC TREATMENT,Severe Dysplasia,
IrregularM1M2RedIrregularM1MarblewhiteDarkSharpYes MouthHyesPalate,ORAL SQUAMOUS CELL CARCINOMA,TRAUMATICULCER & CARCINOMA IN SITU,REFER TO A SPECIALIST FOR BIOPSY & SYMPTOMATIC TREATMENT,Severe Dysplasia,
IrregularM1M2RedIrregularM1MarblewhitePiNADSNOYes MouthHyesPalate,ORAL SQUAMOUS CELL CARCINOMA,TRAUMATICULCER & CARCINOMA IN SITU,REFER TO A SPECIALIST FOR BIOPSY & SYMPTOMATIC TREATMENT,Severe Dysplasia,
IrregularM1M2RedIrregularM1MarblewhiteDarkSNOYes MouthHyesPalate,ORAL SQUAMOUS CELL CARCINOMA,TRAUMATICULCER & CARCINOMA IN SITU,REFER TO A SPECIALIST FOR BIOPSY & SYMPTOMATIC TREATMENT,Severe Dysplasia,
IrregularM1M2WhiteIrregularM1MarblewhitePiNADSharpYes MouthHyesPalate,ORAL SQUAMOUS CELL CARCINOMA,TRAUMATICULCER & CARCINOMA IN SITU,REFER TO A SPECIALIST FOR BIOPSY & SYMPTOMATIC TREATMENT,Severe Dysplasia,
IrregularM1M2WhiteIrregularM1MarblewhiteDarkSharpYes MouthHyesPalate,ORAL SQUAMOUS CELL CARCINOMA,TRAUMATICULCER & CARCINOMA IN SITU,REFER TO A SPECIALIST FOR BIOPSY & SYMPTOMATIC TREATMENT,Severe Dysplasia,
IrregularM1M2WhiteIrregularM1MarblewhitePiNADSNOYes MouthHyesPalate,ORAL SQUAMOUS CELL CARCINOMA,TRAUMATICULCER & CARCINOMA IN SITU,REFER TO A SPECIALIST FOR BIOPSY & SYMPTOMATIC TREATMENT,Severe Dysplasia,
IrregularM1M2WhiteIrregularM1MarblewhiteDarkSNOYes MouthHyesPalate,ORAL SQUAMOUS CELL CARCINOMA,TRAUMATICULCER & CARCINOMA IN SITU,REFER TO A SPECIALIST FOR BIOPSY & SYMPTOMATIC TREATMENT,Severe Dysplasia,
IrregularM1M2RedIrregularM1MarblewhitePiNADSharpYes MouthSmokingPalate,ORAL SQUAMOUS CELL CARCINOMA,TRAUMATICULCER & CARCINOMA IN SITU,REFER TO A SPECIALIST FOR BIOPSY & SYMPTOMATIC TREATMENT,Severe Dysplasia,
IrregularM1M2RedIrregularM1MarblewhiteDarkSharpYes MouthSmokingPalate,ORAL SQUAMOUS CELL CARCINOMA,TRAUMATICULCER & CARCINOMA IN SITU,REFER TO A SPECIALIST FOR BIOPSY & SYMPTOMATIC TREATMENT,Severe Dysplasia,
IrregularM1M2RedIrregularM1MarblewhitePiNADSNOYes MouthSmokingPalate,ORAL SQUAMOUS CELL CARCINOMA,TRAUMATICULCER & CARCINOMA IN SITU,REFER TO A SPECIALIST FOR BIOPSY & SYMPTOMATIC TREATMENT,Severe Dysplasia,
IrregularM1M2RedIrregularM1MarblewhiteDarkSNOYes MouthSmokingPalate,ORAL SQUAMOUS CELL CARCINOMA,TRAUMATICULCER & CARCINOMA IN SITU,REFER TO A SPECIALIST FOR BIOPSY & SYMPTOMATIC TREATMENT,Severe Dysplasia,
IrregularM1M2WhiteIrregularM1MarblewhitePiNADSharpYes MouthSmokingPalate,ORAL SQUAMOUS CELL CARCINOMA,TRAUMATICULCER & CARCINOMA IN SITU,REFER TO A SPECIALIST FOR BIOPSY & SYMPTOMATIC TREATMENT,Severe Dysplasia,
IrregularM1M2WhiteIrregularM1MarblewhiteDarkSharpYes MouthSmokingPalate,ORAL SQUAMOUS CELL CARCINOMA,TRAUMATICULCER & CARCINOMA IN SITU,REFER TO A SPECIALIST FOR BIOPSY & SYMPTOMATIC TREATMENT,Severe Dysplasia,
IrregularM1M2WhiteIrregularM1MarblewhitePiNADSNOYes MouthSmokingPalate,ORAL SQUAMOUS CELL CARCINOMA,TRAUMATICULCER & CARCINOMA IN SITU,REFER TO A SPECIALIST FOR BIOPSY & SYMPTOMATIC TREATMENT,Severe Dysplasia,
IrregularM1M2WhiteIrregularM1MarblewhiteDarkSNOYes MouthSmokingPalate,ORAL SQUAMOUS CELL CARCINOMA,TRAUMATICULCER & CARCINOMA IN SITU,REFER TO A SPECIALIST FOR BIOPSY & SYMPTOMATIC TREATMENT,Severe Dysplasia,
IrregularM1M2RedIrregularM1MarblewhitePiNADSharpYes MouthHyesDorsumtongue,ORAL SQUAMOUS CELL CARCINOMA,TRAUMATICULCER & CARCINOMA IN SITU,REFER TO A SPECIALIST FOR BIOPSY & SYMPTOMATIC TREATMENT,Severe Dysplasia,
IrregularM1M2RedIrregularM1MarblewhiteDarkSharpYes MouthHyesDorsumtongue,ORAL SQUAMOUS CELL CARCINOMA,TRAUMATICULCER & CARCINOMA IN SITU,REFER TO A SPECIALIST FOR BIOPSY & SYMPTOMATIC TREATMENT,Severe Dysplasia,
IrregularM1M2RedIrregularM1MarblewhitePiNADSNOYes MouthHyesDorsumtongue,ORAL SQUAMOUS CELL CARCINOMA,TRAUMATICULCER & CARCINOMA IN SITU,REFER TO A SPECIALIST FOR BIOPSY & SYMPTOMATIC TREATMENT,Severe Dysplasia,
IrregularM1M2RedIrregularM1MarblewhiteDarkSNOYes MouthHyesDorsumtongue,ORAL SQUAMOUS CELL CARCINOMA,TRAUMATICULCER & CARCINOMA IN SITU,REFER TO A SPECIALIST FOR BIOPSY & SYMPTOMATIC TREATMENT,Severe Dysplasia,
IrregularM1M2WhiteIrregularM1MarblewhitePiNADSharpYes MouthHyesDorsumtongue,ORAL SQUAMOUS CELL CARCINOMA,TRAUMATICULCER & CARCINOMA IN SITU,REFER TO A SPECIALIST FOR BIOPSY & SYMPTOMATIC TREATMENT,Severe Dysplasia,
IrregularM1M2WhiteIrregularM1MarblewhiteDarkSharpYes MouthHyesDorsumtongue,ORAL SQUAMOUS CELL CARCINOMA,TRAUMATICULCER & CARCINOMA IN SITU,REFER TO A SPECIALIST FOR BIOPSY & SYMPTOMATIC TREATMENT,Severe Dysplasia,
IrregularM1M2WhiteIrregularM1MarblewhitePiNADSNOYes MouthHyesDorsumtongue,ORAL SQUAMOUS CELL CARCINOMA,TRAUMATICULCER & CARCINOMA IN SITU,REFER TO A SPECIALIST FOR BIOPSY & SYMPTOMATIC TREATMENT,Severe Dysplasia,
IrregularM1M2WhiteIrregularM1MarblewhiteDarkSNOYes MouthHyesDorsumtongue,ORAL SQUAMOUS CELL CARCINOMA,TRAUMATICULCER & CARCINOMA IN SITU,REFER TO A SPECIALIST FOR BIOPSY & SYMPTOMATIC TREATMENT,Severe Dysplasia,
IrregularM1M2RedIrregularM1MarblewhitePiNADSharpYes MouthSmokingDorsumtongue,ORAL SQUAMOUS CELL CARCINOMA,TRAUMATICULCER & CARCINOMA IN SITU,REFER TO A SPECIALIST FOR BIOPSY & SYMPTOMATIC TREATMENT,Severe Dysplasia,
IrregularM1M2RedIrregularM1MarblewhiteDarkSharpYes MouthSmokingDorsumtongue,ORAL SQUAMOUS CELL CARCINOMA,TRAUMATICULCER & CARCINOMA IN SITU,REFER TO A SPECIALIST FOR BIOPSY & SYMPTOMATIC TREATMENT,Severe Dysplasia,
IrregularM1M2RedIrregularM1MarblewhitePiNADSNOYes MouthSmokingDorsumtongue,ORAL SQUAMOUS CELL CARCINOMA,TRAUMATICULCER & CARCINOMA IN SITU,REFER TO A SPECIALIST FOR BIOPSY & SYMPTOMATIC TREATMENT,Severe Dysplasia,
IrregularM1M2RedIrregularM1MarblewhiteDarkSNOYes MouthSmokingDorsumtongue,ORAL SQUAMOUS CELL CARCINOMA,TRAUMATICULCER & CARCINOMA IN SITU,REFER TO A SPECIALIST FOR BIOPSY & SYMPTOMATIC TREATMENT,Severe Dysplasia,
IrregularM1M2WhiteIrregularM1MarblewhitePiNADSharpYes MouthSmokingDorsumtongue,ORAL SQUAMOUS CELL CARCINOMA,TRAUMATICULCER & CARCINOMA IN SITU,REFER TO A SPECIALIST FOR BIOPSY & SYMPTOMATIC TREATMENT,Severe Dysplasia,
IrregularM1M2WhiteIrregularM1MarblewhiteDarkSharpYes MouthSmokingDorsumtongue,ORAL SQUAMOUS CELL CARCINOMA,TRAUMATICULCER & CARCINOMA IN SITU,REFER TO A SPECIALIST FOR BIOPSY & SYMPTOMATIC TREATMENT,Severe Dysplasia,
IrregularM1M2WhiteIrregularM1MarblewhitePiNADSNOYes MouthSmokingDorsumtongue,ORAL SQUAMOUS CELL CARCINOMA,TRAUMATICULCER & CARCINOMA IN SITU,REFER TO A SPECIALIST FOR BIOPSY & SYMPTOMATIC TREATMENT,Severe Dysplasia,
IrregularM1M2WhiteIrregularM1MarblewhiteDarkSNOYes MouthSmokingDorsumtongue,ORAL SQUAMOUS CELL CARCINOMA,TRAUMATICULCER & CARCINOMA IN SITU,REFER TO A SPECIALIST FOR BIOPSY & SYMPTOMATIC TREATMENT,Severe Dysplasia,
IrregularM1M2RedIrregularM1MNADDarkSNOYesHyesMixedareas,VERRUCOUSLEUKOPLAKIA,SPECKLEDLEUKOPLAKIA& CARCINOMA IN SITU,ADVISE SYMPTOMATIC TREATMENT  & TO STOP THE HABIT  & REFER TO A SPECIALIST  FOR BIOPSY,,
IrregularM1M2RedwhiteIrregularM1MNADDarkSNOYesHyesMixedareas,ORAL SQUAMOUS CELL CARCINOMA,SPECKLEDLEUKOPLAKIA& CARCINOMA IN SITU,ADVISE SYMPTOMATIC TREATMENT  & TO STOP THE HABIT  & REFER TO A SPECIALIST  FOR BIOPSY,,
,,,,,
,,,,,
IrregularM1L2WhiteGNADMNADDarkSNOYesHyesMixedareas,TRAUMATICULCER ,LEUKOPLAKIA,ADVISE SYMPTOMATIC TREATMENT  & TO STOP THE HABIT  & OBSERVE TWO WEEKS  & REFER TO A SPECIALIST  IF NO CHANGE IN TWO WEEKS,,
,,,,,
,,,,,
,,,,,
,,,,,
IrregularL1L2NADGNADMNADDarkSNOYesHyesBmucosa,SPECKLEDLEUKOPLAKIA,CANDIDIASIS & CARCINOMA IN SITU,ADVISE SYMPTOMATIC TREATMENT AND FOLLOW UP IS MUST & IF NO CHANGE AFTER 2 WEEKS & ADVISE BIOPSY ,,
IrregularL1L2NADGNADMNADPiNADSHARPYesHyesBmucosa,SPECKLEDLEUKOPLAKIA,TRAUMATICULCER & CARCINOMA IN SITU,ADVISE SYMPTOMATIC TREATMENT AND FOLLOW UP IS MUST & IF NO CHANGE AFTER 2 WEEKS & ADVISE BIOPSY ,,
IrregularL1L2NADGNADMNADDarkSNOYesHyesBmucosa,SPECKLEDLEUKOPLAKIA,CANDIDIASIS & CARCINOMA IN SITU,ADVISE SYMPTOMATIC TREATMENT AND FOLLOW UP IS MUST & IF NO CHANGE AFTER 2 WEEKS & ADVISE BIOPSY ,,
IrregularL1L2NADGNADMNADPiNADSHARPYesHyesBmucosa,SPECKLEDLEUKOPLAKIA,TRAUMATICULCER & CARCINOMA IN SITU,ADVISE SYMPTOMATIC TREATMENT AND FOLLOW UP IS MUST & IF NO CHANGE AFTER 2 WEEKS & ADVISE BIOPSY ,,
IrregularL1L2NADGNADMNADDarkSNOYesSmokingBmucosa,SPECKLEDLEUKOPLAKIA,CANDIDIASIS & CARCINOMA IN SITU,ADVISE SYMPTOMATIC TREATMENT AND FOLLOW UP IS MUST & IF NO CHANGE AFTER 2 WEEKS & ADVISE BIOPSY ,,
IrregularL1L2NADGNADMNADPiNADSHARPYesSmokingBmucosa,SPECKLEDLEUKOPLAKIA,TRAUMATICULCER & CARCINOMA IN SITU,ADVISE SYMPTOMATIC TREATMENT AND FOLLOW UP IS MUST & IF NO CHANGE AFTER 2 WEEKS & ADVISE BIOPSY ,,
IrregularL1L2NADGNADMNADDarkSNOYesSmokingBmucosa,SPECKLEDLEUKOPLAKIA,CANDIDIASIS & CARCINOMA IN SITU,ADVISE SYMPTOMATIC TREATMENT AND FOLLOW UP IS MUST & IF NO CHANGE AFTER 2 WEEKS & ADVISE BIOPSY ,,
IrregularL1L2NADGNADMNADPiNADSHARPYesSmokingBmucosa,SPECKLEDLEUKOPLAKIA,TRAUMATICULCER & CARCINOMA IN SITU,ADVISE SYMPTOMATIC TREATMENT AND FOLLOW UP IS MUST & IF NO CHANGE AFTER 2 WEEKS & ADVISE BIOPSY ,,
IrregularL1L2NADGNADMNADDarkSNOYesHyesMixedareas,SPECKLEDLEUKOPLAKIA,CANDIDIASIS & CARCINOMA IN SITU,ADVISE SYMPTOMATIC TREATMENT AND FOLLOW UP IS MUST & IF NO CHANGE AFTER 2 WEEKS & ADVISE BIOPSY ,,
IrregularL1L2NADGNADMNADPiNADSHARPYesHyesMixedareas,SPECKLEDLEUKOPLAKIA,TRAUMATICULCER & CARCINOMA IN SITU,ADVISE SYMPTOMATIC TREATMENT AND FOLLOW UP IS MUST & IF NO CHANGE AFTER 2 WEEKS & ADVISE BIOPSY ,,
IrregularL1L2NADGNADMNADDarkSNOYesHyesMixedareas,SPECKLEDLEUKOPLAKIA,CANDIDIASIS & CARCINOMA IN SITU,ADVISE SYMPTOMATIC TREATMENT AND FOLLOW UP IS MUST & IF NO CHANGE AFTER 2 WEEKS & ADVISE BIOPSY ,,
IrregularL1L2NADGNADMNADPiNADSHARPYesHyesMixedareas,SPECKLEDLEUKOPLAKIA,TRAUMATICULCER & CARCINOMA IN SITU,ADVISE SYMPTOMATIC TREATMENT AND FOLLOW UP IS MUST & IF NO CHANGE AFTER 2 WEEKS & ADVISE BIOPSY ,,
IrregularL1L2NADGNADMNADDarkSNOYesSmokingMixedareas,SPECKLEDLEUKOPLAKIA,CANDIDIASIS & CARCINOMA IN SITU,ADVISE SYMPTOMATIC TREATMENT AND FOLLOW UP IS MUST & IF NO CHANGE AFTER 2 WEEKS & ADVISE BIOPSY ,,
IrregularL1L2NADGNADMNADPiNADSHARPYesSmokingMixedareas,SPECKLEDLEUKOPLAKIA,TRAUMATICULCER & CARCINOMA IN SITU,ADVISE SYMPTOMATIC TREATMENT AND FOLLOW UP IS MUST & IF NO CHANGE AFTER 2 WEEKS & ADVISE BIOPSY ,,
IrregularL1L2NADGNADMNADDarkSNOYesSmokingMixedareas,SPECKLEDLEUKOPLAKIA,CANDIDIASIS & CARCINOMA IN SITU,ADVISE SYMPTOMATIC TREATMENT AND FOLLOW UP IS MUST & IF NO CHANGE AFTER 2 WEEKS & ADVISE BIOPSY ,,
IrregularL1L2NADGNADMNADPiNADSHARPYesSmokingMixedareas,SPECKLEDLEUKOPLAKIA,TRAUMATICULCER & CARCINOMA IN SITU,ADVISE SYMPTOMATIC TREATMENT AND FOLLOW UP IS MUST & IF NO CHANGE AFTER 2 WEEKS & ADVISE BIOPSY ,,
IrregularL1L2NADGNADMNADDarkSNOYesHyesBsulcus,SPECKLEDLEUKOPLAKIA,CANDIDIASIS & CARCINOMA IN SITU,ADVISE SYMPTOMATIC TREATMENT AND FOLLOW UP IS MUST & IF NO CHANGE AFTER 2 WEEKS & ADVISE BIOPSY ,,
IrregularL1L2NADGNADMNADPiNADSHARPYesHyesBsulcus,SPECKLEDLEUKOPLAKIA,TRAUMATICULCER & CARCINOMA IN SITU,ADVISE SYMPTOMATIC TREATMENT AND FOLLOW UP IS MUST & IF NO CHANGE AFTER 2 WEEKS & ADVISE BIOPSY ,,
IrregularL1L2NADGNADMNADDarkSNOYesHyesBsulcus,SPECKLEDLEUKOPLAKIA,CANDIDIASIS & CARCINOMA IN SITU,ADVISE SYMPTOMATIC TREATMENT AND FOLLOW UP IS MUST & IF NO CHANGE AFTER 2 WEEKS & ADVISE BIOPSY ,,
IrregularL1L2NADGNADMNADPiNADSHARPYesHyesBsulcus,SPECKLEDLEUKOPLAKIA,TRAUMATICULCER & CARCINOMA IN SITU,ADVISE SYMPTOMATIC TREATMENT AND FOLLOW UP IS MUST & IF NO CHANGE AFTER 2 WEEKS & ADVISE BIOPSY ,,
IrregularL1L2NADGNADMNADDarkSNOYesSmokingBsulcus,SPECKLEDLEUKOPLAKIA,CANDIDIASIS & CARCINOMA IN SITU,ADVISE SYMPTOMATIC TREATMENT AND FOLLOW UP IS MUST & IF NO CHANGE AFTER 2 WEEKS & ADVISE BIOPSY ,,
IrregularL1L2NADGNADMNADPiNADSHARPYesSmokingBsulcus,SPECKLEDLEUKOPLAKIA,TRAUMATICULCER & CARCINOMA IN SITU,ADVISE SYMPTOMATIC TREATMENT AND FOLLOW UP IS MUST & IF NO CHANGE AFTER 2 WEEKS & ADVISE BIOPSY ,,
IrregularL1L2NADGNADMNADDarkSNOYesSmokingBsulcus,SPECKLEDLEUKOPLAKIA,CANDIDIASIS & CARCINOMA IN SITU,ADVISE SYMPTOMATIC TREATMENT AND FOLLOW UP IS MUST & IF NO CHANGE AFTER 2 WEEKS & ADVISE BIOPSY ,,
IrregularL1L2NADGNADMNADPiNADSHARPYesSmokingBsulcus,SPECKLEDLEUKOPLAKIA,TRAUMATICULCER & CARCINOMA IN SITU,ADVISE SYMPTOMATIC TREATMENT AND FOLLOW UP IS MUST & IF NO CHANGE AFTER 2 WEEKS & ADVISE BIOPSY ,,
IrregularL1L2NADGNADMNADDarkSNOYesHyesPalate,SPECKLEDLEUKOPLAKIA,CANDIDIASIS & CARCINOMA IN SITU,ADVISE SYMPTOMATIC TREATMENT AND FOLLOW UP IS MUST & IF NO CHANGE AFTER 2 WEEKS & ADVISE BIOPSY ,,
IrregularL1L2NADGNADMNADPiNADSHARPYesHyesPalate,SPECKLEDLEUKOPLAKIA,TRAUMATICULCER & CARCINOMA IN SITU,ADVISE SYMPTOMATIC TREATMENT AND FOLLOW UP IS MUST & IF NO CHANGE AFTER 2 WEEKS & ADVISE BIOPSY ,,
IrregularL1L2NADGNADMNADDarkSNOYesHyesPalate,SPECKLEDLEUKOPLAKIA,CANDIDIASIS & CARCINOMA IN SITU,ADVISE SYMPTOMATIC TREATMENT AND FOLLOW UP IS MUST & IF NO CHANGE AFTER 2 WEEKS & ADVISE BIOPSY ,,
IrregularL1L2NADGNADMNADPiNADSHARPYesHyesPalate,SPECKLEDLEUKOPLAKIA,TRAUMATICULCER & CARCINOMA IN SITU,ADVISE SYMPTOMATIC TREATMENT AND FOLLOW UP IS MUST & IF NO CHANGE AFTER 2 WEEKS & ADVISE BIOPSY ,,
IrregularL1L2NADGNADMNADDarkSNOYesSmokingPalate,SPECKLEDLEUKOPLAKIA,CANDIDIASIS & CARCINOMA IN SITU,ADVISE SYMPTOMATIC TREATMENT AND FOLLOW UP IS MUST & IF NO CHANGE AFTER 2 WEEKS & ADVISE BIOPSY ,,
IrregularL1L2NADGNADMNADPiNADSHARPYesSmokingPalate,SPECKLEDLEUKOPLAKIA,TRAUMATICULCER & CARCINOMA IN SITU,ADVISE SYMPTOMATIC TREATMENT AND FOLLOW UP IS MUST & IF NO CHANGE AFTER 2 WEEKS & ADVISE BIOPSY ,,
IrregularL1L2NADGNADMNADDarkSNOYesSmokingPalate,SPECKLEDLEUKOPLAKIA,CANDIDIASIS & CARCINOMA IN SITU,ADVISE SYMPTOMATIC TREATMENT AND FOLLOW UP IS MUST & IF NO CHANGE AFTER 2 WEEKS & ADVISE BIOPSY ,,
IrregularL1L2NADGNADMNADPiNADSHARPYesSmokingPalate,SPECKLEDLEUKOPLAKIA,TRAUMATICULCER & CARCINOMA IN SITU,ADVISE SYMPTOMATIC TREATMENT AND FOLLOW UP IS MUST & IF NO CHANGE AFTER 2 WEEKS & ADVISE BIOPSY ,,
IrregularL1L2NADGNADMNADDarkSNOYesHyesDorsumtongue,SPECKLEDLEUKOPLAKIA,CANDIDIASIS & CARCINOMA IN SITU,ADVISE SYMPTOMATIC TREATMENT AND FOLLOW UP IS MUST & IF NO CHANGE AFTER 2 WEEKS & ADVISE BIOPSY ,,
IrregularL1L2NADGNADMNADPiNADSHARPYesHyesDorsumtongue,SPECKLEDLEUKOPLAKIA,TRAUMATICULCER & CARCINOMA IN SITU,ADVISE SYMPTOMATIC TREATMENT AND FOLLOW UP IS MUST & IF NO CHANGE AFTER 2 WEEKS & ADVISE BIOPSY ,,
IrregularL1L2NADGNADMNADDarkSNOYesHyesDorsumtongue,SPECKLEDLEUKOPLAKIA,CANDIDIASIS & CARCINOMA IN SITU,ADVISE SYMPTOMATIC TREATMENT AND FOLLOW UP IS MUST & IF NO CHANGE AFTER 2 WEEKS & ADVISE BIOPSY ,,
IrregularL1L2NADGNADMNADPiNADSHARPYesHyesDorsumtongue,SPECKLEDLEUKOPLAKIA,TRAUMATICULCER & CARCINOMA IN SITU,ADVISE SYMPTOMATIC TREATMENT AND FOLLOW UP IS MUST & IF NO CHANGE AFTER 2 WEEKS & ADVISE BIOPSY ,,
IrregularL1L2NADGNADMNADDarkSNOYesSmokingDorsumtongue,SPECKLEDLEUKOPLAKIA,CANDIDIASIS & CARCINOMA IN SITU,ADVISE SYMPTOMATIC TREATMENT AND FOLLOW UP IS MUST & IF NO CHANGE AFTER 2 WEEKS & ADVISE BIOPSY ,,
IrregularL1L2NADGNADMNADPiNADSHARPYesSmokingDorsumtongue,SPECKLEDLEUKOPLAKIA,TRAUMATICULCER & CARCINOMA IN SITU,ADVISE SYMPTOMATIC TREATMENT AND FOLLOW UP IS MUST & IF NO CHANGE AFTER 2 WEEKS & ADVISE BIOPSY ,,
IrregularL1L2NADGNADMNADDarkSNOYesSmokingDorsumtongue,SPECKLEDLEUKOPLAKIA,CANDIDIASIS & CARCINOMA IN SITU,ADVISE SYMPTOMATIC TREATMENT AND FOLLOW UP IS MUST & IF NO CHANGE AFTER 2 WEEKS & ADVISE BIOPSY ,,
IrregularL1L2NADGNADMNADPiNADSHARPYesSmokingDorsumtongue,SPECKLEDLEUKOPLAKIA,TRAUMATICULCER & CARCINOMA IN SITU,ADVISE SYMPTOMATIC TREATMENT AND FOLLOW UP IS MUST & IF NO CHANGE AFTER 2 WEEKS & ADVISE BIOPSY ,,
IrregularL1L2NADGNADMNADDarkSNONoHyesBmucosa,SPECKLEDLEUKOPLAKIA,CANDIDIASIS & CARCINOMA IN SITU,ADVISE SYMPTOMATIC TREATMENT AND FOLLOW UP IS MUST & IF NO CHANGE AFTER 2 WEEKS & ADVISE BIOPSY ,,
IrregularL1L2NADGNADMNADPiNADSHARPNoHyesBmucosa,SPECKLEDLEUKOPLAKIA,TRAUMATICULCER & CARCINOMA IN SITU,ADVISE SYMPTOMATIC TREATMENT AND FOLLOW UP IS MUST & IF NO CHANGE AFTER 2 WEEKS & ADVISE BIOPSY ,,
IrregularL1L2NADGNADMNADDarkSNONoHyesBmucosa,SPECKLEDLEUKOPLAKIA,CANDIDIASIS & CARCINOMA IN SITU,ADVISE SYMPTOMATIC TREATMENT AND FOLLOW UP IS MUST & IF NO CHANGE AFTER 2 WEEKS & ADVISE BIOPSY ,,
IrregularL1L2NADGNADMNADPiNADSHARPNoHyesBmucosa,SPECKLEDLEUKOPLAKIA,TRAUMATICULCER & CARCINOMA IN SITU,ADVISE SYMPTOMATIC TREATMENT AND FOLLOW UP IS MUST & IF NO CHANGE AFTER 2 WEEKS & ADVISE BIOPSY ,,
IrregularL1L2NADGNADMNADDarkSNONoSmokingBmucosa,SPECKLEDLEUKOPLAKIA,CANDIDIASIS & CARCINOMA IN SITU,ADVISE SYMPTOMATIC TREATMENT AND FOLLOW UP IS MUST & IF NO CHANGE AFTER 2 WEEKS & ADVISE BIOPSY ,,
IrregularL1L2NADGNADMNADPiNADSHARPNoSmokingBmucosa,SPECKLEDLEUKOPLAKIA,TRAUMATICULCER & CARCINOMA IN SITU,ADVISE SYMPTOMATIC TREATMENT AND FOLLOW UP IS MUST & IF NO CHANGE AFTER 2 WEEKS & ADVISE BIOPSY ,,
IrregularL1L2NADGNADMNADDarkSNONoSmokingBmucosa,SPECKLEDLEUKOPLAKIA,CANDIDIASIS & CARCINOMA IN SITU,ADVISE SYMPTOMATIC TREATMENT AND FOLLOW UP IS MUST & IF NO CHANGE AFTER 2 WEEKS & ADVISE BIOPSY ,,
IrregularL1L2NADGNADMNADPiNADSHARPNoSmokingBmucosa,SPECKLEDLEUKOPLAKIA,TRAUMATICULCER & CARCINOMA IN SITU,ADVISE SYMPTOMATIC TREATMENT AND FOLLOW UP IS MUST & IF NO CHANGE AFTER 2 WEEKS & ADVISE BIOPSY ,,
IrregularL1L2NADGNADMNADDarkSNONoHyesMixedareas,SPECKLEDLEUKOPLAKIA,CANDIDIASIS & CARCINOMA IN SITU,ADVISE SYMPTOMATIC TREATMENT AND FOLLOW UP IS MUST & IF NO CHANGE AFTER 2 WEEKS & ADVISE BIOPSY ,,
IrregularL1L2NADGNADMNADPiNADSHARPNoHyesMixedareas,SPECKLEDLEUKOPLAKIA,TRAUMATICULCER & CARCINOMA IN SITU,ADVISE SYMPTOMATIC TREATMENT AND FOLLOW UP IS MUST & IF NO CHANGE AFTER 2 WEEKS & ADVISE BIOPSY ,,
IrregularL1L2NADGNADMNADDarkSNONoHyesMixedareas,SPECKLEDLEUKOPLAKIA,CANDIDIASIS & CARCINOMA IN SITU,ADVISE SYMPTOMATIC TREATMENT AND FOLLOW UP IS MUST & IF NO CHANGE AFTER 2 WEEKS & ADVISE BIOPSY ,,
IrregularL1L2NADGNADMNADPiNADSHARPNoHyesMixedareas,SPECKLEDLEUKOPLAKIA,TRAUMATICULCER & CARCINOMA IN SITU,ADVISE SYMPTOMATIC TREATMENT AND FOLLOW UP IS MUST & IF NO CHANGE AFTER 2 WEEKS & ADVISE BIOPSY ,,
IrregularL1L2NADGNADMNADDarkSNONoSmokingMixedareas,SPECKLEDLEUKOPLAKIA,CANDIDIASIS & CARCINOMA IN SITU,ADVISE SYMPTOMATIC TREATMENT AND FOLLOW UP IS MUST & IF NO CHANGE AFTER 2 WEEKS & ADVISE BIOPSY ,,
IrregularL1L2NADGNADMNADPiNADSHARPNoSmokingMixedareas,SPECKLEDLEUKOPLAKIA,TRAUMATICULCER & CARCINOMA IN SITU,ADVISE SYMPTOMATIC TREATMENT AND FOLLOW UP IS MUST & IF NO CHANGE AFTER 2 WEEKS & ADVISE BIOPSY ,,
IrregularL1L2NADGNADMNADDarkSNONoSmokingMixedareas,SPECKLEDLEUKOPLAKIA,CANDIDIASIS & CARCINOMA IN SITU,ADVISE SYMPTOMATIC TREATMENT AND FOLLOW UP IS MUST & IF NO CHANGE AFTER 2 WEEKS & ADVISE BIOPSY ,,
IrregularL1L2NADGNADMNADPiNADSHARPNoSmokingMixedareas,SPECKLEDLEUKOPLAKIA,TRAUMATICULCER & CARCINOMA IN SITU,ADVISE SYMPTOMATIC TREATMENT AND FOLLOW UP IS MUST & IF NO CHANGE AFTER 2 WEEKS & ADVISE BIOPSY ,,
IrregularL1L2NADGNADMNADDarkSNONoHyesBsulcus,SPECKLEDLEUKOPLAKIA,CANDIDIASIS & CARCINOMA IN SITU,ADVISE SYMPTOMATIC TREATMENT AND FOLLOW UP IS MUST & IF NO CHANGE AFTER 2 WEEKS & ADVISE BIOPSY ,,
IrregularL1L2NADGNADMNADPiNADSHARPNoHyesBsulcus,SPECKLEDLEUKOPLAKIA,TRAUMATICULCER & CARCINOMA IN SITU,ADVISE SYMPTOMATIC TREATMENT AND FOLLOW UP IS MUST & IF NO CHANGE AFTER 2 WEEKS & ADVISE BIOPSY ,,
IrregularL1L2NADGNADMNADDarkSNONoHyesBsulcus,SPECKLEDLEUKOPLAKIA,CANDIDIASIS & CARCINOMA IN SITU,ADVISE SYMPTOMATIC TREATMENT AND FOLLOW UP IS MUST & IF NO CHANGE AFTER 2 WEEKS & ADVISE BIOPSY ,,
IrregularL1L2NADGNADMNADPiNADSHARPNoHyesBsulcus,SPECKLEDLEUKOPLAKIA,TRAUMATICULCER & CARCINOMA IN SITU,ADVISE SYMPTOMATIC TREATMENT AND FOLLOW UP IS MUST & IF NO CHANGE AFTER 2 WEEKS & ADVISE BIOPSY ,,
IrregularL1L2NADGNADMNADDarkSNONoSmokingBsulcus,SPECKLEDLEUKOPLAKIA,CANDIDIASIS & CARCINOMA IN SITU,ADVISE SYMPTOMATIC TREATMENT AND FOLLOW UP IS MUST & IF NO CHANGE AFTER 2 WEEKS & ADVISE BIOPSY ,,
IrregularL1L2NADGNADMNADPiNADSHARPNoSmokingBsulcus,SPECKLEDLEUKOPLAKIA,TRAUMATICULCER & CARCINOMA IN SITU,ADVISE SYMPTOMATIC TREATMENT AND FOLLOW UP IS MUST & IF NO CHANGE AFTER 2 WEEKS & ADVISE BIOPSY ,,
IrregularL1L2NADGNADMNADDarkSNONoSmokingBsulcus,SPECKLEDLEUKOPLAKIA,CANDIDIASIS & CARCINOMA IN SITU,ADVISE SYMPTOMATIC TREATMENT AND FOLLOW UP IS MUST & IF NO CHANGE AFTER 2 WEEKS & ADVISE BIOPSY ,,
IrregularL1L2NADGNADMNADPiNADSHARPNoSmokingBsulcus,SPECKLEDLEUKOPLAKIA,TRAUMATICULCER & CARCINOMA IN SITU,ADVISE SYMPTOMATIC TREATMENT AND FOLLOW UP IS MUST & IF NO CHANGE AFTER 2 WEEKS & ADVISE BIOPSY ,,
IrregularL1L2NADGNADMNADDarkSNONoHyesPalate,SPECKLEDLEUKOPLAKIA,CANDIDIASIS & CARCINOMA IN SITU,ADVISE SYMPTOMATIC TREATMENT AND FOLLOW UP IS MUST & IF NO CHANGE AFTER 2 WEEKS & ADVISE BIOPSY ,,
IrregularL1L2NADGNADMNADPiNADSHARPNoHyesPalate,SPECKLEDLEUKOPLAKIA,TRAUMATICULCER & CARCINOMA IN SITU,ADVISE SYMPTOMATIC TREATMENT AND FOLLOW UP IS MUST & IF NO CHANGE AFTER 2 WEEKS & ADVISE BIOPSY ,,
IrregularL1L2NADGNADMNADDarkSNONoHyesPalate,SPECKLEDLEUKOPLAKIA,CANDIDIASIS & CARCINOMA IN SITU,ADVISE SYMPTOMATIC TREATMENT AND FOLLOW UP IS MUST & IF NO CHANGE AFTER 2 WEEKS & ADVISE BIOPSY ,,
IrregularL1L2NADGNADMNADPiNADSHARPNoHyesPalate,SPECKLEDLEUKOPLAKIA,TRAUMATICULCER & CARCINOMA IN SITU,ADVISE SYMPTOMATIC TREATMENT AND FOLLOW UP IS MUST & IF NO CHANGE AFTER 2 WEEKS & ADVISE BIOPSY ,,
IrregularL1L2NADGNADMNADDarkSNONoSmokingPalate,SPECKLEDLEUKOPLAKIA,CANDIDIASIS & CARCINOMA IN SITU,ADVISE SYMPTOMATIC TREATMENT AND FOLLOW UP IS MUST & IF NO CHANGE AFTER 2 WEEKS & ADVISE BIOPSY ,,
IrregularL1L2NADGNADMNADPiNADSHARPNoSmokingPalate,SPECKLEDLEUKOPLAKIA,TRAUMATICULCER & CARCINOMA IN SITU,ADVISE SYMPTOMATIC TREATMENT AND FOLLOW UP IS MUST & IF NO CHANGE AFTER 2 WEEKS & ADVISE BIOPSY ,,
IrregularL1L2NADGNADMNADDarkSNONoSmokingPalate,SPECKLEDLEUKOPLAKIA,CANDIDIASIS & CARCINOMA IN SITU,ADVISE SYMPTOMATIC TREATMENT AND FOLLOW UP IS MUST & IF NO CHANGE AFTER 2 WEEKS & ADVISE BIOPSY ,,
IrregularL1L2NADGNADMNADPiNADSHARPNoSmokingPalate,SPECKLEDLEUKOPLAKIA,TRAUMATICULCER & CARCINOMA IN SITU,ADVISE SYMPTOMATIC TREATMENT AND FOLLOW UP IS MUST & IF NO CHANGE AFTER 2 WEEKS & ADVISE BIOPSY ,,
IrregularL1L2NADGNADMNADDarkSNONoHyesDorsumtongue,SPECKLEDLEUKOPLAKIA,CANDIDIASIS & CARCINOMA IN SITU,ADVISE SYMPTOMATIC TREATMENT AND FOLLOW UP IS MUST & IF NO CHANGE AFTER 2 WEEKS & ADVISE BIOPSY ,,
IrregularL1L2NADGNADMNADPiNADSHARPNoHyesDorsumtongue,SPECKLEDLEUKOPLAKIA,TRAUMATICULCER & CARCINOMA IN SITU,ADVISE SYMPTOMATIC TREATMENT AND FOLLOW UP IS MUST & IF NO CHANGE AFTER 2 WEEKS & ADVISE BIOPSY ,,
IrregularL1L2NADGNADMNADDarkSNONoHyesDorsumtongue,SPECKLEDLEUKOPLAKIA,CANDIDIASIS & CARCINOMA IN SITU,ADVISE SYMPTOMATIC TREATMENT AND FOLLOW UP IS MUST & IF NO CHANGE AFTER 2 WEEKS & ADVISE BIOPSY ,,
IrregularL1L2NADGNADMNADPiNADSHARPNoHyesDorsumtongue,SPECKLEDLEUKOPLAKIA,TRAUMATICULCER & CARCINOMA IN SITU,ADVISE SYMPTOMATIC TREATMENT AND FOLLOW UP IS MUST & IF NO CHANGE AFTER 2 WEEKS & ADVISE BIOPSY ,,
IrregularL1L2NADGNADMNADDarkSNONoSmokingDorsumtongue,SPECKLEDLEUKOPLAKIA,CANDIDIASIS & CARCINOMA IN SITU,ADVISE SYMPTOMATIC TREATMENT AND FOLLOW UP IS MUST & IF NO CHANGE AFTER 2 WEEKS & ADVISE BIOPSY ,,
IrregularL1L2NADGNADMNADPiNADSHARPNoSmokingDorsumtongue,SPECKLEDLEUKOPLAKIA,TRAUMATICULCER & CARCINOMA IN SITU,ADVISE SYMPTOMATIC TREATMENT AND FOLLOW UP IS MUST & IF NO CHANGE AFTER 2 WEEKS & ADVISE BIOPSY ,,
IrregularL1L2NADGNADMNADDarkSNONoSmokingDorsumtongue,SPECKLEDLEUKOPLAKIA,CANDIDIASIS & CARCINOMA IN SITU,ADVISE SYMPTOMATIC TREATMENT AND FOLLOW UP IS MUST & IF NO CHANGE AFTER 2 WEEKS & ADVISE BIOPSY ,,
IrregularL1L2NADGNADMNADPiNADSHARPNoSmokingDorsumtongue,SPECKLEDLEUKOPLAKIA,TRAUMATICULCER & CARCINOMA IN SITU,ADVISE SYMPTOMATIC TREATMENT AND FOLLOW UP IS MUST & IF NO CHANGE AFTER 2 WEEKS & ADVISE BIOPSY ,,
,,,,,
,,,,,
,,,,,
,,,,,
,,,,,
,,,,,
IrregularL1M2NADGNADMNADPiNADSNOYesHyesBmucosa,SPECKLEDLEUKOPLAKIA,ORAL SQUAMOUS CELL CARCINOMA & CARCINOMA IN SITU,ADVISE SYMPTOMATIC TREATMENT AND TO STOP THE HABIT & FOLLOW UP IS MUST & REFER TO SPECIALIST FOR BIOPSY,,
IrregularL1M2NADGNADMNADDarkSNOYesHyesBmucosa,SPECKLEDLEUKOPLAKIA,ORAL SQUAMOUS CELL CARCINOMA & CARCINOMA IN SITU,ADVISE SYMPTOMATIC TREATMENT AND TO STOP THE HABIT & FOLLOW UP IS MUST & REFER TO SPECIALIST FOR BIOPSY,,
IrregularL1M2NADGNADMNADPiNADSharpYesHyesBmucosa,SPECKLEDLEUKOPLAKIA,TRAUMATICULCER & CARCINOMA IN SITU,ADVISE SYMPTOMATIC TREATMENT AND TO STOP THE HABIT & FOLLOW UP IS MUST & REFER TO SPECIALIST FOR BIOPSY,,
IrregularL1M2NADGNADMNADDarkSharpYesHyesBmucosa,SPECKLEDLEUKOPLAKIA,TRAUMATICULCER & CARCINOMA IN SITU,ADVISE SYMPTOMATIC TREATMENT AND TO STOP THE HABIT & FOLLOW UP IS MUST & REFER TO SPECIALIST FOR BIOPSY,,
IrregularL1M2NADGNADMNADPiNADSNOYesSmokingBmucosa,SPECKLEDLEUKOPLAKIA,ORAL SQUAMOUS CELL CARCINOMA & CARCINOMA IN SITU ,ADVISE SYMPTOMATIC TREATMENT AND TO STOP THE HABIT & FOLLOW UP IS MUST & REFER TO SPECIALIST FOR BIOPSY,,
IrregularL1M2NADGNADMNADDarkSNOYesSmokingBmucosa,SPECKLEDLEUKOPLAKIA,ORAL SQUAMOUS CELL CARCINOMA & CARCINOMA IN SITU ,ADVISE SYMPTOMATIC TREATMENT AND TO STOP THE HABIT & FOLLOW UP IS MUST & REFER TO SPECIALIST FOR BIOPSY,,
IrregularL1M2NADGNADMNADPiNADSharpYesSmokingBmucosa,SPECKLEDLEUKOPLAKIA,TRAUMATICULCER & CARCINOMA IN SITU,ADVISE SYMPTOMATIC TREATMENT AND TO STOP THE HABIT & FOLLOW UP IS MUST & REFER TO SPECIALIST FOR BIOPSY,,
IrregularL1M2NADGNADMNADDarkSharpYesSmokingBmucosa,SPECKLEDLEUKOPLAKIA,TRAUMATICULCER & CARCINOMA IN SITU,ADVISE SYMPTOMATIC TREATMENT AND TO STOP THE HABIT & FOLLOW UP IS MUST & REFER TO SPECIALIST FOR BIOPSY,,
IrregularL1M2NADGNADMNADPiNADSNOYesHyesMixedareas,SPECKLEDLEUKOPLAKIA,ORAL SQUAMOUS CELL CARCINOMA & CARCINOMA IN SITU ,ADVISE SYMPTOMATIC TREATMENT AND TO STOP THE HABIT & FOLLOW UP IS MUST & REFER TO SPECIALIST FOR BIOPSY,,
IrregularL1M2NADGNADMNADDarkSNOYesHyesMixedareas,SPECKLEDLEUKOPLAKIA,ORAL SQUAMOUS CELL CARCINOMA & CARCINOMA IN SITU ,ADVISE SYMPTOMATIC TREATMENT AND TO STOP THE HABIT & FOLLOW UP IS MUST & REFER TO SPECIALIST FOR BIOPSY,,
IrregularL1M2NADGNADMNADPiNADSharpYesHyesMixedareas,SPECKLEDLEUKOPLAKIA,TRAUMATICULCER & CARCINOMA IN SITU,ADVISE SYMPTOMATIC TREATMENT AND TO STOP THE HABIT & FOLLOW UP IS MUST & REFER TO SPECIALIST FOR BIOPSY,,
IrregularL1M2NADGNADMNADDarkSharpYesHyesMixedareas,SPECKLEDLEUKOPLAKIA,TRAUMATICULCER & CARCINOMA IN SITU,ADVISE SYMPTOMATIC TREATMENT AND TO STOP THE HABIT & FOLLOW UP IS MUST & REFER TO SPECIALIST FOR BIOPSY,,
IrregularL1M2NADGNADMNADPiNADSNOYesSmokingMixedareas,SPECKLEDLEUKOPLAKIA,ORAL SQUAMOUS CELL CARCINOMA & CARCINOMA IN SITU ,ADVISE SYMPTOMATIC TREATMENT AND TO STOP THE HABIT & FOLLOW UP IS MUST & REFER TO SPECIALIST FOR BIOPSY,,
IrregularL1M2NADGNADMNADDarkSNOYesSmokingMixedareas,SPECKLEDLEUKOPLAKIA,ORAL SQUAMOUS CELL CARCINOMA & CARCINOMA IN SITU ,ADVISE SYMPTOMATIC TREATMENT AND TO STOP THE HABIT & FOLLOW UP IS MUST & REFER TO SPECIALIST FOR BIOPSY,,
IrregularL1M2NADGNADMNADPiNADSharpYesSmokingMixedareas,SPECKLEDLEUKOPLAKIA,TRAUMATICULCER & CARCINOMA IN SITU,ADVISE SYMPTOMATIC TREATMENT AND TO STOP THE HABIT & FOLLOW UP IS MUST & REFER TO SPECIALIST FOR BIOPSY,,
IrregularL1M2NADGNADMNADDarkSharpYesSmokingMixedareas,SPECKLEDLEUKOPLAKIA,TRAUMATICULCER & CARCINOMA IN SITU,ADVISE SYMPTOMATIC TREATMENT AND TO STOP THE HABIT & FOLLOW UP IS MUST & REFER TO SPECIALIST FOR BIOPSY,,
IrregularL1M2NADGNADMNADPiNADSNOYesHyesBsulcus,SPECKLEDLEUKOPLAKIA,ORAL SQUAMOUS CELL CARCINOMA & CARCINOMA IN SITU ,ADVISE SYMPTOMATIC TREATMENT AND TO STOP THE HABIT & FOLLOW UP IS MUST & REFER TO SPECIALIST FOR BIOPSY,,
IrregularL1M2NADGNADMNADDarkSNOYesHyesBsulcus,SPECKLEDLEUKOPLAKIA,ORAL SQUAMOUS CELL CARCINOMA & CARCINOMA IN SITU ,ADVISE SYMPTOMATIC TREATMENT AND TO STOP THE HABIT & FOLLOW UP IS MUST & REFER TO SPECIALIST FOR BIOPSY,,
IrregularL1M2NADGNADMNADPiNADSharpYesHyesBsulcus,SPECKLEDLEUKOPLAKIA,TRAUMATICULCER & CARCINOMA IN SITU,ADVISE SYMPTOMATIC TREATMENT AND TO STOP THE HABIT & FOLLOW UP IS MUST & REFER TO SPECIALIST FOR BIOPSY,,
IrregularL1M2NADGNADMNADDarkSharpYesHyesBsulcus,SPECKLEDLEUKOPLAKIA,TRAUMATICULCER & CARCINOMA IN SITU,ADVISE SYMPTOMATIC TREATMENT AND TO STOP THE HABIT & FOLLOW UP IS MUST & REFER TO SPECIALIST FOR BIOPSY,,
IrregularL1M2NADGNADMNADPiNADSNOYesSmokingBsulcus,SPECKLEDLEUKOPLAKIA,ORAL SQUAMOUS CELL CARCINOMA & CARCINOMA IN SITU ,ADVISE SYMPTOMATIC TREATMENT AND TO STOP THE HABIT & FOLLOW UP IS MUST & REFER TO SPECIALIST FOR BIOPSY,,
IrregularL1M2NADGNADMNADDarkSNOYesSmokingBsulcus,SPECKLEDLEUKOPLAKIA,ORAL SQUAMOUS CELL CARCINOMA & CARCINOMA IN SITU ,ADVISE SYMPTOMATIC TREATMENT AND TO STOP THE HABIT & FOLLOW UP IS MUST & REFER TO SPECIALIST FOR BIOPSY,,
IrregularL1M2NADGNADMNADPiNADSharpYesSmokingBsulcus,SPECKLEDLEUKOPLAKIA,TRAUMATICULCER & CARCINOMA IN SITU,ADVISE SYMPTOMATIC TREATMENT AND TO STOP THE HABIT & FOLLOW UP IS MUST & REFER TO SPECIALIST FOR BIOPSY,,
IrregularL1M2NADGNADMNADDarkSharpYesSmokingBsulcus,SPECKLEDLEUKOPLAKIA,TRAUMATICULCER & CARCINOMA IN SITU,ADVISE SYMPTOMATIC TREATMENT AND TO STOP THE HABIT & FOLLOW UP IS MUST & REFER TO SPECIALIST FOR BIOPSY,,
IrregularL1M2NADGNADMNADPiNADSNOYesHyesPalate,SPECKLEDLEUKOPLAKIA,ORAL SQUAMOUS CELL CARCINOMA & CARCINOMA IN SITU ,ADVISE SYMPTOMATIC TREATMENT AND TO STOP THE HABIT & FOLLOW UP IS MUST & REFER TO SPECIALIST FOR BIOPSY,,
IrregularL1M2NADGNADMNADDarkSNOYesHyesPalate,SPECKLEDLEUKOPLAKIA,ORAL SQUAMOUS CELL CARCINOMA & CARCINOMA IN SITU ,ADVISE SYMPTOMATIC TREATMENT AND TO STOP THE HABIT & FOLLOW UP IS MUST & REFER TO SPECIALIST FOR BIOPSY,,
IrregularL1M2NADGNADMNADPiNADSharpYesHyesPalate,SPECKLEDLEUKOPLAKIA,TRAUMATICULCER & CARCINOMA IN SITU,ADVISE SYMPTOMATIC TREATMENT AND TO STOP THE HABIT & FOLLOW UP IS MUST & REFER TO SPECIALIST FOR BIOPSY,,
IrregularL1M2NADGNADMNADDarkSharpYesHyesPalate,SPECKLEDLEUKOPLAKIA,TRAUMATICULCER & CARCINOMA IN SITU,ADVISE SYMPTOMATIC TREATMENT AND TO STOP THE HABIT & FOLLOW UP IS MUST & REFER TO SPECIALIST FOR BIOPSY,,
IrregularL1M2NADGNADMNADPiNADSNOYesSmokingPalate,SPECKLEDLEUKOPLAKIA,ORAL SQUAMOUS CELL CARCINOMA & CARCINOMA IN SITU ,ADVISE SYMPTOMATIC TREATMENT AND TO STOP THE HABIT & FOLLOW UP IS MUST & REFER TO SPECIALIST FOR BIOPSY,,
IrregularL1M2NADGNADMNADDarkSNOYesSmokingPalate,SPECKLEDLEUKOPLAKIA,ORAL SQUAMOUS CELL CARCINOMA & CARCINOMA IN SITU ,ADVISE SYMPTOMATIC TREATMENT AND TO STOP THE HABIT & FOLLOW UP IS MUST & REFER TO SPECIALIST FOR BIOPSY,,
IrregularL1M2NADGNADMNADPiNADSharpYesSmokingPalate,SPECKLEDLEUKOPLAKIA,TRAUMATICULCER & CARCINOMA IN SITU,ADVISE SYMPTOMATIC TREATMENT AND TO STOP THE HABIT & FOLLOW UP IS MUST & REFER TO SPECIALIST FOR BIOPSY,,
IrregularL1M2NADGNADMNADDarkSharpYesSmokingPalate,SPECKLEDLEUKOPLAKIA,TRAUMATICULCER & CARCINOMA IN SITU,ADVISE SYMPTOMATIC TREATMENT AND TO STOP THE HABIT & FOLLOW UP IS MUST & REFER TO SPECIALIST FOR BIOPSY,,
IrregularL1M2NADGNADMNADPiNADSNOYesHyesDorsumtongue,SPECKLEDLEUKOPLAKIA,ORAL SQUAMOUS CELL CARCINOMA & CARCINOMA IN SITU ,ADVISE SYMPTOMATIC TREATMENT AND TO STOP THE HABIT & FOLLOW UP IS MUST & REFER TO SPECIALIST FOR BIOPSY,,
IrregularL1M2NADGNADMNADDarkSNOYesHyesDorsumtongue,SPECKLEDLEUKOPLAKIA,ORAL SQUAMOUS CELL CARCINOMA & CARCINOMA IN SITU ,ADVISE SYMPTOMATIC TREATMENT AND TO STOP THE HABIT & FOLLOW UP IS MUST & REFER TO SPECIALIST FOR BIOPSY,,
IrregularL1M2NADGNADMNADPiNADSharpYesHyesDorsumtongue,SPECKLEDLEUKOPLAKIA,TRAUMATICULCER & CARCINOMA IN SITU,ADVISE SYMPTOMATIC TREATMENT AND TO STOP THE HABIT & FOLLOW UP IS MUST & REFER TO SPECIALIST FOR BIOPSY,,
IrregularL1M2NADGNADMNADDarkSharpYesHyesDorsumtongue,SPECKLEDLEUKOPLAKIA,TRAUMATICULCER & CARCINOMA IN SITU,ADVISE SYMPTOMATIC TREATMENT AND TO STOP THE HABIT & FOLLOW UP IS MUST & REFER TO SPECIALIST FOR BIOPSY,,
IrregularL1M2NADGNADMNADPiNADSNOYesSmokingDorsumtongue,SPECKLEDLEUKOPLAKIA,ORAL SQUAMOUS CELL CARCINOMA & CARCINOMA IN SITU ,ADVISE SYMPTOMATIC TREATMENT AND TO STOP THE HABIT & FOLLOW UP IS MUST & REFER TO SPECIALIST FOR BIOPSY,,
IrregularL1M2NADGNADMNADDarkSNOYesSmokingDorsumtongue,SPECKLEDLEUKOPLAKIA,ORAL SQUAMOUS CELL CARCINOMA & CARCINOMA IN SITU ,ADVISE SYMPTOMATIC TREATMENT AND TO STOP THE HABIT & FOLLOW UP IS MUST & REFER TO SPECIALIST FOR BIOPSY,,
IrregularL1M2NADGNADMNADPiNADSharpYesSmokingDorsumtongue,SPECKLEDLEUKOPLAKIA,TRAUMATICULCER & CARCINOMA IN SITU,ADVISE SYMPTOMATIC TREATMENT AND TO STOP THE HABIT & FOLLOW UP IS MUST & REFER TO SPECIALIST FOR BIOPSY,,
IrregularL1M2NADGNADMNADDarkSharpYesSmokingDorsumtongue,SPECKLEDLEUKOPLAKIA,TRAUMATICULCER & CARCINOMA IN SITU,ADVISE SYMPTOMATIC TREATMENT AND TO STOP THE HABIT & FOLLOW UP IS MUST & REFER TO SPECIALIST FOR BIOPSY,,
IrregularL1M2NADIrregularM1MarblewhitePiNADSharpYes MouthHyesMixedareas,ORAL SQUAMOUS CELL CARCINOMA,TRAUMATICULCER & CARCINOMA IN SITU,REFER TO A SPECIALIST FOR BIOPSY & SYMPTOMATIC TREATMENT,Severe Dysplasia,
IrregularL1M2NADIrregularM1MarblewhiteDarkSharpYes MouthHyesMixedareas,ORAL SQUAMOUS CELL CARCINOMA,TRAUMATICULCER & CARCINOMA IN SITU,REFER TO A SPECIALIST FOR BIOPSY & SYMPTOMATIC TREATMENT,Severe Dysplasia,
IrregularL1M2NADIrregularM1MarblewhitePiNADSNOYes MouthHyesMixedareas,ORAL SQUAMOUS CELL CARCINOMA,TRAUMATICULCER & CARCINOMA IN SITU,REFER TO A SPECIALIST FOR BIOPSY & SYMPTOMATIC TREATMENT,Severe Dysplasia,
IrregularL1M2NADIrregularM1MarblewhiteDarkSNOYes MouthHyesMixedareas,ORAL SQUAMOUS CELL CARCINOMA,TRAUMATICULCER & CARCINOMA IN SITU,REFER TO A SPECIALIST FOR BIOPSY & SYMPTOMATIC TREATMENT,Severe Dysplasia,
IrregularL1M2NADIrregularM1MarblewhitePiNADSharpYes MouthHyesMixedareas,ORAL SQUAMOUS CELL CARCINOMA,TRAUMATICULCER & CARCINOMA IN SITU,REFER TO A SPECIALIST FOR BIOPSY & SYMPTOMATIC TREATMENT,Severe Dysplasia,
IrregularL1M2NADIrregularM1MarblewhiteDarkSharpYes MouthHyesMixedareas,ORAL SQUAMOUS CELL CARCINOMA,TRAUMATICULCER & CARCINOMA IN SITU,REFER TO A SPECIALIST FOR BIOPSY & SYMPTOMATIC TREATMENT,Severe Dysplasia,
IrregularL1M2NADIrregularM1MarblewhitePiNADSNOYes MouthHyesMixedareas,ORAL SQUAMOUS CELL CARCINOMA,TRAUMATICULCER & CARCINOMA IN SITU,REFER TO A SPECIALIST FOR BIOPSY & SYMPTOMATIC TREATMENT,Severe Dysplasia,
IrregularL1M2NADIrregularM1MarblewhiteDarkSNOYes MouthHyesMixedareas,ORAL SQUAMOUS CELL CARCINOMA,TRAUMATICULCER & CARCINOMA IN SITU,REFER TO A SPECIALIST FOR BIOPSY & SYMPTOMATIC TREATMENT,Severe Dysplasia,
IrregularL1M2NADIrregularM1MarblewhitePiNADSharpYes MouthSmokingMixedareas,ORAL SQUAMOUS CELL CARCINOMA,TRAUMATICULCER & CARCINOMA IN SITU,REFER TO A SPECIALIST FOR BIOPSY & SYMPTOMATIC TREATMENT,Severe Dysplasia,
IrregularL1M2NADIrregularM1MarblewhiteDarkSharpYes MouthSmokingMixedareas,ORAL SQUAMOUS CELL CARCINOMA,TRAUMATICULCER & CARCINOMA IN SITU,REFER TO A SPECIALIST FOR BIOPSY & SYMPTOMATIC TREATMENT,Severe Dysplasia,
IrregularL1M2NADIrregularM1MarblewhitePiNADSNOYes MouthSmokingMixedareas,ORAL SQUAMOUS CELL CARCINOMA,TRAUMATICULCER & CARCINOMA IN SITU,REFER TO A SPECIALIST FOR BIOPSY & SYMPTOMATIC TREATMENT,Severe Dysplasia,
IrregularL1M2NADIrregularM1MarblewhiteDarkSNOYes MouthSmokingMixedareas,ORAL SQUAMOUS CELL CARCINOMA,TRAUMATICULCER & CARCINOMA IN SITU,REFER TO A SPECIALIST FOR BIOPSY & SYMPTOMATIC TREATMENT,Severe Dysplasia,
IrregularL1M2NADIrregularM1MarblewhitePiNADSharpYes MouthSmokingMixedareas,ORAL SQUAMOUS CELL CARCINOMA,TRAUMATICULCER & CARCINOMA IN SITU,REFER TO A SPECIALIST FOR BIOPSY & SYMPTOMATIC TREATMENT,Severe Dysplasia,
IrregularL1M2NADIrregularM1MarblewhiteDarkSharpYes MouthSmokingMixedareas,ORAL SQUAMOUS CELL CARCINOMA,TRAUMATICULCER & CARCINOMA IN SITU,REFER TO A SPECIALIST FOR BIOPSY & SYMPTOMATIC TREATMENT,Severe Dysplasia,
IrregularL1M2NADIrregularM1MarblewhitePiNADSNOYes MouthSmokingMixedareas,ORAL SQUAMOUS CELL CARCINOMA,TRAUMATICULCER & CARCINOMA IN SITU,REFER TO A SPECIALIST FOR BIOPSY & SYMPTOMATIC TREATMENT,Severe Dysplasia,
IrregularL1M2NADIrregularM1MarblewhiteDarkSNOYes MouthSmokingMixedareas,ORAL SQUAMOUS CELL CARCINOMA,TRAUMATICULCER & CARCINOMA IN SITU,REFER TO A SPECIALIST FOR BIOPSY & SYMPTOMATIC TREATMENT,Severe Dysplasia,
IrregularL1M2NADIrregularM1MarblewhitePiNADSharpYes MouthHyesBsulcus,ORAL SQUAMOUS CELL CARCINOMA,TRAUMATICULCER & CARCINOMA IN SITU,REFER TO A SPECIALIST FOR BIOPSY & SYMPTOMATIC TREATMENT,Severe Dysplasia,
IrregularL1M2NADIrregularM1MarblewhiteDarkSharpYes MouthHyesBsulcus,ORAL SQUAMOUS CELL CARCINOMA,TRAUMATICULCER & CARCINOMA IN SITU,REFER TO A SPECIALIST FOR BIOPSY & SYMPTOMATIC TREATMENT,Severe Dysplasia,
IrregularL1M2NADIrregularM1MarblewhitePiNADSNOYes MouthHyesBsulcus,ORAL SQUAMOUS CELL CARCINOMA,TRAUMATICULCER & CARCINOMA IN SITU,REFER TO A SPECIALIST FOR BIOPSY & SYMPTOMATIC TREATMENT,Severe Dysplasia,
IrregularL1M2NADIrregularM1MarblewhiteDarkSNOYes MouthHyesBsulcus,ORAL SQUAMOUS CELL CARCINOMA,TRAUMATICULCER & CARCINOMA IN SITU,REFER TO A SPECIALIST FOR BIOPSY & SYMPTOMATIC TREATMENT,Severe Dysplasia,
IrregularL1M2NADIrregularM1MarblewhitePiNADSharpYes MouthHyesBsulcus,ORAL SQUAMOUS CELL CARCINOMA,TRAUMATICULCER & CARCINOMA IN SITU,REFER TO A SPECIALIST FOR BIOPSY & SYMPTOMATIC TREATMENT,Severe Dysplasia,
IrregularL1M2NADIrregularM1MarblewhiteDarkSharpYes MouthHyesBsulcus,ORAL SQUAMOUS CELL CARCINOMA,TRAUMATICULCER & CARCINOMA IN SITU,REFER TO A SPECIALIST FOR BIOPSY & SYMPTOMATIC TREATMENT,Severe Dysplasia,
IrregularL1M2NADIrregularM1MarblewhitePiNADSNOYes MouthHyesBsulcus,ORAL SQUAMOUS CELL CARCINOMA,TRAUMATICULCER & CARCINOMA IN SITU,REFER TO A SPECIALIST FOR BIOPSY & SYMPTOMATIC TREATMENT,Severe Dysplasia,
IrregularL1M2NADIrregularM1MarblewhiteDarkSNOYes MouthHyesBsulcus,ORAL SQUAMOUS CELL CARCINOMA,TRAUMATICULCER & CARCINOMA IN SITU,REFER TO A SPECIALIST FOR BIOPSY & SYMPTOMATIC TREATMENT,Severe Dysplasia,
IrregularL1M2NADIrregularM1MarblewhitePiNADSharpYes MouthSmokingBsulcus,ORAL SQUAMOUS CELL CARCINOMA,TRAUMATICULCER & CARCINOMA IN SITU,REFER TO A SPECIALIST FOR BIOPSY & SYMPTOMATIC TREATMENT,Severe Dysplasia,
IrregularL1M2NADIrregularM1MarblewhiteDarkSharpYes MouthSmokingBsulcus,ORAL SQUAMOUS CELL CARCINOMA,TRAUMATICULCER & CARCINOMA IN SITU,REFER TO A SPECIALIST FOR BIOPSY & SYMPTOMATIC TREATMENT,Severe Dysplasia,
IrregularL1M2NADIrregularM1MarblewhitePiNADSNOYes MouthSmokingBsulcus,ORAL SQUAMOUS CELL CARCINOMA,TRAUMATICULCER & CARCINOMA IN SITU,REFER TO A SPECIALIST FOR BIOPSY & SYMPTOMATIC TREATMENT,Severe Dysplasia,
IrregularL1M2NADIrregularM1MarblewhiteDarkSNOYes MouthSmokingBsulcus,ORAL SQUAMOUS CELL CARCINOMA,TRAUMATICULCER & CARCINOMA IN SITU,REFER TO A SPECIALIST FOR BIOPSY & SYMPTOMATIC TREATMENT,Severe Dysplasia,
IrregularL1M2NADIrregularM1MarblewhitePiNADSharpYes MouthSmokingBsulcus,ORAL SQUAMOUS CELL CARCINOMA,TRAUMATICULCER & CARCINOMA IN SITU,REFER TO A SPECIALIST FOR BIOPSY & SYMPTOMATIC TREATMENT,Severe Dysplasia,
IrregularL1M2NADIrregularM1MarblewhiteDarkSharpYes MouthSmokingBsulcus,ORAL SQUAMOUS CELL CARCINOMA,TRAUMATICULCER & CARCINOMA IN SITU,REFER TO A SPECIALIST FOR BIOPSY & SYMPTOMATIC TREATMENT,Severe Dysplasia,
IrregularL1M2NADIrregularM1MarblewhitePiNADSNOYes MouthSmokingBsulcus,ORAL SQUAMOUS CELL CARCINOMA,TRAUMATICULCER & CARCINOMA IN SITU,REFER TO A SPECIALIST FOR BIOPSY & SYMPTOMATIC TREATMENT,Severe Dysplasia,
IrregularL1M2NADIrregularM1MarblewhiteDarkSNOYes MouthSmokingBsulcus,ORAL SQUAMOUS CELL CARCINOMA,TRAUMATICULCER & CARCINOMA IN SITU,REFER TO A SPECIALIST FOR BIOPSY & SYMPTOMATIC TREATMENT,Severe Dysplasia,
IrregularL1M2NADIrregularM1MarblewhitePiNADSharpYes MouthHyesPalate,ORAL SQUAMOUS CELL CARCINOMA,TRAUMATICULCER & CARCINOMA IN SITU,REFER TO A SPECIALIST FOR BIOPSY & SYMPTOMATIC TREATMENT,Severe Dysplasia,
IrregularL1M2NADIrregularM1MarblewhiteDarkSharpYes MouthHyesPalate,ORAL SQUAMOUS CELL CARCINOMA,TRAUMATICULCER & CARCINOMA IN SITU,REFER TO A SPECIALIST FOR BIOPSY & SYMPTOMATIC TREATMENT,Severe Dysplasia,
IrregularL1M2NADIrregularM1MarblewhitePiNADSNOYes MouthHyesPalate,ORAL SQUAMOUS CELL CARCINOMA,TRAUMATICULCER & CARCINOMA IN SITU,REFER TO A SPECIALIST FOR BIOPSY & SYMPTOMATIC TREATMENT,Severe Dysplasia,
IrregularL1M2NADIrregularM1MarblewhiteDarkSNOYes MouthHyesPalate,ORAL SQUAMOUS CELL CARCINOMA,TRAUMATICULCER & CARCINOMA IN SITU,REFER TO A SPECIALIST FOR BIOPSY & SYMPTOMATIC TREATMENT,Severe Dysplasia,
IrregularL1M2NADIrregularM1MarblewhitePiNADSharpYes MouthHyesPalate,ORAL SQUAMOUS CELL CARCINOMA,TRAUMATICULCER & CARCINOMA IN SITU,REFER TO A SPECIALIST FOR BIOPSY & SYMPTOMATIC TREATMENT,Severe Dysplasia,
IrregularL1M2NADIrregularM1MarblewhiteDarkSharpYes MouthHyesPalate,ORAL SQUAMOUS CELL CARCINOMA,TRAUMATICULCER & CARCINOMA IN SITU,REFER TO A SPECIALIST FOR BIOPSY & SYMPTOMATIC TREATMENT,Severe Dysplasia,
IrregularL1M2NADIrregularM1MarblewhitePiNADSNOYes MouthHyesPalate,ORAL SQUAMOUS CELL CARCINOMA,TRAUMATICULCER & CARCINOMA IN SITU,REFER TO A SPECIALIST FOR BIOPSY & SYMPTOMATIC TREATMENT,Severe Dysplasia,
IrregularL1M2NADIrregularM1MarblewhiteDarkSNOYes MouthHyesPalate,ORAL SQUAMOUS CELL CARCINOMA,TRAUMATICULCER & CARCINOMA IN SITU,REFER TO A SPECIALIST FOR BIOPSY & SYMPTOMATIC TREATMENT,Severe Dysplasia,
IrregularL1M2NADIrregularM1MarblewhitePiNADSharpYes MouthSmokingPalate,ORAL SQUAMOUS CELL CARCINOMA,TRAUMATICULCER & CARCINOMA IN SITU,REFER TO A SPECIALIST FOR BIOPSY & SYMPTOMATIC TREATMENT,Severe Dysplasia,
IrregularL1M2NADIrregularM1MarblewhiteDarkSharpYes MouthSmokingPalate,ORAL SQUAMOUS CELL CARCINOMA,TRAUMATICULCER & CARCINOMA IN SITU,REFER TO A SPECIALIST FOR BIOPSY & SYMPTOMATIC TREATMENT,Severe Dysplasia,
IrregularL1M2NADIrregularM1MarblewhitePiNADSNOYes MouthSmokingPalate,ORAL SQUAMOUS CELL CARCINOMA,TRAUMATICULCER & CARCINOMA IN SITU,REFER TO A SPECIALIST FOR BIOPSY & SYMPTOMATIC TREATMENT,Severe Dysplasia,
IrregularL1M2NADIrregularM1MarblewhiteDarkSNOYes MouthSmokingPalate,ORAL SQUAMOUS CELL CARCINOMA,TRAUMATICULCER & CARCINOMA IN SITU,REFER TO A SPECIALIST FOR BIOPSY & SYMPTOMATIC TREATMENT,Severe Dysplasia,
IrregularL1M2NADIrregularM1MarblewhitePiNADSharpYes MouthSmokingPalate,ORAL SQUAMOUS CELL CARCINOMA,TRAUMATICULCER & CARCINOMA IN SITU,REFER TO A SPECIALIST FOR BIOPSY & SYMPTOMATIC TREATMENT,Severe Dysplasia,
IrregularL1M2NADIrregularM1MarblewhiteDarkSharpYes MouthSmokingPalate,ORAL SQUAMOUS CELL CARCINOMA,TRAUMATICULCER & CARCINOMA IN SITU,REFER TO A SPECIALIST FOR BIOPSY & SYMPTOMATIC TREATMENT,Severe Dysplasia,
IrregularL1M2NADIrregularM1MarblewhitePiNADSNOYes MouthSmokingPalate,ORAL SQUAMOUS CELL CARCINOMA,TRAUMATICULCER & CARCINOMA IN SITU,REFER TO A SPECIALIST FOR BIOPSY & SYMPTOMATIC TREATMENT,Severe Dysplasia,
IrregularL1M2NADIrregularM1MarblewhiteDarkSNOYes MouthSmokingPalate,ORAL SQUAMOUS CELL CARCINOMA,TRAUMATICULCER & CARCINOMA IN SITU,REFER TO A SPECIALIST FOR BIOPSY & SYMPTOMATIC TREATMENT,Severe Dysplasia,
IrregularL1M2NADIrregularM1MarblewhitePiNADSharpYes MouthHyesDorsumtongue,ORAL SQUAMOUS CELL CARCINOMA,TRAUMATICULCER & CARCINOMA IN SITU,REFER TO A SPECIALIST FOR BIOPSY & SYMPTOMATIC TREATMENT,Severe Dysplasia,
IrregularL1M2NADIrregularM1MarblewhiteDarkSharpYes MouthHyesDorsumtongue,ORAL SQUAMOUS CELL CARCINOMA,TRAUMATICULCER & CARCINOMA IN SITU,REFER TO A SPECIALIST FOR BIOPSY & SYMPTOMATIC TREATMENT,Severe Dysplasia,
IrregularL1M2NADIrregularM1MarblewhitePiNADSNOYes MouthHyesDorsumtongue,ORAL SQUAMOUS CELL CARCINOMA,TRAUMATICULCER & CARCINOMA IN SITU,REFER TO A SPECIALIST FOR BIOPSY & SYMPTOMATIC TREATMENT,Severe Dysplasia,
IrregularL1M2NADIrregularM1MarblewhiteDarkSNOYes MouthHyesDorsumtongue,ORAL SQUAMOUS CELL CARCINOMA,TRAUMATICULCER & CARCINOMA IN SITU,REFER TO A SPECIALIST FOR BIOPSY & SYMPTOMATIC TREATMENT,Severe Dysplasia,
IrregularL1M2NADIrregularM1MarblewhitePiNADSharpYes MouthHyesDorsumtongue,ORAL SQUAMOUS CELL CARCINOMA,TRAUMATICULCER & CARCINOMA IN SITU,REFER TO A SPECIALIST FOR BIOPSY & SYMPTOMATIC TREATMENT,Severe Dysplasia,
IrregularL1M2NADIrregularM1MarblewhiteDarkSharpYes MouthHyesDorsumtongue,ORAL SQUAMOUS CELL CARCINOMA,TRAUMATICULCER & CARCINOMA IN SITU,REFER TO A SPECIALIST FOR BIOPSY & SYMPTOMATIC TREATMENT,Severe Dysplasia,
IrregularL1M2NADIrregularM1MarblewhitePiNADSNOYes MouthHyesDorsumtongue,ORAL SQUAMOUS CELL CARCINOMA,TRAUMATICULCER & CARCINOMA IN SITU,REFER TO A SPECIALIST FOR BIOPSY & SYMPTOMATIC TREATMENT,Severe Dysplasia,
IrregularL1M2NADIrregularM1MarblewhiteDarkSNOYes MouthHyesDorsumtongue,ORAL SQUAMOUS CELL CARCINOMA,TRAUMATICULCER & CARCINOMA IN SITU,REFER TO A SPECIALIST FOR BIOPSY & SYMPTOMATIC TREATMENT,Severe Dysplasia,
IrregularL1M2NADIrregularM1MarblewhitePiNADSharpYes MouthSmokingDorsumtongue,ORAL SQUAMOUS CELL CARCINOMA,TRAUMATICULCER & CARCINOMA IN SITU,REFER TO A SPECIALIST FOR BIOPSY & SYMPTOMATIC TREATMENT,Severe Dysplasia,
IrregularL1M2NADIrregularM1MarblewhiteDarkSharpYes MouthSmokingDorsumtongue,ORAL SQUAMOUS CELL CARCINOMA,TRAUMATICULCER & CARCINOMA IN SITU,REFER TO A SPECIALIST FOR BIOPSY & SYMPTOMATIC TREATMENT,Severe Dysplasia,
IrregularL1M2NADIrregularM1MarblewhitePiNADSNOYes MouthSmokingDorsumtongue,ORAL SQUAMOUS CELL CARCINOMA,TRAUMATICULCER & CARCINOMA IN SITU,REFER TO A SPECIALIST FOR BIOPSY & SYMPTOMATIC TREATMENT,Severe Dysplasia,
IrregularL1M2NADIrregularM1MarblewhiteDarkSNOYes MouthSmokingDorsumtongue,ORAL SQUAMOUS CELL CARCINOMA,TRAUMATICULCER & CARCINOMA IN SITU,REFER TO A SPECIALIST FOR BIOPSY & SYMPTOMATIC TREATMENT,Severe Dysplasia,
IrregularL1M2NADIrregularM1MarblewhitePiNADSharpYes MouthSmokingDorsumtongue,ORAL SQUAMOUS CELL CARCINOMA,TRAUMATICULCER & CARCINOMA IN SITU,REFER TO A SPECIALIST FOR BIOPSY & SYMPTOMATIC TREATMENT,Severe Dysplasia,
IrregularL1M2NADIrregularM1MarblewhiteDarkSharpYes MouthSmokingDorsumtongue,ORAL SQUAMOUS CELL CARCINOMA,TRAUMATICULCER & CARCINOMA IN SITU,REFER TO A SPECIALIST FOR BIOPSY & SYMPTOMATIC TREATMENT,Severe Dysplasia,
IrregularL1M2NADIrregularM1MarblewhitePiNADSNOYes MouthSmokingDorsumtongue,ORAL SQUAMOUS CELL CARCINOMA,TRAUMATICULCER & CARCINOMA IN SITU,REFER TO A SPECIALIST FOR BIOPSY & SYMPTOMATIC TREATMENT,Severe Dysplasia,
IrregularL1MNADIrregularM1MarblewhiteDarkSNOYes MouthSmokingDorsumtongue,ORAL SQUAMOUS CELL CARCINOMA,TRAUMATICULCER & CARCINOMA IN SITU,REFER TO A SPECIALIST FOR BIOPSY & SYMPTOMATIC TREATMENT,Severe Dysplasia,
IrregularL1M2NADIrregularM1MarblewhitePiNADSharpYes MouthHyesBmucosa,ORAL SQUAMOUS CELL CARCINOMA,TRAUMATICULCER & CARCINOMA IN SITU,REFER TO A SPECIALIST FOR BIOPSY & SYMPTOMATIC TREATMENT,Severe Dysplasia,
IrregularL1M2NADIrregularM1MarblewhiteDarkSharpYes MouthHyesBmucosa,ORAL SQUAMOUS CELL CARCINOMA,TRAUMATICULCER & CARCINOMA IN SITU,REFER TO A SPECIALIST FOR BIOPSY & SYMPTOMATIC TREATMENT,Severe Dysplasia,
IrregularL1M2NADIrregularM1MarblewhitePiNADSNOYes MouthHyesBmucosa,ORAL SQUAMOUS CELL CARCINOMA,TRAUMATICULCER & CARCINOMA IN SITU,REFER TO A SPECIALIST FOR BIOPSY & SYMPTOMATIC TREATMENT,Severe Dysplasia,
IrregularL1M2NADIrregularM1MarblewhiteDarkSNOYes MouthHyesBmucosa,ORAL SQUAMOUS CELL CARCINOMA,TRAUMATICULCER & CARCINOMA IN SITU,REFER TO A SPECIALIST FOR BIOPSY & SYMPTOMATIC TREATMENT,Severe Dysplasia,
IrregularL1M2NADIrregularM1MarblewhitePiNADSharpYes MouthHyesBmucosa,ORAL SQUAMOUS CELL CARCINOMA,TRAUMATICULCER & CARCINOMA IN SITU,REFER TO A SPECIALIST FOR BIOPSY & SYMPTOMATIC TREATMENT,Severe Dysplasia,
IrregularL1M2NADIrregularM1MarblewhiteDarkSharpYes MouthHyesBmucosa,ORAL SQUAMOUS CELL CARCINOMA,TRAUMATICULCER & CARCINOMA IN SITU,REFER TO A SPECIALIST FOR BIOPSY & SYMPTOMATIC TREATMENT,Severe Dysplasia,
IrregularL1M2NADIrregularM1MarblewhitePiNADSNOYes MouthHyesBmucosa,ORAL SQUAMOUS CELL CARCINOMA,TRAUMATICULCER & CARCINOMA IN SITU,REFER TO A SPECIALIST FOR BIOPSY & SYMPTOMATIC TREATMENT,Severe Dysplasia,
IrregularL1M2NADIrregularM1MarblewhiteDarkSNOYes MouthHyesBmucosa,ORAL SQUAMOUS CELL CARCINOMA,TRAUMATICULCER & CARCINOMA IN SITU,REFER TO A SPECIALIST FOR BIOPSY & SYMPTOMATIC TREATMENT,Severe Dysplasia,
IrregularL1M2NADIrregularM1MarblewhitePiNADSharpYes MouthSmokingBmucosa,ORAL SQUAMOUS CELL CARCINOMA,TRAUMATICULCER & CARCINOMA IN SITU,REFER TO A SPECIALIST FOR BIOPSY & SYMPTOMATIC TREATMENT,Severe Dysplasia,
IrregularL1M2NADIrregularM1MarblewhiteDarkSharpYes MouthSmokingBmucosa,ORAL SQUAMOUS CELL CARCINOMA,TRAUMATICULCER & CARCINOMA IN SITU,REFER TO A SPECIALIST FOR BIOPSY & SYMPTOMATIC TREATMENT,Severe Dysplasia,
IrregularL1M2NADIrregularM1MarblewhitePiNADSNOYes MouthSmokingBmucosa,ORAL SQUAMOUS CELL CARCINOMA,TRAUMATICULCER & CARCINOMA IN SITU,REFER TO A SPECIALIST FOR BIOPSY & SYMPTOMATIC TREATMENT,Severe Dysplasia,
IrregularL1M2NADIrregularM1MarblewhiteDarkSNOYes MouthSmokingBmucosa,ORAL SQUAMOUS CELL CARCINOMA,TRAUMATICULCER & CARCINOMA IN SITU,REFER TO A SPECIALIST FOR BIOPSY & SYMPTOMATIC TREATMENT,Severe Dysplasia,
IrregularL1M2NADIrregularM1MarblewhitePiNADSharpYes MouthSmokingBmucosa,ORAL SQUAMOUS CELL CARCINOMA,TRAUMATICULCER & CARCINOMA IN SITU,REFER TO A SPECIALIST FOR BIOPSY & SYMPTOMATIC TREATMENT,Severe Dysplasia,
IrregularL1M2NADIrregularM1MarblewhiteDarkSharpYes MouthSmokingBmucosa,ORAL SQUAMOUS CELL CARCINOMA,TRAUMATICULCER & CARCINOMA IN SITU,REFER TO A SPECIALIST FOR BIOPSY & SYMPTOMATIC TREATMENT,Severe Dysplasia,
IrregularL1M2NADIrregularM1MarblewhitePiNADSNOYes MouthSmokingBmucosa,ORAL SQUAMOUS CELL CARCINOMA,TRAUMATICULCER & CARCINOMA IN SITU,REFER TO A SPECIALIST FOR BIOPSY & SYMPTOMATIC TREATMENT,Severe Dysplasia,
IrregularL1M2NADIrregularM1MarblewhiteDarkSNOYes MouthSmokingBmucosa,ORAL SQUAMOUS CELL CARCINOMA,TRAUMATICULCER & CARCINOMA IN SITU,REFER TO A SPECIALIST FOR BIOPSY & SYMPTOMATIC TREATMENT,Severe Dysplasia,
IrregularL1M2NADGNADMNADPiNADSNONoHyesBmucosa,SPECKLEDLEUKOPLAKIA,ORAL SQUAMOUS CELL CARCINOMA & CARCINOMA IN SITU,ADVISE SYMPTOMATIC TREATMENT AND TO STOP THE HABIT & FOLLOW UP IS MUST & REFER TO SPECIALIST FOR BIOPSY,,
IrregularL1M2NADGNADMNADDarkSNONoHyesBmucosa,SPECKLEDLEUKOPLAKIA,ORAL SQUAMOUS CELL CARCINOMA & CARCINOMA IN SITU,ADVISE SYMPTOMATIC TREATMENT AND TO STOP THE HABIT & FOLLOW UP IS MUST & REFER TO SPECIALIST FOR BIOPSY,,
IrregularL1M2NADGNADMNADPiNADSharpNoHyesBmucosa,SPECKLEDLEUKOPLAKIA,TRAUMATICULCER & CARCINOMA IN SITU,ADVISE SYMPTOMATIC TREATMENT AND TO STOP THE HABIT & FOLLOW UP IS MUST & REFER TO SPECIALIST FOR BIOPSY,,
IrregularL1M2NADGNADMNADDarkSharpNoHyesBmucosa,SPECKLEDLEUKOPLAKIA,TRAUMATICULCER & CARCINOMA IN SITU,ADVISE SYMPTOMATIC TREATMENT AND TO STOP THE HABIT & FOLLOW UP IS MUST & REFER TO SPECIALIST FOR BIOPSY,,
IrregularL1M2NADGNADMNADPiNADSNONoSmokingBmucosa,SPECKLEDLEUKOPLAKIA,ORAL SQUAMOUS CELL CARCINOMA & CARCINOMA IN SITU ,ADVISE SYMPTOMATIC TREATMENT AND TO STOP THE HABIT & FOLLOW UP IS MUST & REFER TO SPECIALIST FOR BIOPSY,,
IrregularL1M2NADGNADMNADDarkSNONoSmokingBmucosa,SPECKLEDLEUKOPLAKIA,ORAL SQUAMOUS CELL CARCINOMA & CARCINOMA IN SITU ,ADVISE SYMPTOMATIC TREATMENT AND TO STOP THE HABIT & FOLLOW UP IS MUST & REFER TO SPECIALIST FOR BIOPSY,,
IrregularL1M2NADGNADMNADPiNADSharpNoSmokingBmucosa,SPECKLEDLEUKOPLAKIA,TRAUMATICULCER & CARCINOMA IN SITU,ADVISE SYMPTOMATIC TREATMENT AND TO STOP THE HABIT & FOLLOW UP IS MUST & REFER TO SPECIALIST FOR BIOPSY,,
IrregularL1M2NADGNADMNADDarkSharpNoSmokingBmucosa,SPECKLEDLEUKOPLAKIA,TRAUMATICULCER & CARCINOMA IN SITU,ADVISE SYMPTOMATIC TREATMENT AND TO STOP THE HABIT & FOLLOW UP IS MUST & REFER TO SPECIALIST FOR BIOPSY,,
IrregularL1M2NADGNADMNADPiNADSNONoHyesMixedareas,SPECKLEDLEUKOPLAKIA,ORAL SQUAMOUS CELL CARCINOMA & CARCINOMA IN SITU ,ADVISE SYMPTOMATIC TREATMENT AND TO STOP THE HABIT & FOLLOW UP IS MUST & REFER TO SPECIALIST FOR BIOPSY,,
IrregularL1M2NADGNADMNADDarkSNONoHyesMixedareas,SPECKLEDLEUKOPLAKIA,ORAL SQUAMOUS CELL CARCINOMA & CARCINOMA IN SITU ,ADVISE SYMPTOMATIC TREATMENT AND TO STOP THE HABIT & FOLLOW UP IS MUST & REFER TO SPECIALIST FOR BIOPSY,,
IrregularL1M2NADGNADMNADPiNADSharpNoHyesMixedareas,SPECKLEDLEUKOPLAKIA,TRAUMATICULCER & CARCINOMA IN SITU,ADVISE SYMPTOMATIC TREATMENT AND TO STOP THE HABIT & FOLLOW UP IS MUST & REFER TO SPECIALIST FOR BIOPSY,,
IrregularL1M2NADGNADMNADDarkSharpNoHyesMixedareas,SPECKLEDLEUKOPLAKIA,TRAUMATICULCER & CARCINOMA IN SITU,ADVISE SYMPTOMATIC TREATMENT AND TO STOP THE HABIT & FOLLOW UP IS MUST & REFER TO SPECIALIST FOR BIOPSY,,
IrregularL1M2NADGNADMNADPiNADSNONoSmokingMixedareas,SPECKLEDLEUKOPLAKIA,ORAL SQUAMOUS CELL CARCINOMA & CARCINOMA IN SITU ,ADVISE SYMPTOMATIC TREATMENT AND TO STOP THE HABIT & FOLLOW UP IS MUST & REFER TO SPECIALIST FOR BIOPSY,,
IrregularL1M2NADGNADMNADDarkSNONoSmokingMixedareas,SPECKLEDLEUKOPLAKIA,ORAL SQUAMOUS CELL CARCINOMA & CARCINOMA IN SITU ,ADVISE SYMPTOMATIC TREATMENT AND TO STOP THE HABIT & FOLLOW UP IS MUST & REFER TO SPECIALIST FOR BIOPSY,,
IrregularL1M2NADGNADMNADPiNADSharpNoSmokingMixedareas,SPECKLEDLEUKOPLAKIA,TRAUMATICULCER & CARCINOMA IN SITU,ADVISE SYMPTOMATIC TREATMENT AND TO STOP THE HABIT & FOLLOW UP IS MUST & REFER TO SPECIALIST FOR BIOPSY,,
IrregularL1M2NADGNADMNADDarkSharpNoSmokingMixedareas,SPECKLEDLEUKOPLAKIA,TRAUMATICULCER & CARCINOMA IN SITU,ADVISE SYMPTOMATIC TREATMENT AND TO STOP THE HABIT & FOLLOW UP IS MUST & REFER TO SPECIALIST FOR BIOPSY,,
IrregularL1M2NADGNADMNADPiNADSNONoHyesBsulcus,SPECKLEDLEUKOPLAKIA,ORAL SQUAMOUS CELL CARCINOMA & CARCINOMA IN SITU ,ADVISE SYMPTOMATIC TREATMENT AND TO STOP THE HABIT & FOLLOW UP IS MUST & REFER TO SPECIALIST FOR BIOPSY,,
IrregularL1M2NADGNADMNADDarkSNONoHyesBsulcus,SPECKLEDLEUKOPLAKIA,ORAL SQUAMOUS CELL CARCINOMA & CARCINOMA IN SITU ,ADVISE SYMPTOMATIC TREATMENT AND TO STOP THE HABIT & FOLLOW UP IS MUST & REFER TO SPECIALIST FOR BIOPSY,,
IrregularL1M2NADGNADMNADPiNADSharpNoHyesBsulcus,SPECKLEDLEUKOPLAKIA,TRAUMATICULCER & CARCINOMA IN SITU,ADVISE SYMPTOMATIC TREATMENT AND TO STOP THE HABIT & FOLLOW UP IS MUST & REFER TO SPECIALIST FOR BIOPSY,,
IrregularL1M2NADGNADMNADDarkSharpNoHyesBsulcus,SPECKLEDLEUKOPLAKIA,TRAUMATICULCER & CARCINOMA IN SITU,ADVISE SYMPTOMATIC TREATMENT AND TO STOP THE HABIT & FOLLOW UP IS MUST & REFER TO SPECIALIST FOR BIOPSY,,
IrregularL1M2NADGNADMNADPiNADSNONoSmokingBsulcus,SPECKLEDLEUKOPLAKIA,ORAL SQUAMOUS CELL CARCINOMA & CARCINOMA IN SITU ,ADVISE SYMPTOMATIC TREATMENT AND TO STOP THE HABIT & FOLLOW UP IS MUST & REFER TO SPECIALIST FOR BIOPSY,,
IrregularL1M2NADGNADMNADDarkSNONoSmokingBsulcus,SPECKLEDLEUKOPLAKIA,ORAL SQUAMOUS CELL CARCINOMA & CARCINOMA IN SITU ,ADVISE SYMPTOMATIC TREATMENT AND TO STOP THE HABIT & FOLLOW UP IS MUST & REFER TO SPECIALIST FOR BIOPSY,,
IrregularL1M2NADGNADMNADPiNADSharpNoSmokingBsulcus,SPECKLEDLEUKOPLAKIA,TRAUMATICULCER & CARCINOMA IN SITU,ADVISE SYMPTOMATIC TREATMENT AND TO STOP THE HABIT & FOLLOW UP IS MUST & REFER TO SPECIALIST FOR BIOPSY,,
IrregularL1M2NADGNADMNADDarkSharpNoSmokingBsulcus,SPECKLEDLEUKOPLAKIA,TRAUMATICULCER & CARCINOMA IN SITU,ADVISE SYMPTOMATIC TREATMENT AND TO STOP THE HABIT & FOLLOW UP IS MUST & REFER TO SPECIALIST FOR BIOPSY,,
IrregularL1M2NADGNADMNADPiNADSNONoHyesPalate,SPECKLEDLEUKOPLAKIA,ORAL SQUAMOUS CELL CARCINOMA & CARCINOMA IN SITU ,ADVISE SYMPTOMATIC TREATMENT AND TO STOP THE HABIT & FOLLOW UP IS MUST & REFER TO SPECIALIST FOR BIOPSY,,
IrregularL1M2NADGNADMNADDarkSNONoHyesPalate,SPECKLEDLEUKOPLAKIA,ORAL SQUAMOUS CELL CARCINOMA & CARCINOMA IN SITU ,ADVISE SYMPTOMATIC TREATMENT AND TO STOP THE HABIT & FOLLOW UP IS MUST & REFER TO SPECIALIST FOR BIOPSY,,
IrregularL1M2NADGNADMNADPiNADSharpNoHyesPalate,SPECKLEDLEUKOPLAKIA,TRAUMATICULCER & CARCINOMA IN SITU,ADVISE SYMPTOMATIC TREATMENT AND TO STOP THE HABIT & FOLLOW UP IS MUST & REFER TO SPECIALIST FOR BIOPSY,,
IrregularL1M2NADGNADMNADDarkSharpNoHyesPalate,SPECKLEDLEUKOPLAKIA,TRAUMATICULCER & CARCINOMA IN SITU,ADVISE SYMPTOMATIC TREATMENT AND TO STOP THE HABIT & FOLLOW UP IS MUST & REFER TO SPECIALIST FOR BIOPSY,,
IrregularL1M2NADGNADMNADPiNADSNONoSmokingPalate,SPECKLEDLEUKOPLAKIA,ORAL SQUAMOUS CELL CARCINOMA & CARCINOMA IN SITU ,ADVISE SYMPTOMATIC TREATMENT AND TO STOP THE HABIT & FOLLOW UP IS MUST & REFER TO SPECIALIST FOR BIOPSY,,
IrregularL1M2NADGNADMNADDarkSNONoSmokingPalate,SPECKLEDLEUKOPLAKIA,ORAL SQUAMOUS CELL CARCINOMA & CARCINOMA IN SITU ,ADVISE SYMPTOMATIC TREATMENT AND TO STOP THE HABIT & FOLLOW UP IS MUST & REFER TO SPECIALIST FOR BIOPSY,,
IrregularL1M2NADGNADMNADPiNADSharpNoSmokingPalate,SPECKLEDLEUKOPLAKIA,TRAUMATICULCER & CARCINOMA IN SITU,ADVISE SYMPTOMATIC TREATMENT AND TO STOP THE HABIT & FOLLOW UP IS MUST & REFER TO SPECIALIST FOR BIOPSY,,
IrregularL1M2NADGNADMNADDarkSharpNoSmokingPalate,SPECKLEDLEUKOPLAKIA,TRAUMATICULCER & CARCINOMA IN SITU,ADVISE SYMPTOMATIC TREATMENT AND TO STOP THE HABIT & FOLLOW UP IS MUST & REFER TO SPECIALIST FOR BIOPSY,,
IrregularL1M2NADGNADMNADPiNADSNONoHyesDorsumtongue,SPECKLEDLEUKOPLAKIA,ORAL SQUAMOUS CELL CARCINOMA & CARCINOMA IN SITU ,ADVISE SYMPTOMATIC TREATMENT AND TO STOP THE HABIT & FOLLOW UP IS MUST & REFER TO SPECIALIST FOR BIOPSY,,
IrregularL1M2NADGNADMNADDarkSNONoHyesDorsumtongue,SPECKLEDLEUKOPLAKIA,ORAL SQUAMOUS CELL CARCINOMA & CARCINOMA IN SITU ,ADVISE SYMPTOMATIC TREATMENT AND TO STOP THE HABIT & FOLLOW UP IS MUST & REFER TO SPECIALIST FOR BIOPSY,,
IrregularL1M2NADGNADMNADPiNADSharpNoHyesDorsumtongue,SPECKLEDLEUKOPLAKIA,TRAUMATICULCER & CARCINOMA IN SITU,ADVISE SYMPTOMATIC TREATMENT AND TO STOP THE HABIT & FOLLOW UP IS MUST & REFER TO SPECIALIST FOR BIOPSY,,
IrregularL1M2NADGNADMNADDarkSharpNoHyesDorsumtongue,SPECKLEDLEUKOPLAKIA,TRAUMATICULCER & CARCINOMA IN SITU,ADVISE SYMPTOMATIC TREATMENT AND TO STOP THE HABIT & FOLLOW UP IS MUST & REFER TO SPECIALIST FOR BIOPSY,,
IrregularL1M2NADGNADMNADPiNADSNONoSmokingDorsumtongue,SPECKLEDLEUKOPLAKIA,ORAL SQUAMOUS CELL CARCINOMA & CARCINOMA IN SITU ,ADVISE SYMPTOMATIC TREATMENT AND TO STOP THE HABIT & FOLLOW UP IS MUST & REFER TO SPECIALIST FOR BIOPSY,,
IrregularL1M2NADGNADMNADDarkSNONoSmokingDorsumtongue,SPECKLEDLEUKOPLAKIA,ORAL SQUAMOUS CELL CARCINOMA & CARCINOMA IN SITU ,ADVISE SYMPTOMATIC TREATMENT AND TO STOP THE HABIT & FOLLOW UP IS MUST & REFER TO SPECIALIST FOR BIOPSY,,
IrregularL1M2NADGNADMNADPiNADSharpNoSmokingDorsumtongue,SPECKLEDLEUKOPLAKIA,TRAUMATICULCER & CARCINOMA IN SITU,ADVISE SYMPTOMATIC TREATMENT AND TO STOP THE HABIT & FOLLOW UP IS MUST & REFER TO SPECIALIST FOR BIOPSY,,
IrregularL1M2NADGNADMNADDarkSharpNoSmokingDorsumtongue,SPECKLEDLEUKOPLAKIA,TRAUMATICULCER & CARCINOMA IN SITU,ADVISE SYMPTOMATIC TREATMENT AND TO STOP THE HABIT & FOLLOW UP IS MUST & REFER TO SPECIALIST FOR BIOPSY,,
IrregularL1M2NADGNADMNADPiNADSNOYesHyesMixedareas,APTHOUS ULCER,TRAUMATICULCER & SPECKLEDLEUKOPLAKIA,ADVISE SYMPTOMATIC TREATMENT  & TO STOP THE HABIT  & OBSERVE TWO WEEKS  & REFER TO A SPECIALIST  IF NO CHANGE IN TWO WEEKS,,
IrregularL1M2NADGNADMNADDarkSharpYesHyesMixedareas,SPECKLEDLEUKOPLAKIA,CARCINOMA IN SITU,ADVISE SYMPTOMATIC TREATMENT  & TO STOP THE HABIT  & REFER TO A SPECIALIST  FOR BIOPSY,,
,,,,,
UNADRedwhitelinesGNADMNADPiNADkSNOYESHNoBmucosa, ORAL LICHEN PLANUS,ORAL LEUKOPLAKIA, CANDIDIASIS,SYMPTOMATIC TREATMENT & FOLLOW UP IS MUST ,
UNADRedwhitelinesGNADMNADPiNADkSNOYESHNoBsulcus, ORAL LICHEN PLANUS,ORAL LEUKOPLAKIA, CANDIDIASIS,SYMPTOMATIC TREATMENT & FOLLOW UP IS MUST ,
UNADRedwhitelinesGNADMNADPiNADkSNOYESHNoPalate, ORAL LICHEN PLANUS,ORAL LEUKOPLAKIA, CANDIDIASIS,SYMPTOMATIC TREATMENT & FOLLOW UP IS MUST ,
UNADRedwhitelinesGNADMNADPiNADkSNOYESHNoRetromolararea, ORAL LICHEN PLANUS,ORAL LEUKOPLAKIA, CANDIDIASIS,SYMPTOMATIC TREATMENT & FOLLOW UP IS MUST ,
UNADRedwhitelinesGNADMNADPiNADkSNOYESHNoLip, ORAL LICHEN PLANUS,ORAL LEUKOPLAKIA, CANDIDIASIS,SYMPTOMATIC TREATMENT & FOLLOW UP IS MUST ,
UNADRedwhitelinesGNADMNADPiNADkSNOYESHNoGinigiva, ORAL LICHEN PLANUS,ORAL LEUKOPLAKIA, CANDIDIASIS,SYMPTOMATIC TREATMENT & FOLLOW UP IS MUST ,
UNADRedwhitelinesGNADMNADPiNADkSNOYESHNoFloor, ORAL LICHEN PLANUS,ORAL LEUKOPLAKIA, CANDIDIASIS,SYMPTOMATIC TREATMENT & FOLLOW UP IS MUST ,
UNADRedwhitelinesGNADMNADPiNADkSNOYESHNoDorsumtongue, ORAL LICHEN PLANUS,ORAL LEUKOPLAKIA, CANDIDIASIS,SYMPTOMATIC TREATMENT & FOLLOW UP IS MUST ,
UNADRedwhitelinesGNADMNADPiNADkSNOYESHNoLateraltongue, ORAL LICHEN PLANUS,ORAL LEUKOPLAKIA, CANDIDIASIS,SYMPTOMATIC TREATMENT & FOLLOW UP IS MUST ,
,,,,,
IrregularM1M2RedwhiteGNADMNADPiNADSNOYESHnoBmucosa,TRAUMATICULCER ,APTHOUS ULCER, CARCINOMA IN SITU,SYMPTOMATIC TREATMENT & FOLLOW UP IS MUST ,
IrregularM1M2RedwhiteGNADMNADPiNADSNOYESHnoBsulcus,TRAUMATICULCER ,APTHOUS ULCER, CARCINOMA IN SITU,SYMPTOMATIC TREATMENT & FOLLOW UP IS MUST ,
IrregularM1M2RedwhiteGNADMNADPiNADSNOYESHnoLip,TRAUMATICULCER ,APTHOUS ULCER, CARCINOMA IN SITU,SYMPTOMATIC TREATMENT & FOLLOW UP IS MUST ,
IrregularM1M2RedwhiteGNADMNADPiNADSNOYESHnoGingiva,TRAUMATICULCER ,APTHOUS ULCER, CARCINOMA IN SITU,SYMPTOMATIC TREATMENT & FOLLOW UP IS MUST ,
IrregularM1M2RedwhiteGNADMNADPiNADSNOYESHnoFloor,TRAUMATICULCER ,APTHOUS ULCER, CARCINOMA IN SITU,SYMPTOMATIC TREATMENT & FOLLOW UP IS MUST ,
IrregularM1M2RedwhiteGNADMNADPiNADSNOYESHnoRetromolararea,TRAUMATICULCER ,APTHOUS ULCER, CARCINOMA IN SITU,SYMPTOMATIC TREATMENT & FOLLOW UP IS MUST ,
IrregularM1M2RedwhiteGNADMNADPiNADSNOYESHnoPalate,TRAUMATICULCER ,APTHOUS ULCER, CARCINOMA IN SITU,SYMPTOMATIC TREATMENT & FOLLOW UP IS MUST ,
IrregularM1M2RedwhiteGNADMNADPiNADSNOYESHnoDorsumtongue,TRAUMATICULCER ,APTHOUS ULCER, CARCINOMA IN SITU,SYMPTOMATIC TREATMENT & FOLLOW UP IS MUST ,
IrregularM1M2RedwhiteGNADMNADPiNADSNOYESHnoLateraltongue,TRAUMATICULCER ,APTHOUS ULCER, CARCINOMA IN SITU,SYMPTOMATIC TREATMENT & FOLLOW UP IS MUST ,
,,,,,
UNADRedGNADMNADPiNADSNOYESHnoPalate,INFLAMATORY LESION,CANDIDIASIS,SYMPTOMATIC TREATMENT & FOLLOW UP IS MUST ,,
UNADRedGNADMNADPiNADSNOYESHnoBmucosa,INFLAMATORY LESION,CANDIDIASIS,SYMPTOMATIC TREATMENT & FOLLOW UP IS MUST ,,
UNADRedGNADMNADPiNADSNOYESHnoLip,INFLAMATORY LESION,CANDIDIASIS,SYMPTOMATIC TREATMENT & FOLLOW UP IS MUST ,,
UNADRedGNADMNADPiNADSNOYESHnoGingiva,INFLAMATORY LESION,CANDIDIASIS,SYMPTOMATIC TREATMENT & FOLLOW UP IS MUST ,,
UNADRedGNADMNADPiNADSNOYESHnoRetromolararea,INFLAMATORY LESION,CANDIDIASIS,SYMPTOMATIC TREATMENT & FOLLOW UP IS MUST ,,
UNADRedGNADMNADPiNADSNOYESHnoDorsumtongue,INFLAMATORY LESION,CANDIDIASIS,SYMPTOMATIC TREATMENT & FOLLOW UP IS MUST ,,
UNADRedGNADMNADPiNADSNOYESHnoLateraltongue,INFLAMATORY LESION,CANDIDIASIS,SYMPTOMATIC TREATMENT & FOLLOW UP IS MUST ,,
UNADRedGNADMNADPiNADSNOYESHnoBsulcus,INFLAMATORY LESION,CANDIDIASIS,SYMPTOMATIC TREATMENT & FOLLOW UP IS MUST ,,
UNADRedGNADMNADPiNADSNOYESHnoFloor,INFLAMATORY LESION,CANDIDIASIS,SYMPTOMATIC TREATMENT & FOLLOW UP IS MUST ,,
,,,,,
,,,,,
UNADRedwhiteGNADMNADPiNADSNOYESHnoBmucosa,CANDIDIASIS,SPECKLED LEUKOPLAKIA, TRAUMATICULCER ,SYMPTOMATIC TREATMENT & FOLLOW UP IS MUST ,
UNADRedwhiteGNADMNADPiNADSNOYESHnoBsulcus,CANDIDIASIS,SPECKLED LEUKOPLAKIA, TRAUMATICULCER ,SYMPTOMATIC TREATMENT & FOLLOW UP IS MUST ,
UNADRedwhiteGNADMNADPiNADSNOYESHnoPalate,CANDIDIASIS,SPECKLED LEUKOPLAKIA, TRAUMATICULCER ,SYMPTOMATIC TREATMENT & FOLLOW UP IS MUST ,
UNADRedwhiteGNADMNADPiNADSNOYESHnoLip,CANDIDIASIS,SPECKLED LEUKOPLAKIA, TRAUMATICULCER ,SYMPTOMATIC TREATMENT & FOLLOW UP IS MUST ,
UNADRedwhiteGNADMNADPiNADSNOYESHnoGingiva,CANDIDIASIS,SPECKLED LEUKOPLAKIA, TRAUMATICULCER ,SYMPTOMATIC TREATMENT & FOLLOW UP IS MUST ,
UNADRedwhiteGNADMNADPiNADSNOYESHnoRetromolararea,CANDIDIASIS,SPECKLED LEUKOPLAKIA, TRAUMATICULCER ,SYMPTOMATIC TREATMENT & FOLLOW UP IS MUST ,
UNADRedwhiteGNADMNADPiNADSNOYESHnoFloor,CANDIDIASIS,SPECKLED LEUKOPLAKIA, TRAUMATICULCER ,SYMPTOMATIC TREATMENT & FOLLOW UP IS MUST ,
UNADRedwhiteGNADMNADPiNADSNOYESHnoDorsumtongue,CANDIDIASIS,SPECKLED LEUKOPLAKIA, TRAUMATICULCER ,SYMPTOMATIC TREATMENT & FOLLOW UP IS MUST ,
UNADRedwhiteGNADMNADPiNADSNOYESHnoLateraltongue,CANDIDIASIS,SPECKLED LEUKOPLAKIA, TRAUMATICULCER ,SYMPTOMATIC TREATMENT & FOLLOW UP IS MUST ,
,,,,,
,,,,,
IrregularL1L2RedGNADMNADPiNADSharpYESHnoBsulcus,TRAUMATICULCER ,SPECKLED LEUKOPLAKIA,ADVISE SYMPTOMATIC TREATMENT, OBSERVE SHARP TEETH, REFER TO A SPECIALIST
IrregularL1L2RedGNADMNADPiNADSharpYESHnoBmucosa,TRAUMATICULCER ,SPECKLED LEUKOPLAKIA,ADVISE SYMPTOMATIC TREATMENT, OBSERVE SHARP TEETH, REFER TO A SPECIALIST
IrregularL1L2RedGNADMNADPiNADSharpYESHnoLip,TRAUMATICULCER ,SPECKLED LEUKOPLAKIA,ADVISE SYMPTOMATIC TREATMENT, OBSERVE SHARP TEETH, REFER TO A SPECIALIST
IrregularL1L2RedGNADMNADPiNADSharpYESHnoGingiva,TRAUMATICULCER ,SPECKLED LEUKOPLAKIA,ADVISE SYMPTOMATIC TREATMENT, OBSERVE SHARP TEETH, REFER TO A SPECIALIST
IrregularL1L2RedGNADMNADPiNADSharpYESHnoLateraltongue,TRAUMATICULCER ,SPECKLED LEUKOPLAKIA,ADVISE SYMPTOMATIC TREATMENT, OBSERVE SHARP TEETH, REFER TO A SPECIALIST
IrregularL1L2RedGNADMNADPiNADSharpYESHnoDorsumtongue,TRAUMATICULCER ,SPECKLED LEUKOPLAKIA,ADVISE SYMPTOMATIC TREATMENT, OBSERVE SHARP TEETH, REFER TO A SPECIALIST
IrregularL1L2RedGNADMNADPiNADSharpYESHnoFloor,TRAUMATICULCER ,SPECKLED LEUKOPLAKIA,ADVISE SYMPTOMATIC TREATMENT, OBSERVE SHARP TEETH, REFER TO A SPECIALIST
IrregularL1L2RedGNADMNADPiNADSharpYESHnoRetromolararea,TRAUMATICULCER ,SPECKLED LEUKOPLAKIA,ADVISE SYMPTOMATIC TREATMENT, OBSERVE SHARP TEETH, REFER TO A SPECIALIST
IrregularL1L2RedGNADMNADPiNADSharpYESHnoPalate,TRAUMATICULCER ,SPECKLED LEUKOPLAKIA,ADVISE SYMPTOMATIC TREATMENT, OBSERVE SHARP TEETH, REFER TO A SPECIALIST
,,,,,
,,,,,
IrregularL1L2RedwhiteGNADMNADPiNADSharpYESHnoBmucosa,TRAUMATICULCER ,SPECKLED LEUKOPLAKIA,ADVISE SYMPTOMATIC TREATMENT, OBSERVE SHARP TEETH, REFER TO A SPECIALIST
IrregularL1L2RedwhiteGNADMNADPiNADSharpYESHnoBsulcus,TRAUMATICULCER ,SPECKLED LEUKOPLAKIA,ADVISE SYMPTOMATIC TREATMENT, OBSERVE SHARP TEETH, REFER TO A SPECIALIST
IrregularL1L2RedwhiteGNADMNADPiNADSharpYESHnoPalate,TRAUMATICULCER ,SPECKLED LEUKOPLAKIA,ADVISE SYMPTOMATIC TREATMENT, OBSERVE SHARP TEETH, REFER TO A SPECIALIST
IrregularL1L2RedwhiteGNADMNADPiNADSharpYESHnoLip,TRAUMATICULCER ,SPECKLED LEUKOPLAKIA,ADVISE SYMPTOMATIC TREATMENT, OBSERVE SHARP TEETH, REFER TO A SPECIALIST
IrregularL1L2RedwhiteGNADMNADPiNADSharpYESHnoRetromolararea,TRAUMATICULCER ,SPECKLED LEUKOPLAKIA,ADVISE SYMPTOMATIC TREATMENT, OBSERVE SHARP TEETH, REFER TO A SPECIALIST
IrregularL1L2RedwhiteGNADMNADPiNADSharpYESHnoFloor,TRAUMATICULCER ,SPECKLED LEUKOPLAKIA,ADVISE SYMPTOMATIC TREATMENT, OBSERVE SHARP TEETH, REFER TO A SPECIALIST
IrregularL1L2RedwhiteGNADMNADPiNADSharpYESHnoDorsumtongue,TRAUMATICULCER ,SPECKLED LEUKOPLAKIA,ADVISE SYMPTOMATIC TREATMENT, OBSERVE SHARP TEETH, REFER TO A SPECIALIST
IrregularL1L2RedwhiteGNADMNADPiNADSharpYESHnoLateraltongue,TRAUMATICULCER ,SPECKLED LEUKOPLAKIA,ADVISE SYMPTOMATIC TREATMENT, OBSERVE SHARP TEETH, REFER TO A SPECIALIST
IrregularL1L2RedwhiteGNADMNADPiNADSharpYESHnoGingiva,TRAUMATICULCER ,SPECKLED LEUKOPLAKIA,ADVISE SYMPTOMATIC TREATMENT, OBSERVE SHARP TEETH, REFER TO A SPECIALIST
,,,,,
UNADRedwhiteGNADMNADDarkSNOYESHnobBmucosa,CANDIDIASIS,SPECKLED LEUKOPLAKIA, INFLAMATORY LESION,SYMPTOMATIC TREATMENT & FOLLOW UP IS MUST ,
UNADRedwhiteGNADMNADDarkSNOYESHnobBsulcus,CANDIDIASIS,SPECKLED LEUKOPLAKIA, INFLAMATORY LESION,SYMPTOMATIC TREATMENT & FOLLOW UP IS MUST ,
UNADRedwhiteGNADMNADDarkSNOYESHnoPalate,CANDIDIASIS,SPECKLED LEUKOPLAKIA, INFLAMATORY LESION,SYMPTOMATIC TREATMENT & FOLLOW UP IS MUST ,
UNADRedwhiteGNADMNADDarkSNOYESHnoRetromolararea,CANDIDIASIS,SPECKLED LEUKOPLAKIA, INFLAMATORY LESION,SYMPTOMATIC TREATMENT & FOLLOW UP IS MUST ,
UNADRedwhiteGNADMNADDarkSNOYESHnoLip,CANDIDIASIS,SPECKLED LEUKOPLAKIA, INFLAMATORY LESION,SYMPTOMATIC TREATMENT & FOLLOW UP IS MUST ,
UNADRedwhiteGNADMNADDarkSNOYESHnoGingiva,CANDIDIASIS,SPECKLED LEUKOPLAKIA, INFLAMATORY LESION,SYMPTOMATIC TREATMENT & FOLLOW UP IS MUST ,
UNADRedwhiteGNADMNADDarkSNOYESHnoFloor,CANDIDIASIS,SPECKLED LEUKOPLAKIA, INFLAMATORY LESION,SYMPTOMATIC TREATMENT & FOLLOW UP IS MUST ,
UNADRedwhiteGNADMNADDarkSNOYESHnoDorsumtongue,CANDIDIASIS,SPECKLED LEUKOPLAKIA, INFLAMATORY LESION,SYMPTOMATIC TREATMENT & FOLLOW UP IS MUST ,
UNADRedwhiteGNADMNADDarkSNOYESHnoLateraltongue,CANDIDIASIS,SPECKLED LEUKOPLAKIA, INFLAMATORY LESION,SYMPTOMATIC TREATMENT & FOLLOW UP IS MUST ,
,,,,,
,,,,,
UNADRedwhiteGNADMNADPiNADSNOYESHnoBmucosa,CANDIDIASIS,SPECKLED LEUKOPLAKIA, INFLAMATORY LESION,SYMPTOMATIC TREATMENT & FOLLOW UP IS MUST ,
UNADRedwhiteGNADMNADPiNADSNOYESHnoBsulcus,CANDIDIASIS,SPECKLED LEUKOPLAKIA, INFLAMATORY LESION,SYMPTOMATIC TREATMENT & FOLLOW UP IS MUST ,
UNADRedwhiteGNADMNADPiNADSNOYESHnoPalate,CANDIDIASIS,SPECKLED LEUKOPLAKIA, INFLAMATORY LESION,SYMPTOMATIC TREATMENT & FOLLOW UP IS MUST ,
UNADRedwhiteGNADMNADPiNADSNOYESHnoFloor,CANDIDIASIS,SPECKLED LEUKOPLAKIA, INFLAMATORY LESION,SYMPTOMATIC TREATMENT & FOLLOW UP IS MUST ,
UNADRedwhiteGNADMNADPiNADSNOYESHnoLateraltongue,CANDIDIASIS,SPECKLED LEUKOPLAKIA, INFLAMATORY LESION,SYMPTOMATIC TREATMENT & FOLLOW UP IS MUST ,
UNADRedwhiteGNADMNADPiNADSNOYESHnoDorsumtongue,CANDIDIASIS,SPECKLED LEUKOPLAKIA, INFLAMATORY LESION,SYMPTOMATIC TREATMENT & FOLLOW UP IS MUST ,
UNADRedwhiteGNADMNADPiNADSNOYESHnoLip,CANDIDIASIS,SPECKLED LEUKOPLAKIA, INFLAMATORY LESION,SYMPTOMATIC TREATMENT & FOLLOW UP IS MUST ,
UNADRedwhiteGNADMNADPiNADSNOYESHnoGingiva,CANDIDIASIS,SPECKLED LEUKOPLAKIA, INFLAMATORY LESION,SYMPTOMATIC TREATMENT & FOLLOW UP IS MUST ,
UNADRedwhiteGNADMNADPiNADSNOYESHnoRetromolararea,CANDIDIASIS,SPECKLED LEUKOPLAKIA, INFLAMATORY LESION,SYMPTOMATIC TREATMENT & FOLLOW UP IS MUST ,
,,,,,
new additions  2825,,,,,
,,,,,
IrregularM1M2RedIrregularM1MarblewhitePiNADSNOYes MouthHnoBmucosa,ORAL SQUAMOUS CELL CARCINOMA,TRAUMATICULCER & CARCINOMA IN SITU,ADVISE SYMPTOMATIC TREATMENT AND FOLLOW UP IS MUST. ADVISE BIOPSY.,,
IrregularM1M2RedIrregularM1MarblewhitePiNADSNOYes MouthHnoBsulcus,ORAL SQUAMOUS CELL CARCINOMA,TRAUMATICULCER & CARCINOMA IN SITU,ADVISE SYMPTOMATIC TREATMENT AND FOLLOW UP IS MUST. ADVISE BIOPSY.,,
IrregularM1M2RedIrregularM1MarblewhitePiNADSNOYes MouthHnoPalate,ORAL SQUAMOUS CELL CARCINOMA,TRAUMATICULCER & CARCINOMA IN SITU,ADVISE SYMPTOMATIC TREATMENT AND FOLLOW UP IS MUST. ADVISE BIOPSY.,,
IrregularM1M2RedIrregularM1MarblewhitePiNADSNOYes MouthHnoFloor,ORAL SQUAMOUS CELL CARCINOMA,TRAUMATICULCER & CARCINOMA IN SITU,ADVISE SYMPTOMATIC TREATMENT AND FOLLOW UP IS MUST. ADVISE BIOPSY.,,
IrregularM1M2WhiteIrregularM1MarblewhitePiNADSNOYes MouthHnoLateraltongue,ORAL SQUAMOUS CELL CARCINOMA,TRAUMATICULCER & CARCINOMA IN SITU,ADVISE SYMPTOMATIC TREATMENT AND FOLLOW UP IS MUST. ADVISE BIOPSY.,,
IrregularM1M2RedIrregularM1MarblewhitePiNADSNOYes MouthHnoDorsumtongue,ORAL SQUAMOUS CELL CARCINOMA,TRAUMATICULCER & CARCINOMA IN SITU,ADVISE SYMPTOMATIC TREATMENT AND FOLLOW UP IS MUST. ADVISE BIOPSY.,,
IrregularM1M2RedIrregularM1MarblewhitePiNADSNOYes MouthHnoLip,ORAL SQUAMOUS CELL CARCINOMA,TRAUMATICULCER & CARCINOMA IN SITU,ADVISE SYMPTOMATIC TREATMENT AND FOLLOW UP IS MUST. ADVISE BIOPSY.,,
IrregularM1M2RedIrregularM1MarblewhitePiNADSNOYes MouthHnoGingiva,ORAL SQUAMOUS CELL CARCINOMA,TRAUMATICULCER & CARCINOMA IN SITU,ADVISE SYMPTOMATIC TREATMENT AND FOLLOW UP IS MUST. ADVISE BIOPSY.,,
IrregularM1M2RedIrregularM1MarblewhitePiNADSNOYes MouthHnoRetromolararea,ORAL SQUAMOUS CELL CARCINOMA,TRAUMATICULCER & CARCINOMA IN SITU,ADVISE SYMPTOMATIC TREATMENT AND FOLLOW UP IS MUST. ADVISE BIOPSY.,,
IrregularM1M2RedIrregularM1MarblewhitePiNADSharpYes MouthHyesBmucosa,ORAL SQUAMOUS CELL CARCINOMA,TRAUMATICULCER & CARCINOMA IN SITU,ADVISE SYMPTOMATIC TREATMENT AND TO STOP THE HABIT. FOLLOW UP IS MUST. REFER TO A SPECIALIST FOR ADVISE ON BIOPSY.,,
IrregularM1M2RedIrregularM1MarblewhitePiNADSharpYes MouthHyesBsulcus,ORAL SQUAMOUS CELL CARCINOMA,TRAUMATICULCER & CARCINOMA IN SITU,ADVISE SYMPTOMATIC TREATMENT AND TO STOP THE HABIT. FOLLOW UP IS MUST. REFER TO A SPECIALIST FOR ADVISE ON BIOPSY.,,
IrregularM1M2RedIrregularM1MarblewhitePiNADSharpYes MouthHyesPalate,ORAL SQUAMOUS CELL CARCINOMA,TRAUMATICULCER & CARCINOMA IN SITU,ADVISE SYMPTOMATIC TREATMENT AND TO STOP THE HABIT. FOLLOW UP IS MUST. REFER TO A SPECIALIST FOR ADVISE ON BIOPSY.,,
IrregularM1M2RedIrregularM1MarblewhitePiNADSharpYes MouthHyesFloor,ORAL SQUAMOUS CELL CARCINOMA,TRAUMATICULCER & CARCINOMA IN SITU,ADVISE SYMPTOMATIC TREATMENT AND TO STOP THE HABIT. FOLLOW UP IS MUST. REFER TO A SPECIALIST FOR ADVISE ON BIOPSY.,,
IrregularM1M2RedIrregularM1MarblewhitePiNADSharpYes MouthHyesLateraltongue,ORAL SQUAMOUS CELL CARCINOMA,TRAUMATICULCER & CARCINOMA IN SITU,ADVISE SYMPTOMATIC TREATMENT AND TO STOP THE HABIT. FOLLOW UP IS MUST. REFER TO A SPECIALIST FOR ADVISE ON BIOPSY.,,
IrregularM1M2RedIrregularM1MarblewhitePiNADSharpYes MouthHyesDorsumtongue,ORAL SQUAMOUS CELL CARCINOMA,TRAUMATICULCER & CARCINOMA IN SITU,ADVISE SYMPTOMATIC TREATMENT AND TO STOP THE HABIT. FOLLOW UP IS MUST. REFER TO A SPECIALIST FOR ADVISE ON BIOPSY.,,
IrregularM1M2RedIrregularM1MarblewhitePiNADSharpYes MouthHyesLip,ORAL SQUAMOUS CELL CARCINOMA,TRAUMATICULCER & CARCINOMA IN SITU,ADVISE SYMPTOMATIC TREATMENT AND TO STOP THE HABIT. FOLLOW UP IS MUST. REFER TO A SPECIALIST FOR ADVISE ON BIOPSY.,,
IrregularM1M2RedIrregularM1MarblewhitePiNADSharpYes MouthHyesGingiva,ORAL SQUAMOUS CELL CARCINOMA,TRAUMATICULCER & CARCINOMA IN SITU,ADVISE SYMPTOMATIC TREATMENT AND TO STOP THE HABIT. FOLLOW UP IS MUST. REFER TO A SPECIALIST FOR ADVISE ON BIOPSY.,,
IrregularM1M2RedIrregularM1MarblewhitePiNADSharpYes MouthHyesRetromolararea,ORAL SQUAMOUS CELL CARCINOMA,TRAUMATICULCER & CARCINOMA IN SITU,ADVISE SYMPTOMATIC TREATMENT AND TO STOP THE HABIT. FOLLOW UP IS MUST. REFER TO A SPECIALIST FOR ADVISE ON BIOPSY.,,
IrregularM1M2RedIrregularM1MarblewhiteDarkSNOYes MouthHnoBmucosa,ORAL SQUAMOUS CELL CARCINOMA,TRAUMATICULCER & CARCINOMA IN SITU,ADVISE SYMPTOMATIC TREATMENT AND FOLLOW UP IS MUST. ADVISE BIOPSY.,,
IrregularM1M2RedIrregularM1MarblewhiteDarkSNOYes MouthHnoBsulcus,ORAL SQUAMOUS CELL CARCINOMA,TRAUMATICULCER & CARCINOMA IN SITU,ADVISE SYMPTOMATIC TREATMENT AND FOLLOW UP IS MUST. ADVISE BIOPSY.,,
IrregularM1M2RedIrregularM1MarblewhiteDarkSNOYes MouthHnoPalate,ORAL SQUAMOUS CELL CARCINOMA,TRAUMATICULCER & CARCINOMA IN SITU,ADVISE SYMPTOMATIC TREATMENT AND FOLLOW UP IS MUST. ADVISE BIOPSY.,,
IrregularM1M2RedIrregularM1MarblewhiteDarkSNOYes MouthHnoFloor,ORAL SQUAMOUS CELL CARCINOMA,TRAUMATICULCER & CARCINOMA IN SITU,ADVISE SYMPTOMATIC TREATMENT AND FOLLOW UP IS MUST. ADVISE BIOPSY.,,
IrregularM1M2RedIrregularM1MarblewhiteDarkSNOYes MouthHnoLateraltongue,ORAL SQUAMOUS CELL CARCINOMA,TRAUMATICULCER & CARCINOMA IN SITU,ADVISE SYMPTOMATIC TREATMENT AND FOLLOW UP IS MUST. ADVISE BIOPSY.,,
IrregularM1M2RedIrregularM1MarblewhiteDarkSNOYes MouthHnoDorsumtongue,ORAL SQUAMOUS CELL CARCINOMA,TRAUMATICULCER & CARCINOMA IN SITU,ADVISE SYMPTOMATIC TREATMENT AND FOLLOW UP IS MUST. ADVISE BIOPSY.,,
IrregularM1M2RedIrregularM1MarblewhiteDarkSNOYes MouthHnoLip,ORAL SQUAMOUS CELL CARCINOMA,TRAUMATICULCER & CARCINOMA IN SITU,ADVISE SYMPTOMATIC TREATMENT AND FOLLOW UP IS MUST. ADVISE BIOPSY.,,
IrregularM1M2RedIrregularM1MarblewhiteDarkSNOYes MouthHnoGingiva,ORAL SQUAMOUS CELL CARCINOMA,TRAUMATICULCER & CARCINOMA IN SITU,ADVISE SYMPTOMATIC TREATMENT AND FOLLOW UP IS MUST. ADVISE BIOPSY.,,
IrregularM1M2RedIrregularM1MarblewhiteDarkSNOYes MouthHnoRetromolararea,ORAL SQUAMOUS CELL CARCINOMA,TRAUMATICULCER & CARCINOMA IN SITU,ADVISE SYMPTOMATIC TREATMENT AND FOLLOW UP IS MUST. ADVISE BIOPSY.,,
IrregularM1M2RedIrregularM1MarblewhiteDarkSharpYes MouthHyesBmucosa,ORAL SQUAMOUS CELL CARCINOMA,TRAUMATICULCER & CARCINOMA IN SITU,ADVISE SYMPTOMATIC TREATMENT AND TO STOP THE HABIT. FOLLOW UP IS MUST. REFER TO A SPECIALIST FOR ADVISE ON BIOPSY.,,
IrregularM1M2RedIrregularM1MarblewhiteDarkSharpYes MouthHyesBsulcus,ORAL SQUAMOUS CELL CARCINOMA,TRAUMATICULCER & CARCINOMA IN SITU,ADVISE SYMPTOMATIC TREATMENT AND TO STOP THE HABIT. FOLLOW UP IS MUST. REFER TO A SPECIALIST FOR ADVISE ON BIOPSY.,,
IrregularM1M2RedIrregularM1MarblewhiteDarkSharpYes MouthHyesPalate,ORAL SQUAMOUS CELL CARCINOMA,TRAUMATICULCER & CARCINOMA IN SITU,ADVISE SYMPTOMATIC TREATMENT AND TO STOP THE HABIT. FOLLOW UP IS MUST. REFER TO A SPECIALIST FOR ADVISE ON BIOPSY.,,
IrregularM1M2RedIrregularM1MarblewhiteDarkSharpYes MouthHyesFloor,ORAL SQUAMOUS CELL CARCINOMA,TRAUMATICULCER & CARCINOMA IN SITU,ADVISE SYMPTOMATIC TREATMENT AND TO STOP THE HABIT. FOLLOW UP IS MUST. REFER TO A SPECIALIST FOR ADVISE ON BIOPSY.,,
IrregularM1M2RedIrregularM1MarblewhiteDarkSharpYes MouthHyesLateraltongue,ORAL SQUAMOUS CELL CARCINOMA,TRAUMATICULCER & CARCINOMA IN SITU,ADVISE SYMPTOMATIC TREATMENT AND TO STOP THE HABIT. FOLLOW UP IS MUST. REFER TO A SPECIALIST FOR ADVISE ON BIOPSY.,,
IrregularM1M2RedIrregularM1MarblewhiteDarkSharpYes MouthHyesDorsumtongue,ORAL SQUAMOUS CELL CARCINOMA,TRAUMATICULCER & CARCINOMA IN SITU,ADVISE SYMPTOMATIC TREATMENT AND TO STOP THE HABIT. FOLLOW UP IS MUST. REFER TO A SPECIALIST FOR ADVISE ON BIOPSY.,,
IrregularM1M2RedIrregularM1MarblewhiteDarkSharpYes MouthHyesLip,ORAL SQUAMOUS CELL CARCINOMA,TRAUMATICULCER & CARCINOMA IN SITU,ADVISE SYMPTOMATIC TREATMENT AND TO STOP THE HABIT. FOLLOW UP IS MUST. REFER TO A SPECIALIST FOR ADVISE ON BIOPSY.,,
IrregularM1M2RedIrregularM1MarblewhiteDarkSharpYes MouthHyesGingiva,ORAL SQUAMOUS CELL CARCINOMA,TRAUMATICULCER & CARCINOMA IN SITU,ADVISE SYMPTOMATIC TREATMENT AND TO STOP THE HABIT. FOLLOW UP IS MUST. REFER TO A SPECIALIST FOR ADVISE ON BIOPSY.,,
IrregularM1M2RedIrregularM1MarblewhiteDarkSharpYes MouthHyesRetromolararea,ORAL SQUAMOUS CELL CARCINOMA,TRAUMATICULCER & CARCINOMA IN SITU,ADVISE SYMPTOMATIC TREATMENT AND TO STOP THE HABIT. FOLLOW UP IS MUST. REFER TO A SPECIALIST FOR ADVISE ON BIOPSY.,,
IrregularM1M2RedGNADMarblewhitePiNADSNOYes MouthHnoBmucosa,SPECKLED LEUKOPLAKIA,OSMF & CARCINOMA IN SITU,ADVISE SYMPTOMATIC TREATMENT AND FOLLOW UP IS MUST. ADVISE BIOPSY.,,
IrregularM1M2RedGNADMarblewhitePiNADSNOYes MouthHnoBsulcus,SPECKLED LEUKOPLAKIA,OSMF & CARCINOMA IN SITU,ADVISE SYMPTOMATIC TREATMENT AND FOLLOW UP IS MUST. ADVISE BIOPSY.,,
IrregularM1M2RedGNADMarblewhitePiNADSNOYes MouthHnoPalate,SPECKLED LEUKOPLAKIA,OSMF & CARCINOMA IN SITU,ADVISE SYMPTOMATIC TREATMENT AND FOLLOW UP IS MUST. ADVISE BIOPSY.,,
IrregularM1M2RedGNADMarblewhitePiNADSNOYes MouthHnoFloor,SPECKLED LEUKOPLAKIA,OSMF & CARCINOMA IN SITU,ADVISE SYMPTOMATIC TREATMENT AND FOLLOW UP IS MUST. ADVISE BIOPSY.,,
IrregularM1M2RedGNADMarblewhitePiNADSNOYes MouthHnoLateraltongue,SPECKLED LEUKOPLAKIA,OSMF & CARCINOMA IN SITU,ADVISE SYMPTOMATIC TREATMENT AND FOLLOW UP IS MUST. ADVISE BIOPSY.,,
IrregularM1M2RedGNADMarblewhitePiNADSNOYes MouthHnoDorsumtongue,SPECKLED LEUKOPLAKIA,OSMF & CARCINOMA IN SITU,ADVISE SYMPTOMATIC TREATMENT AND FOLLOW UP IS MUST. ADVISE BIOPSY.,,
IrregularM1M2RedGNADMarblewhitePiNADSNOYes MouthHnoLip,SPECKLED LEUKOPLAKIA,OSMF & CARCINOMA IN SITU,ADVISE SYMPTOMATIC TREATMENT AND FOLLOW UP IS MUST. ADVISE BIOPSY.,,
IrregularM1M2RedGNADMarblewhitePiNADSNOYes MouthHnoGingiva,SPECKLED LEUKOPLAKIA,OSMF & CARCINOMA IN SITU,ADVISE SYMPTOMATIC TREATMENT AND FOLLOW UP IS MUST. ADVISE BIOPSY.,,
IrregularM1M2RedGNADMarblewhitePiNADSNOYes MouthHnoRetromolararea,SPECKLED LEUKOPLAKIA,OSMF & CARCINOMA IN SITU,ADVISE SYMPTOMATIC TREATMENT AND FOLLOW UP IS MUST. ADVISE BIOPSY.,,
IrregularM1M2RedGNADMarblewhitePiNADSharpYes MouthHyesBmucosa,SPECKLED LEUKOPLAKIA,OSMF & CARCINOMA IN SITU,ADVISE SYMPTOMATIC TREATMENT AND TO STOP THE HABIT. FOLLOW UP IS MUST. REFER TO A SPECIALIST FOR ADVISE ON BIOPSY.,,
IrregularM1M2RedGNADMarblewhitePiNADSharpYes MouthHyesBsulcus,SPECKLED LEUKOPLAKIA,OSMF & CARCINOMA IN SITU,ADVISE SYMPTOMATIC TREATMENT AND TO STOP THE HABIT. FOLLOW UP IS MUST. REFER TO A SPECIALIST FOR ADVISE ON BIOPSY.,,
IrregularM1M2RedGNADMarblewhitePiNADSharpYes MouthHyesPalate,SPECKLED LEUKOPLAKIA,OSMF & CARCINOMA IN SITU,ADVISE SYMPTOMATIC TREATMENT AND TO STOP THE HABIT. FOLLOW UP IS MUST. REFER TO A SPECIALIST FOR ADVISE ON BIOPSY.,,
IrregularM1M2RedGNADMarblewhitePiNADSharpYes MouthHyesFloor,SPECKLED LEUKOPLAKIA,OSMF & CARCINOMA IN SITU,ADVISE SYMPTOMATIC TREATMENT AND TO STOP THE HABIT. FOLLOW UP IS MUST. REFER TO A SPECIALIST FOR ADVISE ON BIOPSY.,,
IrregularM1M2RedGNADMarblewhitePiNADSharpYes MouthHyesLateraltongue,SPECKLED LEUKOPLAKIA,OSMF & CARCINOMA IN SITU,ADVISE SYMPTOMATIC TREATMENT AND TO STOP THE HABIT. FOLLOW UP IS MUST. REFER TO A SPECIALIST FOR ADVISE ON BIOPSY.,,
IrregularM1M2RedGNADMarblewhitePiNADSharpYes MouthHyesDorsumtongue,SPECKLED LEUKOPLAKIA,OSMF & CARCINOMA IN SITU,ADVISE SYMPTOMATIC TREATMENT AND TO STOP THE HABIT. FOLLOW UP IS MUST. REFER TO A SPECIALIST FOR ADVISE ON BIOPSY.,,
IrregularM1M2RedGNADMarblewhitePiNADSharpYes MouthHyesLip,SPECKLED LEUKOPLAKIA,OSMF & CARCINOMA IN SITU,ADVISE SYMPTOMATIC TREATMENT AND TO STOP THE HABIT. FOLLOW UP IS MUST. REFER TO A SPECIALIST FOR ADVISE ON BIOPSY.,,
IrregularM1M2RedGNADMarblewhitePiNADSharpYes MouthHyesGingiva,SPECKLED LEUKOPLAKIA,OSMF & CARCINOMA IN SITU,ADVISE SYMPTOMATIC TREATMENT AND TO STOP THE HABIT. FOLLOW UP IS MUST. REFER TO A SPECIALIST FOR ADVISE ON BIOPSY.,,
IrregularM1M2RedGNADMarblewhitePiNADSharpYes MouthHyesRetromolararea,SPECKLED LEUKOPLAKIA,OSMF & CARCINOMA IN SITU,ADVISE SYMPTOMATIC TREATMENT AND TO STOP THE HABIT. FOLLOW UP IS MUST. REFER TO A SPECIALIST FOR ADVISE ON BIOPSY.,,
IrregularM1M2RedGNADMarblewhiteDarkSNOYes MouthHnoBmucosa,SPECKLED LEUKOPLAKIA,OSMF & CARCINOMA IN SITU,ADVISE SYMPTOMATIC TREATMENT AND FOLLOW UP IS MUST. ADVISE BIOPSY.,,
IrregularM1M2RedGNADMarblewhiteDarkSNOYes MouthHnoBsulcus,SPECKLED LEUKOPLAKIA,OSMF & CARCINOMA IN SITU,ADVISE SYMPTOMATIC TREATMENT AND FOLLOW UP IS MUST. ADVISE BIOPSY.,,
IrregularM1M2RedGNADMarblewhiteDarkSNOYes MouthHnoPalate,SPECKLED LEUKOPLAKIA,OSMF & CARCINOMA IN SITU,ADVISE SYMPTOMATIC TREATMENT AND FOLLOW UP IS MUST. ADVISE BIOPSY.,,
IrregularM1M2RedGNADMarblewhiteDarkSNOYes MouthHnoFloor,SPECKLED LEUKOPLAKIA,OSMF & CARCINOMA IN SITU,ADVISE SYMPTOMATIC TREATMENT AND FOLLOW UP IS MUST. ADVISE BIOPSY.,,
IrregularM1M2RedGNADMarblewhiteDarkSNOYes MouthHnoLateraltongue,SPECKLED LEUKOPLAKIA,OSMF & CARCINOMA IN SITU,ADVISE SYMPTOMATIC TREATMENT AND FOLLOW UP IS MUST. ADVISE BIOPSY.,,
IrregularM1M2RedGNADMarblewhiteDarkSNOYes MouthHnoDorsumtongue,SPECKLED LEUKOPLAKIA,OSMF & CARCINOMA IN SITU,ADVISE SYMPTOMATIC TREATMENT AND FOLLOW UP IS MUST. ADVISE BIOPSY.,,
IrregularM1M2RedGNADMarblewhiteDarkSNOYes MouthHnoLip,SPECKLED LEUKOPLAKIA,OSMF & CARCINOMA IN SITU,ADVISE SYMPTOMATIC TREATMENT AND FOLLOW UP IS MUST. ADVISE BIOPSY.,,
IrregularM1M2RedGNADMarblewhiteDarkSNOYes MouthHnoGingiva,SPECKLED LEUKOPLAKIA,OSMF & CARCINOMA IN SITU,ADVISE SYMPTOMATIC TREATMENT AND FOLLOW UP IS MUST. ADVISE BIOPSY.,,
IrregularM1M2RedGNADMarblewhiteDarkSNOYes MouthHnoRetromolararea,SPECKLED LEUKOPLAKIA,OSMF & CARCINOMA IN SITU,ADVISE SYMPTOMATIC TREATMENT AND FOLLOW UP IS MUST. ADVISE BIOPSY.,,
IrregularM1M2RedGNADMarblewhiteDarkSharpYes MouthHyesBmucosa,SPECKLED LEUKOPLAKIA,OSMF & CARCINOMA IN SITU,ADVISE SYMPTOMATIC TREATMENT AND TO STOP THE HABIT. FOLLOW UP IS MUST. REFER TO A SPECIALIST FOR ADVISE ON BIOPSY.,,
IrregularM1M2RedGNADMarblewhiteDarkSharpYes MouthHyesBsulcus,SPECKLED LEUKOPLAKIA,OSMF & CARCINOMA IN SITU,ADVISE SYMPTOMATIC TREATMENT AND TO STOP THE HABIT. FOLLOW UP IS MUST. REFER TO A SPECIALIST FOR ADVISE ON BIOPSY.,,
IrregularM1M2RedGNADMarblewhiteDarkSharpYes MouthHyesPalate,SPECKLED LEUKOPLAKIA,OSMF & CARCINOMA IN SITU,ADVISE SYMPTOMATIC TREATMENT AND TO STOP THE HABIT. FOLLOW UP IS MUST. REFER TO A SPECIALIST FOR ADVISE ON BIOPSY.,,
IrregularM1M2RedGNADMarblewhiteDarkSharpYes MouthHyesFloor,SPECKLED LEUKOPLAKIA,OSMF & CARCINOMA IN SITU,ADVISE SYMPTOMATIC TREATMENT AND TO STOP THE HABIT. FOLLOW UP IS MUST. REFER TO A SPECIALIST FOR ADVISE ON BIOPSY.,,
IrregularM1M2RedGNADMarblewhiteDarkSharpYes MouthHyesLateraltongue,SPECKLED LEUKOPLAKIA,OSMF & CARCINOMA IN SITU,ADVISE SYMPTOMATIC TREATMENT AND TO STOP THE HABIT. FOLLOW UP IS MUST. REFER TO A SPECIALIST FOR ADVISE ON BIOPSY.,,
IrregularM1M2RedGNADMarblewhiteDarkSharpYes MouthHyesDorsumtongue,SPECKLED LEUKOPLAKIA,OSMF & CARCINOMA IN SITU,ADVISE SYMPTOMATIC TREATMENT AND TO STOP THE HABIT. FOLLOW UP IS MUST. REFER TO A SPECIALIST FOR ADVISE ON BIOPSY.,,
IrregularM1M2RedGNADMarblewhiteDarkSharpYes MouthHyesLip,SPECKLED LEUKOPLAKIA,OSMF & CARCINOMA IN SITU,ADVISE SYMPTOMATIC TREATMENT AND TO STOP THE HABIT. FOLLOW UP IS MUST. REFER TO A SPECIALIST FOR ADVISE ON BIOPSY.,,
IrregularM1M2RedGNADMarblewhiteDarkSharpYes MouthHyesGingiva,SPECKLED LEUKOPLAKIA,OSMF & CARCINOMA IN SITU,ADVISE SYMPTOMATIC TREATMENT AND TO STOP THE HABIT. FOLLOW UP IS MUST. REFER TO A SPECIALIST FOR ADVISE ON BIOPSY.,,
IrregularM1M2RedGNADMarblewhiteDarkSharpYes MouthHyesRetromolararea,SPECKLED LEUKOPLAKIA,OSMF & CARCINOMA IN SITU,ADVISE SYMPTOMATIC TREATMENT AND TO STOP THE HABIT. FOLLOW UP IS MUST. REFER TO A SPECIALIST FOR ADVISE ON BIOPSY.,,
IrregularM1M2WhiteIrregularM1MarblewhitePiNADSNOYes MouthHnoBmucosa,ORAL SQUAMOUS CELL CARCINOMA,TRAUMATICULCER & CARCINOMA IN SITU,ADVISE SYMPTOMATIC TREATMENT AND FOLLOW UP IS MUST. ADVISE BIOPSY.,,
IrregularM1M2WhiteIrregularM1MarblewhitePiNADSNOYes MouthHnoBsulcus,ORAL SQUAMOUS CELL CARCINOMA,TRAUMATICULCER & CARCINOMA IN SITU,ADVISE SYMPTOMATIC TREATMENT AND FOLLOW UP IS MUST. ADVISE BIOPSY.,,
IrregularM1M2WhiteIrregularM1MarblewhitePiNADSNOYes MouthHnoPalate,ORAL SQUAMOUS CELL CARCINOMA,TRAUMATICULCER & CARCINOMA IN SITU,ADVISE SYMPTOMATIC TREATMENT AND FOLLOW UP IS MUST. ADVISE BIOPSY.,,
IrregularM1M2WhiteIrregularM1MarblewhitePiNADSNOYes MouthHnoFloor,ORAL SQUAMOUS CELL CARCINOMA,TRAUMATICULCER & CARCINOMA IN SITU,ADVISE SYMPTOMATIC TREATMENT AND FOLLOW UP IS MUST. ADVISE BIOPSY.,,
IrregularM1M2WhiteIrregularM1MarblewhitePiNADSNOYes MouthHnoLateraltongue,ORAL SQUAMOUS CELL CARCINOMA,TRAUMATICULCER & CARCINOMA IN SITU,ADVISE SYMPTOMATIC TREATMENT AND FOLLOW UP IS MUST. ADVISE BIOPSY.,,
IrregularM1M2WhiteIrregularM1MarblewhitePiNADSNOYes MouthHnoDorsumtongue,ORAL SQUAMOUS CELL CARCINOMA,TRAUMATICULCER & CARCINOMA IN SITU,ADVISE SYMPTOMATIC TREATMENT AND FOLLOW UP IS MUST. ADVISE BIOPSY.,,
IrregularM1M2WhiteIrregularM1MarblewhitePiNADSNOYes MouthHnoLip,ORAL SQUAMOUS CELL CARCINOMA,TRAUMATICULCER & CARCINOMA IN SITU,ADVISE SYMPTOMATIC TREATMENT AND FOLLOW UP IS MUST. ADVISE BIOPSY.,,
IrregularM1M2WhiteIrregularM1MarblewhitePiNADSNOYes MouthHnoGingiva,ORAL SQUAMOUS CELL CARCINOMA,TRAUMATICULCER & CARCINOMA IN SITU,ADVISE SYMPTOMATIC TREATMENT AND FOLLOW UP IS MUST. ADVISE BIOPSY.,,
IrregularM1M2WhiteIrregularM1MarblewhitePiNADSNOYes MouthHnoRetromolararea,ORAL SQUAMOUS CELL CARCINOMA,TRAUMATICULCER & CARCINOMA IN SITU,ADVISE SYMPTOMATIC TREATMENT AND FOLLOW UP IS MUST. ADVISE BIOPSY.,,
IrregularM1M2WhiteIrregularM1MarblewhitePiNADSharpYes MouthHyesBmucosa,ORAL SQUAMOUS CELL CARCINOMA,TRAUMATICULCER & CARCINOMA IN SITU,ADVISE SYMPTOMATIC TREATMENT AND TO STOP THE HABIT. FOLLOW UP IS MUST. REFER TO A SPECIALIST FOR ADVISE ON BIOPSY.,,
IrregularM1M2WhiteIrregularM1MarblewhitePiNADSharpYes MouthHyesBsulcus,ORAL SQUAMOUS CELL CARCINOMA,TRAUMATICULCER & CARCINOMA IN SITU,ADVISE SYMPTOMATIC TREATMENT AND TO STOP THE HABIT. FOLLOW UP IS MUST. REFER TO A SPECIALIST FOR ADVISE ON BIOPSY.,,
IrregularM1M2WhiteIrregularM1MarblewhitePiNADSharpYes MouthHyesPalate,ORAL SQUAMOUS CELL CARCINOMA,TRAUMATICULCER & CARCINOMA IN SITU,ADVISE SYMPTOMATIC TREATMENT AND TO STOP THE HABIT. FOLLOW UP IS MUST. REFER TO A SPECIALIST FOR ADVISE ON BIOPSY.,,
IrregularM1M2WhiiteIrregularM1MarblewhitePiNADSharpYes MouthHyesFloor,ORAL SQUAMOUS CELL CARCINOMA,TRAUMATICULCER & CARCINOMA IN SITU,ADVISE SYMPTOMATIC TREATMENT AND TO STOP THE HABIT. FOLLOW UP IS MUST. REFER TO A SPECIALIST FOR ADVISE ON BIOPSY.,,
IrregularM1M2WhiteIrregularM1MarblewhitePiNADSharpYes MouthHyesLateraltongue,ORAL SQUAMOUS CELL CARCINOMA,TRAUMATICULCER & CARCINOMA IN SITU,ADVISE SYMPTOMATIC TREATMENT AND TO STOP THE HABIT. FOLLOW UP IS MUST. REFER TO A SPECIALIST FOR ADVISE ON BIOPSY.,,
IrregularM1M2WhiteIrregularM1MarblewhitePiNADSharpYes MouthHyesDorsumtongue,ORAL SQUAMOUS CELL CARCINOMA,TRAUMATICULCER & CARCINOMA IN SITU,ADVISE SYMPTOMATIC TREATMENT AND TO STOP THE HABIT. FOLLOW UP IS MUST. REFER TO A SPECIALIST FOR ADVISE ON BIOPSY.,,
IrregularM1M2WhiteIrregularM1MarblewhitePiNADSharpYes MouthHyesLip,ORAL SQUAMOUS CELL CARCINOMA,TRAUMATICULCER & CARCINOMA IN SITU,ADVISE SYMPTOMATIC TREATMENT AND TO STOP THE HABIT. FOLLOW UP IS MUST. REFER TO A SPECIALIST FOR ADVISE ON BIOPSY.,,
IrregularM1M2WhiteIrregularM1MarblewhitePiNADSharpYes MouthHyesGingiva,ORAL SQUAMOUS CELL CARCINOMA,TRAUMATICULCER & CARCINOMA IN SITU,ADVISE SYMPTOMATIC TREATMENT AND TO STOP THE HABIT. FOLLOW UP IS MUST. REFER TO A SPECIALIST FOR ADVISE ON BIOPSY.,,
IrregularM1M2WhiteIrregularM1MarblewhitePiNADSharpYes MouthHyesRetromolararea,ORAL SQUAMOUS CELL CARCINOMA,TRAUMATICULCER & CARCINOMA IN SITU,ADVISE SYMPTOMATIC TREATMENT AND TO STOP THE HABIT. FOLLOW UP IS MUST. REFER TO A SPECIALIST FOR ADVISE ON BIOPSY.,,
IrregularM1M2WhiteIrregularM1MarblewhiteDarkSNOYes MouthHnoBmucosa,ORAL SQUAMOUS CELL CARCINOMA,TRAUMATICULCER & CARCINOMA IN SITU,ADVISE SYMPTOMATIC TREATMENT AND FOLLOW UP IS MUST. ADVISE BIOPSY.,,
IrregularM1M2WhiteIrregularM1MarblewhiteDarkSNOYes MouthHnoBsulcus,ORAL SQUAMOUS CELL CARCINOMA,TRAUMATICULCER & CARCINOMA IN SITU,ADVISE SYMPTOMATIC TREATMENT AND FOLLOW UP IS MUST. ADVISE BIOPSY.,,
IrregularM1M2WhiteIrregularM1MarblewhiteDarkSNOYes MouthHnoPalate,ORAL SQUAMOUS CELL CARCINOMA,TRAUMATICULCER & CARCINOMA IN SITU,ADVISE SYMPTOMATIC TREATMENT AND FOLLOW UP IS MUST. ADVISE BIOPSY.,,
IrregularM1M2WhiteIrregularM1MarblewhiteDarkSNOYes MouthHnoFloor,ORAL SQUAMOUS CELL CARCINOMA,TRAUMATICULCER & CARCINOMA IN SITU,ADVISE SYMPTOMATIC TREATMENT AND FOLLOW UP IS MUST. ADVISE BIOPSY.,,
IrregularM1M2WhiteIrregularM1MarblewhiteDarkSNOYes MouthHnoLateraltongue,ORAL SQUAMOUS CELL CARCINOMA,TRAUMATICULCER & CARCINOMA IN SITU,ADVISE SYMPTOMATIC TREATMENT AND FOLLOW UP IS MUST. ADVISE BIOPSY.,,
IrregularM1M2WhiteIrregularM1MarblewhiteDarkSNOYes MouthHnoDorsumtongue,ORAL SQUAMOUS CELL CARCINOMA,TRAUMATICULCER & CARCINOMA IN SITU,ADVISE SYMPTOMATIC TREATMENT AND FOLLOW UP IS MUST. ADVISE BIOPSY.,,
IrregularM1M2WhiteIrregularM1MarblewhiteDarkSNOYes MouthHnoLip,ORAL SQUAMOUS CELL CARCINOMA,TRAUMATICULCER & CARCINOMA IN SITU,ADVISE SYMPTOMATIC TREATMENT AND FOLLOW UP IS MUST. ADVISE BIOPSY.,,
IrregularM1M2WhiteIrregularM1MarblewhiteDarkSNOYes MouthHnoGingiva,ORAL SQUAMOUS CELL CARCINOMA,TRAUMATICULCER & CARCINOMA IN SITU,ADVISE SYMPTOMATIC TREATMENT AND FOLLOW UP IS MUST. ADVISE BIOPSY.,,
IrregularM1M2WhiteIrregularM1MarblewhiteDarkSNOYes MouthHnoRetromolararea,ORAL SQUAMOUS CELL CARCINOMA,TRAUMATICULCER & CARCINOMA IN SITU,ADVISE SYMPTOMATIC TREATMENT AND FOLLOW UP IS MUST. ADVISE BIOPSY.,,
IrregularM1M2WhiteIrregularM1MarblewhiteDarkSharpYes MouthHyesBmucosa,ORAL SQUAMOUS CELL CARCINOMA,TRAUMATICULCER & CARCINOMA IN SITU,ADVISE SYMPTOMATIC TREATMENT AND TO STOP THE HABIT. FOLLOW UP IS MUST. REFER TO A SPECIALIST FOR ADVISE ON BIOPSY.,,
IrregularM1M2WhiteIrregularM1MarblewhiteDarkSharpYes MouthHyesBsulcus,ORAL SQUAMOUS CELL CARCINOMA,TRAUMATICULCER & CARCINOMA IN SITU,ADVISE SYMPTOMATIC TREATMENT AND TO STOP THE HABIT. FOLLOW UP IS MUST. REFER TO A SPECIALIST FOR ADVISE ON BIOPSY.,,
IrregularM1M2WhiteIrregularM1MarblewhiteDarkSharpYes MouthHyesPalate,ORAL SQUAMOUS CELL CARCINOMA,TRAUMATICULCER & CARCINOMA IN SITU,ADVISE SYMPTOMATIC TREATMENT AND TO STOP THE HABIT. FOLLOW UP IS MUST. REFER TO A SPECIALIST FOR ADVISE ON BIOPSY.,,
IrregularM1M2WhiteIrregularM1MarblewhiteDarkSharpYes MouthHyesFloor,ORAL SQUAMOUS CELL CARCINOMA,TRAUMATICULCER & CARCINOMA IN SITU,ADVISE SYMPTOMATIC TREATMENT AND TO STOP THE HABIT. FOLLOW UP IS MUST. REFER TO A SPECIALIST FOR ADVISE ON BIOPSY.,,
IrregularM1M2WhiteIrregularM1MarblewhiteDarkSharpYes MouthHyesLateraltongue,ORAL SQUAMOUS CELL CARCINOMA,TRAUMATICULCER & CARCINOMA IN SITU,ADVISE SYMPTOMATIC TREATMENT AND TO STOP THE HABIT. FOLLOW UP IS MUST. REFER TO A SPECIALIST FOR ADVISE ON BIOPSY.,,
IrregularM1M2WhiteIrregularM1MarblewhiteDarkSharpYes MouthHyesDorsumtongue,ORAL SQUAMOUS CELL CARCINOMA,TRAUMATICULCER & CARCINOMA IN SITU,ADVISE SYMPTOMATIC TREATMENT AND TO STOP THE HABIT. FOLLOW UP IS MUST. REFER TO A SPECIALIST FOR ADVISE ON BIOPSY.,,
IrregularM1M2WhiteIrregularM1MarblewhiteDarkSharpYes MouthHyesLip,ORAL SQUAMOUS CELL CARCINOMA,TRAUMATICULCER & CARCINOMA IN SITU,ADVISE SYMPTOMATIC TREATMENT AND TO STOP THE HABIT. FOLLOW UP IS MUST. REFER TO A SPECIALIST FOR ADVISE ON BIOPSY.,,
IrregularM1M2WhiteIrregularM1MarblewhiteDarkSharpYes MouthHyesGingiva,ORAL SQUAMOUS CELL CARCINOMA,TRAUMATICULCER & CARCINOMA IN SITU,ADVISE SYMPTOMATIC TREATMENT AND TO STOP THE HABIT. FOLLOW UP IS MUST. REFER TO A SPECIALIST FOR ADVISE ON BIOPSY.,,
IrregularM1M2WhiteIrregularM1MarblewhiteDarkSharpYes MouthHyesRetromolararea,ORAL SQUAMOUS CELL CARCINOMA,TRAUMATICULCER & CARCINOMA IN SITU,ADVISE SYMPTOMATIC TREATMENT AND TO STOP THE HABIT. FOLLOW UP IS MUST. REFER TO A SPECIALIST FOR ADVISE ON BIOPSY.,,
IrregularM1M2WhiteGNADMarblewhitePiNADSNOYes MouthHnoBmucosa,SPECKLED LEUKOPLAKIA,OSMF & CARCINOMA IN SITU,ADVISE SYMPTOMATIC TREATMENT AND FOLLOW UP IS MUST. ADVISE BIOPSY.,,
IrregularM1M2WhiteGNADMarblewhitePiNADSNOYes MouthHnoBsulcus,SPECKLED LEUKOPLAKIA,OSMF & CARCINOMA IN SITU,ADVISE SYMPTOMATIC TREATMENT AND FOLLOW UP IS MUST. ADVISE BIOPSY.,,
IrregularM1M2WhiteGNADMarblewhitePiNADSNOYes MouthHnoPalate,SPECKLED LEUKOPLAKIA,OSMF & CARCINOMA IN SITU,ADVISE SYMPTOMATIC TREATMENT AND FOLLOW UP IS MUST. ADVISE BIOPSY.,,
IrregularM1M2WhiteGNADMarblewhitePiNADSNOYes MouthHnoFloor,SPECKLED LEUKOPLAKIA,OSMF & CARCINOMA IN SITU,ADVISE SYMPTOMATIC TREATMENT AND FOLLOW UP IS MUST. ADVISE BIOPSY.,,
IrregularM1M2WhiteGNADMarblewhitePiNADSNOYes MouthHnoLateraltongue,SPECKLED LEUKOPLAKIA,OSMF & CARCINOMA IN SITU,ADVISE SYMPTOMATIC TREATMENT AND FOLLOW UP IS MUST. ADVISE BIOPSY.,,
IrregularM1M2WhiteGNADMarblewhitePiNADSNOYes MouthHnoDorsumtongue,SPECKLED LEUKOPLAKIA,OSMF & CARCINOMA IN SITU,ADVISE SYMPTOMATIC TREATMENT AND FOLLOW UP IS MUST. ADVISE BIOPSY.,,
IrregularM1M2WhiteGNADMarblewhitePiNADSNOYes MouthHnoLip,SPECKLED LEUKOPLAKIA,OSMF & CARCINOMA IN SITU,ADVISE SYMPTOMATIC TREATMENT AND FOLLOW UP IS MUST. ADVISE BIOPSY.,,
IrregularM1M2WhiteGNADMarblewhitePiNADSNOYes MouthHnoGingiva,SPECKLED LEUKOPLAKIA,OSMF & CARCINOMA IN SITU,ADVISE SYMPTOMATIC TREATMENT AND FOLLOW UP IS MUST. ADVISE BIOPSY.,,
IrregularM1M2WhiteGNADMarblewhitePiNADSNOYes MouthHnoRetromolararea,SPECKLED LEUKOPLAKIA,OSMF & CARCINOMA IN SITU,ADVISE SYMPTOMATIC TREATMENT AND FOLLOW UP IS MUST. ADVISE BIOPSY.,,
IrregularM1M2WhiteGNADMarblewhitePiNADSharpYes MouthHyesBmucosa,SPECKLED LEUKOPLAKIA,OSMF & CARCINOMA IN SITU,ADVISE SYMPTOMATIC TREATMENT AND TO STOP THE HABIT. FOLLOW UP IS MUST. REFER TO A SPECIALIST FOR ADVISE ON BIOPSY.,,
IrregularM1M2WhiteGNADMarblewhitePiNADSharpYes MouthHyesBsulcus,SPECKLED LEUKOPLAKIA,OSMF & CARCINOMA IN SITU,ADVISE SYMPTOMATIC TREATMENT AND TO STOP THE HABIT. FOLLOW UP IS MUST. REFER TO A SPECIALIST FOR ADVISE ON BIOPSY.,,
IrregularM1M2WhiteGNADMarblewhitePiNADSharpYes MouthHyesPalate,SPECKLED LEUKOPLAKIA,OSMF & CARCINOMA IN SITU,ADVISE SYMPTOMATIC TREATMENT AND TO STOP THE HABIT. FOLLOW UP IS MUST. REFER TO A SPECIALIST FOR ADVISE ON BIOPSY.,,
IrregularM1M2WhiteGNADMarblewhitePiNADSharpYes MouthHyesFloor,SPECKLED LEUKOPLAKIA,OSMF & CARCINOMA IN SITU,ADVISE SYMPTOMATIC TREATMENT AND TO STOP THE HABIT. FOLLOW UP IS MUST. REFER TO A SPECIALIST FOR ADVISE ON BIOPSY.,,
IrregularM1M2WhiteGNADMarblewhitePiNADSharpYes MouthHyesLateraltongue,SPECKLED LEUKOPLAKIA,OSMF & CARCINOMA IN SITU,ADVISE SYMPTOMATIC TREATMENT AND TO STOP THE HABIT. FOLLOW UP IS MUST. REFER TO A SPECIALIST FOR ADVISE ON BIOPSY.,,
IrregularM1M2WhiteGNADMarblewhitePiNADSharpYes MouthHyesDorsumtongue,SPECKLED LEUKOPLAKIA,OSMF & CARCINOMA IN SITU,ADVISE SYMPTOMATIC TREATMENT AND TO STOP THE HABIT. FOLLOW UP IS MUST. REFER TO A SPECIALIST FOR ADVISE ON BIOPSY.,,
IrregularM1M2WhiteGNADMarblewhitePiNADSharpYes MouthHyesLip,SPECKLED LEUKOPLAKIA,OSMF & CARCINOMA IN SITU,ADVISE SYMPTOMATIC TREATMENT AND TO STOP THE HABIT. FOLLOW UP IS MUST. REFER TO A SPECIALIST FOR ADVISE ON BIOPSY.,,
IrregularM1M2WhiteGNADMarblewhitePiNADSharpYes MouthHyesGingiva,SPECKLED LEUKOPLAKIA,OSMF & CARCINOMA IN SITU,ADVISE SYMPTOMATIC TREATMENT AND TO STOP THE HABIT. FOLLOW UP IS MUST. REFER TO A SPECIALIST FOR ADVISE ON BIOPSY.,,
IrregularM1M2WhiteGNADMarblewhitePiNADSharpYes MouthHyesRetromolararea,SPECKLED LEUKOPLAKIA,OSMF & CARCINOMA IN SITU,ADVISE SYMPTOMATIC TREATMENT AND TO STOP THE HABIT. FOLLOW UP IS MUST. REFER TO A SPECIALIST FOR ADVISE ON BIOPSY.,,
IrregularM1M2WhiteGNADMarblewhiteDarkSNOYes MouthHnoBmucosa,SPECKLED LEUKOPLAKIA,OSMF & CARCINOMA IN SITU,ADVISE SYMPTOMATIC TREATMENT AND FOLLOW UP IS MUST. ADVISE BIOPSY.,,
IrregularM1M2WhiteGNADMarblewhiteDarkSNOYes MouthHnoBsulcus,SPECKLED LEUKOPLAKIA,OSMF & CARCINOMA IN SITU,ADVISE SYMPTOMATIC TREATMENT AND FOLLOW UP IS MUST. ADVISE BIOPSY.,,
IrregularM1M2WhiteGNADMarblewhiteDarkSNOYes MouthHnoPalate,SPECKLED LEUKOPLAKIA,OSMF & CARCINOMA IN SITU,ADVISE SYMPTOMATIC TREATMENT AND FOLLOW UP IS MUST. ADVISE BIOPSY.,,
IrregularM1M2WhiteGNADMarblewhiteDarkSNOYes MouthHnoFloor,SPECKLED LEUKOPLAKIA,OSMF & CARCINOMA IN SITU,ADVISE SYMPTOMATIC TREATMENT AND FOLLOW UP IS MUST. ADVISE BIOPSY.,,
IrregularM1M2WhiteGNADMarblewhiteDarkSNOYes MouthHnoLateraltongue,SPECKLED LEUKOPLAKIA,OSMF & CARCINOMA IN SITU,ADVISE SYMPTOMATIC TREATMENT AND FOLLOW UP IS MUST. ADVISE BIOPSY.,,
IrregularM1M2WhiteGNADMarblewhiteDarkSNOYes MouthHnoDorsumtongue,SPECKLED LEUKOPLAKIA,OSMF & CARCINOMA IN SITU,ADVISE SYMPTOMATIC TREATMENT AND FOLLOW UP IS MUST. ADVISE BIOPSY.,,
IrregularM1M2WhiteGNADMarblewhiteDarkSNOYes MouthHnoLip,SPECKLED LEUKOPLAKIA,OSMF & CARCINOMA IN SITU,ADVISE SYMPTOMATIC TREATMENT AND FOLLOW UP IS MUST. ADVISE BIOPSY.,,
IrregularM1M2WhiteGNADMarblewhiteDarkSNOYes MouthHnoGingiva,SPECKLED LEUKOPLAKIA,OSMF & CARCINOMA IN SITU,ADVISE SYMPTOMATIC TREATMENT AND FOLLOW UP IS MUST. ADVISE BIOPSY.,,
IrregularM1M2WhiteGNADMarblewhiteDarkSNOYes MouthHnoRetromolararea,SPECKLED LEUKOPLAKIA,OSMF & CARCINOMA IN SITU,ADVISE SYMPTOMATIC TREATMENT AND FOLLOW UP IS MUST. ADVISE BIOPSY.,,
IrregularM1M2WhiteGNADMarblewhiteDarkSharpYes MouthHyesBmucosa,SPECKLED LEUKOPLAKIA,OSMF & CARCINOMA IN SITU,ADVISE SYMPTOMATIC TREATMENT AND TO STOP THE HABIT. FOLLOW UP IS MUST. REFER TO A SPECIALIST FOR ADVISE ON BIOPSY.,,
IrregularM1M2WhiteGNADMarblewhiteDarkSharpYes MouthHyesBsulcus,SPECKLED LEUKOPLAKIA,OSMF & CARCINOMA IN SITU,ADVISE SYMPTOMATIC TREATMENT AND TO STOP THE HABIT. FOLLOW UP IS MUST. REFER TO A SPECIALIST FOR ADVISE ON BIOPSY.,,
IrregularM1M2WhiteGNADMarblewhiteDarkSharpYes MouthHyesPalate,SPECKLED LEUKOPLAKIA,OSMF & CARCINOMA IN SITU,ADVISE SYMPTOMATIC TREATMENT AND TO STOP THE HABIT. FOLLOW UP IS MUST. REFER TO A SPECIALIST FOR ADVISE ON BIOPSY.,,
IrregularM1M2WhiteGNADMarblewhiteDarkSharpYes MouthHyesFloor,SPECKLED LEUKOPLAKIA,OSMF & CARCINOMA IN SITU,ADVISE SYMPTOMATIC TREATMENT AND TO STOP THE HABIT. FOLLOW UP IS MUST. REFER TO A SPECIALIST FOR ADVISE ON BIOPSY.,,
IrregularM1M2WhiteGNADMarblewhiteDarkSharpYes MouthHyesLateraltongue,SPECKLED LEUKOPLAKIA,OSMF & CARCINOMA IN SITU,ADVISE SYMPTOMATIC TREATMENT AND TO STOP THE HABIT. FOLLOW UP IS MUST. REFER TO A SPECIALIST FOR ADVISE ON BIOPSY.,,
IrregularM1M2WhiteGNADMarblewhiteDarkSharpYes MouthHyesDorsumtongue,SPECKLED LEUKOPLAKIA,OSMF & CARCINOMA IN SITU,ADVISE SYMPTOMATIC TREATMENT AND TO STOP THE HABIT. FOLLOW UP IS MUST. REFER TO A SPECIALIST FOR ADVISE ON BIOPSY.,,
IrregularM1M2WhiteGNADMarblewhiteDarkSharpYes MouthHyesLip,SPECKLED LEUKOPLAKIA,OSMF & CARCINOMA IN SITU,ADVISE SYMPTOMATIC TREATMENT AND TO STOP THE HABIT. FOLLOW UP IS MUST. REFER TO A SPECIALIST FOR ADVISE ON BIOPSY.,,
IrregularM1M2WhiteGNADMarblewhiteDarkSharpYes MouthHyesGingiva,SPECKLED LEUKOPLAKIA,OSMF & CARCINOMA IN SITU,ADVISE SYMPTOMATIC TREATMENT AND TO STOP THE HABIT. FOLLOW UP IS MUST. REFER TO A SPECIALIST FOR ADVISE ON BIOPSY.,,
IrregularM1M2WhiteGNADMarblewhiteDarkSharpYes MouthHyesRetromolararea,SPECKLED LEUKOPLAKIA,OSMF & CARCINOMA IN SITU,ADVISE SYMPTOMATIC TREATMENT AND TO STOP THE HABIT. FOLLOW UP IS MUST. REFER TO A SPECIALIST FOR ADVISE ON BIOPSY.,,
IrregularM1M2PNADIrregularM1MarblewhitePiNADSNOYes MouthHnoBmucosa,ORAL SQUAMOUS CELL CARCINOMA,TRAUMATICULCER & CARCINOMA IN SITU,ADVISE SYMPTOMATIC TREATMENT AND FOLLOW UP IS MUST. ADVISE BIOPSY.,,
IrregularM1M2PNADIrregularM1MarblewhitePiNADSNOYes MouthHnoBsulcus,ORAL SQUAMOUS CELL CARCINOMA,TRAUMATICULCER & CARCINOMA IN SITU,ADVISE SYMPTOMATIC TREATMENT AND FOLLOW UP IS MUST. ADVISE BIOPSY.,,
IrregularM1M2PNADIrregularM1MarblewhitePiNADSNOYes MouthHnoPalate,ORAL SQUAMOUS CELL CARCINOMA,TRAUMATICULCER & CARCINOMA IN SITU,ADVISE SYMPTOMATIC TREATMENT AND FOLLOW UP IS MUST. ADVISE BIOPSY.,,
IrregularM1M2PNADIrregularM1MarblewhitePiNADSNOYes MouthHnoFloor,ORAL SQUAMOUS CELL CARCINOMA,TRAUMATICULCER & CARCINOMA IN SITU,ADVISE SYMPTOMATIC TREATMENT AND FOLLOW UP IS MUST. ADVISE BIOPSY.,,
IrregularM1M2PNADIrregularM1MarblewhitePiNADSNOYes MouthHnoLateraltongue,ORAL SQUAMOUS CELL CARCINOMA,TRAUMATICULCER & CARCINOMA IN SITU,ADVISE SYMPTOMATIC TREATMENT AND FOLLOW UP IS MUST. ADVISE BIOPSY.,,
IrregularM1M2PNADIrregularM1MarblewhitePiNADSNOYes MouthHnoDorsumtongue,ORAL SQUAMOUS CELL CARCINOMA,TRAUMATICULCER & CARCINOMA IN SITU,ADVISE SYMPTOMATIC TREATMENT AND FOLLOW UP IS MUST. ADVISE BIOPSY.,,
IrregularM1M2PNADIrregularM1MarblewhitePiNADSNOYes MouthHnoLip,ORAL SQUAMOUS CELL CARCINOMA,TRAUMATICULCER & CARCINOMA IN SITU,ADVISE SYMPTOMATIC TREATMENT AND FOLLOW UP IS MUST. ADVISE BIOPSY.,,
IrregularM1M2PNADIrregularM1MarblewhitePiNADSNOYes MouthHnoGingiva,ORAL SQUAMOUS CELL CARCINOMA,TRAUMATICULCER & CARCINOMA IN SITU,ADVISE SYMPTOMATIC TREATMENT AND FOLLOW UP IS MUST. ADVISE BIOPSY.,,
IrregularM1M2PNADIrregularM1MarblewhitePiNADSNOYes MouthHnoRetromolararea,ORAL SQUAMOUS CELL CARCINOMA,TRAUMATICULCER & CARCINOMA IN SITU,ADVISE SYMPTOMATIC TREATMENT AND FOLLOW UP IS MUST. ADVISE BIOPSY.,,
IrregularM1M2PNADIrregularM1MarblewhitePiNADSharpYes MouthHyesBmucosa,ORAL SQUAMOUS CELL CARCINOMA,TRAUMATICULCER & CARCINOMA IN SITU,ADVISE SYMPTOMATIC TREATMENT AND TO STOP THE HABIT. FOLLOW UP IS MUST. REFER TO A SPECIALIST FOR ADVISE ON BIOPSY.,,
IrregularM1M2PNADIrregularM1MarblewhitePiNADSharpYes MouthHyesBsulcus,ORAL SQUAMOUS CELL CARCINOMA,TRAUMATICULCER & CARCINOMA IN SITU,ADVISE SYMPTOMATIC TREATMENT AND TO STOP THE HABIT. FOLLOW UP IS MUST. REFER TO A SPECIALIST FOR ADVISE ON BIOPSY.,,
IrregularM1M2PNADIrregularM1MarblewhitePiNADSharpYes MouthHyesPalate,ORAL SQUAMOUS CELL CARCINOMA,TRAUMATICULCER & CARCINOMA IN SITU,ADVISE SYMPTOMATIC TREATMENT AND TO STOP THE HABIT. FOLLOW UP IS MUST. REFER TO A SPECIALIST FOR ADVISE ON BIOPSY.,,
IrregularM1M2PNADIrregularM1MarblewhitePiNADSharpYes MouthHyesFloor,ORAL SQUAMOUS CELL CARCINOMA,TRAUMATICULCER & CARCINOMA IN SITU,ADVISE SYMPTOMATIC TREATMENT AND TO STOP THE HABIT. FOLLOW UP IS MUST. REFER TO A SPECIALIST FOR ADVISE ON BIOPSY.,,
IrregularM1M2PNADIrregularM1MarblewhitePiNADSharpYes MouthHyesLateraltongue,ORAL SQUAMOUS CELL CARCINOMA,TRAUMATICULCER & CARCINOMA IN SITU,ADVISE SYMPTOMATIC TREATMENT AND TO STOP THE HABIT. FOLLOW UP IS MUST. REFER TO A SPECIALIST FOR ADVISE ON BIOPSY.,,
IrregularM1M2PNADIrregularM1MarblewhitePiNADSharpYes MouthHyesDorsumtongue,ORAL SQUAMOUS CELL CARCINOMA,TRAUMATICULCER & CARCINOMA IN SITU,ADVISE SYMPTOMATIC TREATMENT AND TO STOP THE HABIT. FOLLOW UP IS MUST. REFER TO A SPECIALIST FOR ADVISE ON BIOPSY.,,
IrregularM1M2PNADIrregularM1MarblewhitePiNADSharpYes MouthHyesLip,ORAL SQUAMOUS CELL CARCINOMA,TRAUMATICULCER & CARCINOMA IN SITU,ADVISE SYMPTOMATIC TREATMENT AND TO STOP THE HABIT. FOLLOW UP IS MUST. REFER TO A SPECIALIST FOR ADVISE ON BIOPSY.,,
IrregularM1M2PNADIrregularM1MarblewhitePiNADSharpYes MouthHyesGingiva,ORAL SQUAMOUS CELL CARCINOMA,TRAUMATICULCER & CARCINOMA IN SITU,ADVISE SYMPTOMATIC TREATMENT AND TO STOP THE HABIT. FOLLOW UP IS MUST. REFER TO A SPECIALIST FOR ADVISE ON BIOPSY.,,
IrregularM1M2PNADIrregularM1MarblewhitePiNADSharpYes MouthHyesRetromolararea,ORAL SQUAMOUS CELL CARCINOMA,TRAUMATICULCER & CARCINOMA IN SITU,ADVISE SYMPTOMATIC TREATMENT AND TO STOP THE HABIT. FOLLOW UP IS MUST. REFER TO A SPECIALIST FOR ADVISE ON BIOPSY.,,
IrregularM1M2PNADIrregularM1MarblewhiteDarkSNOYes MouthHnoBmucosa,ORAL SQUAMOUS CELL CARCINOMA,TRAUMATICULCER & CARCINOMA IN SITU,ADVISE SYMPTOMATIC TREATMENT AND FOLLOW UP IS MUST. ADVISE BIOPSY.,,
IrregularM1M2PNADIrregularM1MarblewhiteDarkSNOYes MouthHnoBsulcus,ORAL SQUAMOUS CELL CARCINOMA,TRAUMATICULCER & CARCINOMA IN SITU,ADVISE SYMPTOMATIC TREATMENT AND FOLLOW UP IS MUST. ADVISE BIOPSY.,,
IrregularM1M2PNADIrregularM1MarblewhiteDarkSNOYes MouthHnoPalate,ORAL SQUAMOUS CELL CARCINOMA,TRAUMATICULCER & CARCINOMA IN SITU,ADVISE SYMPTOMATIC TREATMENT AND FOLLOW UP IS MUST. ADVISE BIOPSY.,,
IrregularM1M2PNADIrregularM1MarblewhiteDarkSNOYes MouthHnoFloor,ORAL SQUAMOUS CELL CARCINOMA,TRAUMATICULCER & CARCINOMA IN SITU,ADVISE SYMPTOMATIC TREATMENT AND FOLLOW UP IS MUST. ADVISE BIOPSY.,,
IrregularM1M2PNADIrregularM1MarblewhiteDarkSNOYes MouthHnoLateraltongue,ORAL SQUAMOUS CELL CARCINOMA,TRAUMATICULCER & CARCINOMA IN SITU,ADVISE SYMPTOMATIC TREATMENT AND FOLLOW UP IS MUST. ADVISE BIOPSY.,,
IrregularM1M2PNADIrregularM1MarblewhiteDarkSNOYes MouthHnoDorsumtongue,ORAL SQUAMOUS CELL CARCINOMA,TRAUMATICULCER & CARCINOMA IN SITU,ADVISE SYMPTOMATIC TREATMENT AND FOLLOW UP IS MUST. ADVISE BIOPSY.,,
IrregularM1M2PNADIrregularM1MarblewhiteDarkSNOYes MouthHnoLip,ORAL SQUAMOUS CELL CARCINOMA,TRAUMATICULCER & CARCINOMA IN SITU,ADVISE SYMPTOMATIC TREATMENT AND FOLLOW UP IS MUST. ADVISE BIOPSY.,,
IrregularM1M2BADIrregularM1MarblewhiteDarkSNOYes MouthHnoGingiva,ORAL SQUAMOUS CELL CARCINOMA,TRAUMATICULCER & CARCINOMA IN SITU,ADVISE SYMPTOMATIC TREATMENT AND FOLLOW UP IS MUST. ADVISE BIOPSY.,,
IrregularM1M2PNADIrregularM1MarblewhiteDarkSNOYes MouthHnoRetromolararea,ORAL SQUAMOUS CELL CARCINOMA,TRAUMATICULCER & CARCINOMA IN SITU,ADVISE SYMPTOMATIC TREATMENT AND FOLLOW UP IS MUST. ADVISE BIOPSY.,,
IrregularM1M2PNADIrregularM1MarblewhiteDarkSharpYes MouthHyesBmucosa,ORAL SQUAMOUS CELL CARCINOMA,TRAUMATICULCER & CARCINOMA IN SITU,ADVISE SYMPTOMATIC TREATMENT AND TO STOP THE HABIT. FOLLOW UP IS MUST. REFER TO A SPECIALIST FOR ADVISE ON BIOPSY.,,
IrregularM1M2PNADIrregularM1MarblewhiteDarkSharpYes MouthHyesBsulcus,ORAL SQUAMOUS CELL CARCINOMA,TRAUMATICULCER & CARCINOMA IN SITU,ADVISE SYMPTOMATIC TREATMENT AND TO STOP THE HABIT. FOLLOW UP IS MUST. REFER TO A SPECIALIST FOR ADVISE ON BIOPSY.,,
IrregularM1M2PNADIrregularM1MarblewhiteDarkSharpYes MouthHyesPalate,ORAL SQUAMOUS CELL CARCINOMA,TRAUMATICULCER & CARCINOMA IN SITU,ADVISE SYMPTOMATIC TREATMENT AND TO STOP THE HABIT. FOLLOW UP IS MUST. REFER TO A SPECIALIST FOR ADVISE ON BIOPSY.,,
IrregularM1M2PNADIrregularM1MarblewhiteDarkSharpYes MouthHyesFloor,ORAL SQUAMOUS CELL CARCINOMA,TRAUMATICULCER & CARCINOMA IN SITU,ADVISE SYMPTOMATIC TREATMENT AND TO STOP THE HABIT. FOLLOW UP IS MUST. REFER TO A SPECIALIST FOR ADVISE ON BIOPSY.,,
IrregularM1M2PNADIrregularM1MarblewhiteDarkSharpYes MouthHyesLateraltongue,ORAL SQUAMOUS CELL CARCINOMA,TRAUMATICULCER & CARCINOMA IN SITU,ADVISE SYMPTOMATIC TREATMENT AND TO STOP THE HABIT. FOLLOW UP IS MUST. REFER TO A SPECIALIST FOR ADVISE ON BIOPSY.,,
IrregularM1M2PNADIrregularM1MarblewhiteDarkSharpYes MouthHyesDorsumtongue,ORAL SQUAMOUS CELL CARCINOMA,TRAUMATICULCER & CARCINOMA IN SITU,ADVISE SYMPTOMATIC TREATMENT AND TO STOP THE HABIT. FOLLOW UP IS MUST. REFER TO A SPECIALIST FOR ADVISE ON BIOPSY.,,
IrregularM1M2PNADIrregularM1MarblewhiteDarkSharpYes MouthHyesLip,ORAL SQUAMOUS CELL CARCINOMA,TRAUMATICULCER & CARCINOMA IN SITU,ADVISE SYMPTOMATIC TREATMENT AND TO STOP THE HABIT. FOLLOW UP IS MUST. REFER TO A SPECIALIST FOR ADVISE ON BIOPSY.,,
IrregularM1M2PNADIrregularM1MarblewhiteDarkSharpYes MouthHyesGingiva,ORAL SQUAMOUS CELL CARCINOMA,TRAUMATICULCER & CARCINOMA IN SITU,ADVISE SYMPTOMATIC TREATMENT AND TO STOP THE HABIT. FOLLOW UP IS MUST. REFER TO A SPECIALIST FOR ADVISE ON BIOPSY.,,
IrregularM1M2PNADIrregularM1MarblewhiteDarkSharpYes MouthHyesRetromolararea,ORAL SQUAMOUS CELL CARCINOMA,TRAUMATICULCER & CARCINOMA IN SITU,ADVISE SYMPTOMATIC TREATMENT AND TO STOP THE HABIT. FOLLOW UP IS MUST. REFER TO A SPECIALIST FOR ADVISE ON BIOPSY.,,
IrregularM1M2PNADGNADMarblewhitePiNADSNOYes MouthHnoBmucosa,SPECKLED LEUKOPLAKIA,OSMF & CARCINOMA IN SITU,ADVISE SYMPTOMATIC TREATMENT AND FOLLOW UP IS MUST. ADVISE BIOPSY.,,
IrregularM1M2PNADGNADMarblewhitePiNADSNOYes MouthHnoBsulcus,SPECKLED LEUKOPLAKIA,OSMF & CARCINOMA IN SITU,ADVISE SYMPTOMATIC TREATMENT AND FOLLOW UP IS MUST. ADVISE BIOPSY.,,
IrregularM1M2PNADGNADMarblewhitePiNADSNOYes MouthHnoPalate,SPECKLED LEUKOPLAKIA,OSMF & CARCINOMA IN SITU,ADVISE SYMPTOMATIC TREATMENT AND FOLLOW UP IS MUST. ADVISE BIOPSY.,,
IrregularM1M2PNADGNADMarblewhitePiNADSNOYes MouthHnoFloor,SPECKLED LEUKOPLAKIA,OSMF & CARCINOMA IN SITU,ADVISE SYMPTOMATIC TREATMENT AND FOLLOW UP IS MUST. ADVISE BIOPSY.,,
IrregularM1M2PNADGNADMarblewhitePiNADSNOYes MouthHnoLateraltongue,SPECKLED LEUKOPLAKIA,OSMF & CARCINOMA IN SITU,ADVISE SYMPTOMATIC TREATMENT AND FOLLOW UP IS MUST. ADVISE BIOPSY.,,
IrregularM1M2PNADGNADMarblewhitePiNADSNOYes MouthHnoDorsumtongue,SPECKLED LEUKOPLAKIA,OSMF & CARCINOMA IN SITU,ADVISE SYMPTOMATIC TREATMENT AND FOLLOW UP IS MUST. ADVISE BIOPSY.,,
IrregularM1M2PNADGNADMarblewhitePiNADSNOYes MouthHnoLip,SPECKLED LEUKOPLAKIA,OSMF & CARCINOMA IN SITU,ADVISE SYMPTOMATIC TREATMENT AND FOLLOW UP IS MUST. ADVISE BIOPSY.,,
IrregularM1M2PNADGNADMarblewhitePiNADSNOYes MouthHnoGingiva,SPECKLED LEUKOPLAKIA,OSMF & CARCINOMA IN SITU,ADVISE SYMPTOMATIC TREATMENT AND FOLLOW UP IS MUST. ADVISE BIOPSY.,,
IrregularM1M2PNADGNADMarblewhitePiNADSNOYes MouthHnoRetromolararea,SPECKLED LEUKOPLAKIA,OSMF & CARCINOMA IN SITU,ADVISE SYMPTOMATIC TREATMENT AND FOLLOW UP IS MUST. ADVISE BIOPSY.,,
IrregularM1M2PNADGNADMarblewhitePiNADSharpYes MouthHyesBmucosa,SPECKLED LEUKOPLAKIA,OSMF & CARCINOMA IN SITU,ADVISE SYMPTOMATIC TREATMENT AND TO STOP THE HABIT. FOLLOW UP IS MUST. REFER TO A SPECIALIST FOR ADVISE ON BIOPSY.,,
IrregularM1M2PNADGNADMarblewhitePiNADSharpYes MouthHyesBsulcus,SPECKLED LEUKOPLAKIA,OSMF & CARCINOMA IN SITU,ADVISE SYMPTOMATIC TREATMENT AND TO STOP THE HABIT. FOLLOW UP IS MUST. REFER TO A SPECIALIST FOR ADVISE ON BIOPSY.,,
IrregularM1M2PNADGNADMarblewhitePiNADSharpYes MouthHyesPalate,SPECKLED LEUKOPLAKIA,OSMF & CARCINOMA IN SITU,ADVISE SYMPTOMATIC TREATMENT AND TO STOP THE HABIT. FOLLOW UP IS MUST. REFER TO A SPECIALIST FOR ADVISE ON BIOPSY.,,
IrregularM1M2PNADGNADMarblewhitePiNADSharpYes MouthHyesFloor,SPECKLED LEUKOPLAKIA,OSMF & CARCINOMA IN SITU,ADVISE SYMPTOMATIC TREATMENT AND TO STOP THE HABIT. FOLLOW UP IS MUST. REFER TO A SPECIALIST FOR ADVISE ON BIOPSY.,,
IrregularM1M2PNADGNADMarblewhitePiNADSharpYes MouthHyesLateraltongue,SPECKLED LEUKOPLAKIA,OSMF & CARCINOMA IN SITU,ADVISE SYMPTOMATIC TREATMENT AND TO STOP THE HABIT. FOLLOW UP IS MUST. REFER TO A SPECIALIST FOR ADVISE ON BIOPSY.,,
IrregularM1M2PNADGNADMarblewhitePiNADSharpYes MouthHyesDorsumtongue,SPECKLED LEUKOPLAKIA,OSMF & CARCINOMA IN SITU,ADVISE SYMPTOMATIC TREATMENT AND TO STOP THE HABIT. FOLLOW UP IS MUST. REFER TO A SPECIALIST FOR ADVISE ON BIOPSY.,,
IrregularM1M2PNADGNADMarblewhitePiNADSharpYes MouthHyesLip,SPECKLED LEUKOPLAKIA,OSMF & CARCINOMA IN SITU,ADVISE SYMPTOMATIC TREATMENT AND TO STOP THE HABIT. FOLLOW UP IS MUST. REFER TO A SPECIALIST FOR ADVISE ON BIOPSY.,,
IrregularM1M2PNADGNADMarblewhitePiNADSharpYes MouthHyesGingiva,SPECKLED LEUKOPLAKIA,OSMF & CARCINOMA IN SITU,ADVISE SYMPTOMATIC TREATMENT AND TO STOP THE HABIT. FOLLOW UP IS MUST. REFER TO A SPECIALIST FOR ADVISE ON BIOPSY.,,
IrregularM1M2PNADGNADMarblewhitePiNADSharpYes MouthHyesRetromolararea,SPECKLED LEUKOPLAKIA,OSMF & CARCINOMA IN SITU,ADVISE SYMPTOMATIC TREATMENT AND TO STOP THE HABIT. FOLLOW UP IS MUST. REFER TO A SPECIALIST FOR ADVISE ON BIOPSY.,,
IrregularM1M2PNADGNADMarblewhiteDarkSNOYes MouthHnoBmucosa,SPECKLED LEUKOPLAKIA,OSMF & CARCINOMA IN SITU,ADVISE SYMPTOMATIC TREATMENT AND FOLLOW UP IS MUST. ADVISE BIOPSY.,,
IrregularM1M2PNADGNADMarblewhiteDarkSNOYes MouthHnoBsulcus,SPECKLED LEUKOPLAKIA,OSMF & CARCINOMA IN SITU,ADVISE SYMPTOMATIC TREATMENT AND FOLLOW UP IS MUST. ADVISE BIOPSY.,,
IrregularM1M2PNADGNADMarblewhiteDarkSNOYes MouthHnoPalate,SPECKLED LEUKOPLAKIA,OSMF & CARCINOMA IN SITU,ADVISE SYMPTOMATIC TREATMENT AND FOLLOW UP IS MUST. ADVISE BIOPSY.,,
IrregularM1M2PNADGNADMarblewhiteDarkSNOYes MouthHnoFloor,SPECKLED LEUKOPLAKIA,OSMF & CARCINOMA IN SITU,ADVISE SYMPTOMATIC TREATMENT AND FOLLOW UP IS MUST. ADVISE BIOPSY.,,
IrregularM1M2PNADGNADMarblewhiteDarkSNOYes MouthHnoLateraltongue,SPECKLED LEUKOPLAKIA,OSMF & CARCINOMA IN SITU,ADVISE SYMPTOMATIC TREATMENT AND FOLLOW UP IS MUST. ADVISE BIOPSY.,,
IrregularM1M2PNADGNADMarblewhiteDarkSNOYes MouthHnoDorsumtongue,SPECKLED LEUKOPLAKIA,OSMF & CARCINOMA IN SITU,ADVISE SYMPTOMATIC TREATMENT AND FOLLOW UP IS MUST. ADVISE BIOPSY.,,
IrregularM1M2PNADGNADMarblewhiteDarkSNOYes MouthHnoLip,SPECKLED LEUKOPLAKIA,OSMF & CARCINOMA IN SITU,ADVISE SYMPTOMATIC TREATMENT AND FOLLOW UP IS MUST. ADVISE BIOPSY.,,
IrregularM1M2PNADGNADMarblewhiteDarkSNOYes MouthHnoGingiva,SPECKLED LEUKOPLAKIA,OSMF & CARCINOMA IN SITU,ADVISE SYMPTOMATIC TREATMENT AND FOLLOW UP IS MUST. ADVISE BIOPSY.,,
IrregularM1M2PNADGNADMarblewhiteDarkSNOYes MouthHnoRetromolararea,SPECKLED LEUKOPLAKIA,OSMF & CARCINOMA IN SITU,ADVISE SYMPTOMATIC TREATMENT AND FOLLOW UP IS MUST. ADVISE BIOPSY.,,
IrregularM1M2PNADGNADMarblewhiteDarkSharpYes MouthHyesBmucosa,SPECKLED LEUKOPLAKIA,OSMF & CARCINOMA IN SITU,ADVISE SYMPTOMATIC TREATMENT AND TO STOP THE HABIT. FOLLOW UP IS MUST. REFER TO A SPECIALIST FOR ADVISE ON BIOPSY.,,
IrregularM1M2PNADGNADMarblewhiteDarkSharpYes MouthHyesBsulcus,SPECKLED LEUKOPLAKIA,OSMF & CARCINOMA IN SITU,ADVISE SYMPTOMATIC TREATMENT AND TO STOP THE HABIT. FOLLOW UP IS MUST. REFER TO A SPECIALIST FOR ADVISE ON BIOPSY.,,
IrregularM1M2PNADGNADMarblewhiteDarkSharpYes MouthHyesPalate,SPECKLED LEUKOPLAKIA,OSMF & CARCINOMA IN SITU,ADVISE SYMPTOMATIC TREATMENT AND TO STOP THE HABIT. FOLLOW UP IS MUST. REFER TO A SPECIALIST FOR ADVISE ON BIOPSY.,,
IrregularM1M2PNADGNADMarblewhiteDarkSharpYes MouthHyesFloor,SPECKLED LEUKOPLAKIA,OSMF & CARCINOMA IN SITU,ADVISE SYMPTOMATIC TREATMENT AND TO STOP THE HABIT. FOLLOW UP IS MUST. REFER TO A SPECIALIST FOR ADVISE ON BIOPSY.,,
IrregularM1M2PNADGNADMarblewhiteDarkSharpYes MouthHyesLateraltongue,SPECKLED LEUKOPLAKIA,OSMF & CARCINOMA IN SITU,ADVISE SYMPTOMATIC TREATMENT AND TO STOP THE HABIT. FOLLOW UP IS MUST. REFER TO A SPECIALIST FOR ADVISE ON BIOPSY.,,
IrregularM1M2PNADGNADMarblewhiteDarkSharpYes MouthHyesDorsumtongue,SPECKLED LEUKOPLAKIA,OSMF & CARCINOMA IN SITU,ADVISE SYMPTOMATIC TREATMENT AND TO STOP THE HABIT. FOLLOW UP IS MUST. REFER TO A SPECIALIST FOR ADVISE ON BIOPSY.,,
IrregularM1M2PNADGNADMarblewhiteDarkSharpYes MouthHyesLip,SPECKLED LEUKOPLAKIA,OSMF & CARCINOMA IN SITU,ADVISE SYMPTOMATIC TREATMENT AND TO STOP THE HABIT. FOLLOW UP IS MUST. REFER TO A SPECIALIST FOR ADVISE ON BIOPSY.,,
IrregularM1M2PNADGNADMarblewhiteDarkSharpYes MouthHyesGingiva,SPECKLED LEUKOPLAKIA,OSMF & CARCINOMA IN SITU,ADVISE SYMPTOMATIC TREATMENT AND TO STOP THE HABIT. FOLLOW UP IS MUST. REFER TO A SPECIALIST FOR ADVISE ON BIOPSY.,,
IrregularM1M2PNADGNADMarblewhiteDarkSharpYes MouthHyesRetromolararea,SPECKLED LEUKOPLAKIA,OSMF & CARCINOMA IN SITU,ADVISE SYMPTOMATIC TREATMENT AND TO STOP THE HABIT. FOLLOW UP IS MUST. REFER TO A SPECIALIST FOR ADVISE ON BIOPSY.,,
36,,,,,
IrregularM1L2RedIrregularM1MarblewhitePiNADSNOYesHnoBmucosa,TRAUMATICULCER ,ORAL SQUAMOUS CELL CARCINOMA & CARCINOMA IN SITU,ADVISE SYMPTOMATIC TREATMENT AND FOLLOW UP IS MUST. ADVISE BIOPSY.,,
IrregularM1L2RedIrregularM1MarblewhitePiNADSNOYesHnoBsulcus,TRAUMATICULCER ,ORAL SQUAMOUS CELL CARCINOMA & CARCINOMA IN SITU,ADVISE SYMPTOMATIC TREATMENT AND FOLLOW UP IS MUST. ADVISE BIOPSY.,,
IrregularM1L2RedIrregularM1MarblewhitePiNADSNOYesHnoPalate,TRAUMATICULCER ,ORAL SQUAMOUS CELL CARCINOMA & CARCINOMA IN SITU,ADVISE SYMPTOMATIC TREATMENT AND FOLLOW UP IS MUST. ADVISE BIOPSY.,,
IrregularM1L2RedIrregularM1MarblewhitePiNADSNOYesHnoFloor,TRAUMATICULCER ,ORAL SQUAMOUS CELL CARCINOMA & CARCINOMA IN SITU,ADVISE SYMPTOMATIC TREATMENT AND FOLLOW UP IS MUST. ADVISE BIOPSY.,,
IrregularM1L2WhiteIrregularM1MarblewhitePiNADSNOYesHnoLateraltongue,TRAUMATICULCER ,ORAL SQUAMOUS CELL CARCINOMA & CARCINOMA IN SITU,ADVISE SYMPTOMATIC TREATMENT AND FOLLOW UP IS MUST. ADVISE BIOPSY.,,
IrregularM1L2RedIrregularM1MarblewhitePiNADSNOYesHnoDorsumtongue,TRAUMATICULCER ,ORAL SQUAMOUS CELL CARCINOMA & CARCINOMA IN SITU,ADVISE SYMPTOMATIC TREATMENT AND FOLLOW UP IS MUST. ADVISE BIOPSY.,,
IrregularM1L2RedIrregularM1MarblewhitePiNADSNOYesHnoLip,TRAUMATICULCER ,ORAL SQUAMOUS CELL CARCINOMA & CARCINOMA IN SITU,ADVISE SYMPTOMATIC TREATMENT AND FOLLOW UP IS MUST. ADVISE BIOPSY.,,
IrregularM1L2RedIrregularM1MarblewhitePiNADSNOYesHnoGingiva,TRAUMATICULCER ,ORAL SQUAMOUS CELL CARCINOMA & CARCINOMA IN SITU,ADVISE SYMPTOMATIC TREATMENT AND FOLLOW UP IS MUST. ADVISE BIOPSY.,,
IrregularM1L2RedIrregularM1MarblewhitePiNADSNOYesHnoRetromolararea,TRAUMATICULCER ,ORAL SQUAMOUS CELL CARCINOMA & CARCINOMA IN SITU,ADVISE SYMPTOMATIC TREATMENT AND FOLLOW UP IS MUST. ADVISE BIOPSY.,,
IrregularM1L2RedIrregularM1MarblewhitePiNADSharpYesHyesBmucosa,TRAUMATICULCER ,ORAL SQUAMOUS CELL CARCINOMA & CARCINOMA IN SITU,ADVISE SYMPTOMATIC TREATMENT AND TO STOP THE HABIT. FOLLOW UP IS MUST. REFER TO A SPECIALIST FOR ADVISE ON BIOPSY.,,
IrregularM1L2RedIrregularM1MarblewhitePiNADSharpYesHyesBsulcus,TRAUMATICULCER ,ORAL SQUAMOUS CELL CARCINOMA & CARCINOMA IN SITU,ADVISE SYMPTOMATIC TREATMENT AND TO STOP THE HABIT. FOLLOW UP IS MUST. REFER TO A SPECIALIST FOR ADVISE ON BIOPSY.,,
IrregularM1L2RedIrregularM1MarblewhitePiNADSharpYesHyesPalate,TRAUMATICULCER ,ORAL SQUAMOUS CELL CARCINOMA & CARCINOMA IN SITU,ADVISE SYMPTOMATIC TREATMENT AND TO STOP THE HABIT. FOLLOW UP IS MUST. REFER TO A SPECIALIST FOR ADVISE ON BIOPSY.,,
IrregularM1L2RedIrregularM1MarblewhitePiNADSharpYesHyesFloor,TRAUMATICULCER ,ORAL SQUAMOUS CELL CARCINOMA & CARCINOMA IN SITU,ADVISE SYMPTOMATIC TREATMENT AND TO STOP THE HABIT. FOLLOW UP IS MUST. REFER TO A SPECIALIST FOR ADVISE ON BIOPSY.,,
IrregularM1L2RedIrregularM1MarblewhitePiNADSharpYesHyesLateraltongue,TRAUMATICULCER ,ORAL SQUAMOUS CELL CARCINOMA & CARCINOMA IN SITU,ADVISE SYMPTOMATIC TREATMENT AND TO STOP THE HABIT. FOLLOW UP IS MUST. REFER TO A SPECIALIST FOR ADVISE ON BIOPSY.,,
IrregularM1L2RedIrregularM1MarblewhitePiNADSharpYesHyesDorsumtongue,TRAUMATICULCER ,ORAL SQUAMOUS CELL CARCINOMA & CARCINOMA IN SITU,ADVISE SYMPTOMATIC TREATMENT AND TO STOP THE HABIT. FOLLOW UP IS MUST. REFER TO A SPECIALIST FOR ADVISE ON BIOPSY.,,
IrregularM1L2RedIrregularM1MarblewhitePiNADSharpYesHyesLip,TRAUMATICULCER ,ORAL SQUAMOUS CELL CARCINOMA & CARCINOMA IN SITU,ADVISE SYMPTOMATIC TREATMENT AND TO STOP THE HABIT. FOLLOW UP IS MUST. REFER TO A SPECIALIST FOR ADVISE ON BIOPSY.,,
IrregularM1L2RedIrregularM1MarblewhitePiNADSharpYesHyesGingiva,TRAUMATICULCER ,ORAL SQUAMOUS CELL CARCINOMA & CARCINOMA IN SITU,ADVISE SYMPTOMATIC TREATMENT AND TO STOP THE HABIT. FOLLOW UP IS MUST. REFER TO A SPECIALIST FOR ADVISE ON BIOPSY.,,
IrregularM1L2RedIrregularM1MarblewhitePiNADSharpYesHyesRetromolararea,TRAUMATICULCER ,ORAL SQUAMOUS CELL CARCINOMA & CARCINOMA IN SITU,ADVISE SYMPTOMATIC TREATMENT AND TO STOP THE HABIT. FOLLOW UP IS MUST. REFER TO A SPECIALIST FOR ADVISE ON BIOPSY.,,
IrregularM1L2RedIrregularM1MarblewhiteDarkSNOYesHnoBmucosa,TRAUMATICULCER ,ORAL SQUAMOUS CELL CARCINOMA & CARCINOMA IN SITU,ADVISE SYMPTOMATIC TREATMENT AND FOLLOW UP IS MUST. ADVISE BIOPSY.,,
IrregularM1L2RedIrregularM1MarblewhiteDarkSNOYesHnoBsulcus,TRAUMATICULCER ,ORAL SQUAMOUS CELL CARCINOMA & CARCINOMA IN SITU,ADVISE SYMPTOMATIC TREATMENT AND FOLLOW UP IS MUST. ADVISE BIOPSY.,,
IrregularM1L2RedIrregularM1MarblewhiteDarkSNOYesHnoPalate,TRAUMATICULCER ,ORAL SQUAMOUS CELL CARCINOMA & CARCINOMA IN SITU,ADVISE SYMPTOMATIC TREATMENT AND FOLLOW UP IS MUST. ADVISE BIOPSY.,,
IrregularM1L2RedIrregularM1MarblewhiteDarkSNOYesHnoFloor,TRAUMATICULCER ,ORAL SQUAMOUS CELL CARCINOMA & CARCINOMA IN SITU,ADVISE SYMPTOMATIC TREATMENT AND FOLLOW UP IS MUST. ADVISE BIOPSY.,,
IrregularM1L2RedIrregularM1MarblewhiteDarkSNOYesHnoLateraltongue,TRAUMATICULCER ,ORAL SQUAMOUS CELL CARCINOMA & CARCINOMA IN SITU,ADVISE SYMPTOMATIC TREATMENT AND FOLLOW UP IS MUST. ADVISE BIOPSY.,,
IrregularM1L2RedIrregularM1MarblewhiteDarkSNOYesHnoDorsumtongue,TRAUMATICULCER ,ORAL SQUAMOUS CELL CARCINOMA & CARCINOMA IN SITU,ADVISE SYMPTOMATIC TREATMENT AND FOLLOW UP IS MUST. ADVISE BIOPSY.,,
IrregularM1L2RedIrregularM1MarblewhiteDarkSNOYesHnoLip,TRAUMATICULCER ,ORAL SQUAMOUS CELL CARCINOMA & CARCINOMA IN SITU,ADVISE SYMPTOMATIC TREATMENT AND FOLLOW UP IS MUST. ADVISE BIOPSY.,,
IrregularM1L2RedIrregularM1MarblewhiteDarkSNOYesHnoGingiva,TRAUMATICULCER ,ORAL SQUAMOUS CELL CARCINOMA & CARCINOMA IN SITU,ADVISE SYMPTOMATIC TREATMENT AND FOLLOW UP IS MUST. ADVISE BIOPSY.,,
IrregularM1L2RedIrregularM1MarblewhiteDarkSNOYesHnoRetromolararea,TRAUMATICULCER ,ORAL SQUAMOUS CELL CARCINOMA & CARCINOMA IN SITU,ADVISE SYMPTOMATIC TREATMENT AND FOLLOW UP IS MUST. ADVISE BIOPSY.,,
IrregularM1L2RedIrregularM1MarblewhiteDarkSharpYesHyesBmucosa,TRAUMATICULCER ,ORAL SQUAMOUS CELL CARCINOMA & CARCINOMA IN SITU,ADVISE SYMPTOMATIC TREATMENT AND TO STOP THE HABIT. FOLLOW UP IS MUST. REFER TO A SPECIALIST FOR ADVISE ON BIOPSY.,,
IrregularM1L2RedIrregularM1MarblewhiteDarkSharpYesHyesBsulcus,TRAUMATICULCER ,ORAL SQUAMOUS CELL CARCINOMA & CARCINOMA IN SITU,ADVISE SYMPTOMATIC TREATMENT AND TO STOP THE HABIT. FOLLOW UP IS MUST. REFER TO A SPECIALIST FOR ADVISE ON BIOPSY.,,
IrregularM1L2RedIrregularM1MarblewhiteDarkSharpYesHyesPalate,TRAUMATICULCER ,ORAL SQUAMOUS CELL CARCINOMA & CARCINOMA IN SITU,ADVISE SYMPTOMATIC TREATMENT AND TO STOP THE HABIT. FOLLOW UP IS MUST. REFER TO A SPECIALIST FOR ADVISE ON BIOPSY.,,
IrregularM1L2RedIrregularM1MarblewhiteDarkSharpYesHyesFloor,TRAUMATICULCER ,ORAL SQUAMOUS CELL CARCINOMA & CARCINOMA IN SITU,ADVISE SYMPTOMATIC TREATMENT AND TO STOP THE HABIT. FOLLOW UP IS MUST. REFER TO A SPECIALIST FOR ADVISE ON BIOPSY.,,
IrregularM1L2RedIrregularM1MarblewhiteDarkSharpYesHyesLateraltongue,TRAUMATICULCER ,ORAL SQUAMOUS CELL CARCINOMA & CARCINOMA IN SITU,ADVISE SYMPTOMATIC TREATMENT AND TO STOP THE HABIT. FOLLOW UP IS MUST. REFER TO A SPECIALIST FOR ADVISE ON BIOPSY.,,
IrregularM1L2RedIrregularM1MarblewhiteDarkSharpYesHyesDorsumtongue,TRAUMATICULCER ,ORAL SQUAMOUS CELL CARCINOMA & CARCINOMA IN SITU,ADVISE SYMPTOMATIC TREATMENT AND TO STOP THE HABIT. FOLLOW UP IS MUST. REFER TO A SPECIALIST FOR ADVISE ON BIOPSY.,,
IrregularM1L2RedIrregularM1MarblewhiteDarkSharpYesHyesLip,TRAUMATICULCER ,ORAL SQUAMOUS CELL CARCINOMA & CARCINOMA IN SITU,ADVISE SYMPTOMATIC TREATMENT AND TO STOP THE HABIT. FOLLOW UP IS MUST. REFER TO A SPECIALIST FOR ADVISE ON BIOPSY.,,
IrregularM1L2RedIrregularM1MarblewhiteDarkSharpYesHyesGingiva,TRAUMATICULCER ,ORAL SQUAMOUS CELL CARCINOMA & CARCINOMA IN SITU,ADVISE SYMPTOMATIC TREATMENT AND TO STOP THE HABIT. FOLLOW UP IS MUST. REFER TO A SPECIALIST FOR ADVISE ON BIOPSY.,,
IrregularM1L2RedIrregularM1MarblewhiteDarkSharpYesHyesRetromolararea,TRAUMATICULCER ,ORAL SQUAMOUS CELL CARCINOMA & CARCINOMA IN SITU,ADVISE SYMPTOMATIC TREATMENT AND TO STOP THE HABIT. FOLLOW UP IS MUST. REFER TO A SPECIALIST FOR ADVISE ON BIOPSY.,,
IrregularM1L2RedGNADMarblewhitePiNADSNOYesHnoBmucosa,OSMF,TRAUMATICULCER & SPECKLED LEUKOPLAKIA,ADVISE SYMPTOMATIC TREATMENT AND FOLLOW UP IS MUST. ADVISE BIOPSY.,,
IrregularM1L2RedGNADMarblewhitePiNADSNOYesHnoBsulcus,OSMF,TRAUMATICULCER & SPECKLED LEUKOPLAKIA,ADVISE SYMPTOMATIC TREATMENT AND FOLLOW UP IS MUST. ADVISE BIOPSY.,,
IrregularM1L2RedGNADMarblewhitePiNADSNOYesHnoPalate,OSMF,TRAUMATICULCER & SPECKLED LEUKOPLAKIA,ADVISE SYMPTOMATIC TREATMENT AND FOLLOW UP IS MUST. ADVISE BIOPSY.,,
IrregularM1L2RedGNADMarblewhitePiNADSNOYesHnoFloor,OSMF,TRAUMATICULCER & SPECKLED LEUKOPLAKIA,ADVISE SYMPTOMATIC TREATMENT AND FOLLOW UP IS MUST. ADVISE BIOPSY.,,
IrregularM1L2RedGNADMarblewhitePiNADSNOYesHnoLateraltongue,OSMF,TRAUMATICULCER & SPECKLED LEUKOPLAKIA,ADVISE SYMPTOMATIC TREATMENT AND FOLLOW UP IS MUST. ADVISE BIOPSY.,,
IrregularM1L2RedGNADMarblewhitePiNADSNOYesHnoDorsumtongue,OSMF,TRAUMATICULCER & SPECKLED LEUKOPLAKIA,ADVISE SYMPTOMATIC TREATMENT AND FOLLOW UP IS MUST. ADVISE BIOPSY.,,
IrregularM1L2RedGNADMarblewhitePiNADSNOYesHnoLip,OSMF,TRAUMATICULCER & SPECKLED LEUKOPLAKIA,ADVISE SYMPTOMATIC TREATMENT AND FOLLOW UP IS MUST. ADVISE BIOPSY.,,
IrregularM1L2RedGNADMarblewhitePiNADSNOYesHnoGingiva,OSMF,TRAUMATICULCER & SPECKLED LEUKOPLAKIA,ADVISE SYMPTOMATIC TREATMENT AND FOLLOW UP IS MUST. ADVISE BIOPSY.,,
IrregularM1L2RedGNADMarblewhitePiNADSNOYesHnoRetromolararea,OSMF,TRAUMATICULCER & SPECKLED LEUKOPLAKIA,ADVISE SYMPTOMATIC TREATMENT AND FOLLOW UP IS MUST. ADVISE BIOPSY.,,
IrregularM1L2RedGNADMarblewhitePiNADSharpYesHyesBmucosa,OSMF,TRAUMATICULCER & SPECKLED LEUKOPLAKIA,ADVISE SYMPTOMATIC TREATMENT AND TO STOP THE HABIT. FOLLOW UP IS MUST. REFER TO A SPECIALIST FOR ADVISE ON BIOPSY.,,
IrregularM1L2RedGNADMarblewhitePiNADSharpYesHyesBsulcus,OSMF,TRAUMATICULCER & SPECKLED LEUKOPLAKIA,ADVISE SYMPTOMATIC TREATMENT AND TO STOP THE HABIT. FOLLOW UP IS MUST. REFER TO A SPECIALIST FOR ADVISE ON BIOPSY.,,
IrregularM1L2RedGNADMarblewhitePiNADSharpYesHyesPalate,OSMF,TRAUMATICULCER & SPECKLED LEUKOPLAKIA,ADVISE SYMPTOMATIC TREATMENT AND TO STOP THE HABIT. FOLLOW UP IS MUST. REFER TO A SPECIALIST FOR ADVISE ON BIOPSY.,,
IrregularM1L2RedGNADMarblewhitePiNADSharpYesHyesFloor,OSMF,TRAUMATICULCER & SPECKLED LEUKOPLAKIA,ADVISE SYMPTOMATIC TREATMENT AND TO STOP THE HABIT. FOLLOW UP IS MUST. REFER TO A SPECIALIST FOR ADVISE ON BIOPSY.,,
IrregularM1L2RedGNADMarblewhitePiNADSharpYesHyesLateraltongue,OSMF,TRAUMATICULCER & SPECKLED LEUKOPLAKIA,ADVISE SYMPTOMATIC TREATMENT AND TO STOP THE HABIT. FOLLOW UP IS MUST. REFER TO A SPECIALIST FOR ADVISE ON BIOPSY.,,
IrregularM1L2RedGNADMarblewhitePiNADSharpYesHyesDorsumtongue,OSMF,TRAUMATICULCER & SPECKLED LEUKOPLAKIA,ADVISE SYMPTOMATIC TREATMENT AND TO STOP THE HABIT. FOLLOW UP IS MUST. REFER TO A SPECIALIST FOR ADVISE ON BIOPSY.,,
IrregularM1L2RedGNADMarblewhitePiNADSharpYesHyesLip,OSMF,TRAUMATICULCER & SPECKLED LEUKOPLAKIA,ADVISE SYMPTOMATIC TREATMENT AND TO STOP THE HABIT. FOLLOW UP IS MUST. REFER TO A SPECIALIST FOR ADVISE ON BIOPSY.,,
IrregularM1L2RedGNADMarblewhitePiNADSharpYesHyesGingiva,OSMF,TRAUMATICULCER & SPECKLED LEUKOPLAKIA,ADVISE SYMPTOMATIC TREATMENT AND TO STOP THE HABIT. FOLLOW UP IS MUST. REFER TO A SPECIALIST FOR ADVISE ON BIOPSY.,,
IrregularM1L2RedGNADMarblewhitePiNADSharpYesHyesRetromolararea,OSMF,TRAUMATICULCER & SPECKLED LEUKOPLAKIA,ADVISE SYMPTOMATIC TREATMENT AND TO STOP THE HABIT. FOLLOW UP IS MUST. REFER TO A SPECIALIST FOR ADVISE ON BIOPSY.,,
IrregularM1L2RedGNADMarblewhiteDarkSNOYesHnoBmucosa,OSMF,TRAUMATICULCER & SPECKLED LEUKOPLAKIA,ADVISE SYMPTOMATIC TREATMENT AND FOLLOW UP IS MUST. ADVISE BIOPSY.,,
IrregularM1L2RedGNADMarblewhiteDarkSNOYesHnoBsulcus,OSMF,TRAUMATICULCER & SPECKLED LEUKOPLAKIA,ADVISE SYMPTOMATIC TREATMENT AND FOLLOW UP IS MUST. ADVISE BIOPSY.,,
IrregularM1L2RedGNADMarblewhiteDarkSNOYesHnoPalate,OSMF,TRAUMATICULCER & SPECKLED LEUKOPLAKIA,ADVISE SYMPTOMATIC TREATMENT AND FOLLOW UP IS MUST. ADVISE BIOPSY.,,
IrregularM1L2RedGNADMarblewhiteDarkSNOYesHnoFloor,OSMF,TRAUMATICULCER & SPECKLED LEUKOPLAKIA,ADVISE SYMPTOMATIC TREATMENT AND FOLLOW UP IS MUST. ADVISE BIOPSY.,,
IrregularM1L2RedGNADMarblewhiteDarkSNOYesHnoLateraltongue,OSMF,TRAUMATICULCER & SPECKLED LEUKOPLAKIA,ADVISE SYMPTOMATIC TREATMENT AND FOLLOW UP IS MUST. ADVISE BIOPSY.,,
IrregularM1L2RedGNADMarblewhiteDarkSNOYesHnoDorsumtongue,OSMF,TRAUMATICULCER & SPECKLED LEUKOPLAKIA,ADVISE SYMPTOMATIC TREATMENT AND FOLLOW UP IS MUST. ADVISE BIOPSY.,,
IrregularM1L2RedGNADMarblewhiteDarkSNOYesHnoLip,OSMF,TRAUMATICULCER & SPECKLED LEUKOPLAKIA,ADVISE SYMPTOMATIC TREATMENT AND FOLLOW UP IS MUST. ADVISE BIOPSY.,,
IrregularM1L2RedGNADMarblewhiteDarkSNOYesHnoGingiva,OSMF,TRAUMATICULCER & SPECKLED LEUKOPLAKIA,ADVISE SYMPTOMATIC TREATMENT AND FOLLOW UP IS MUST. ADVISE BIOPSY.,,
IrregularM1L2RedGNADMarblewhiteDarkSNOYesHnoRetromolararea,OSMF,TRAUMATICULCER & SPECKLED LEUKOPLAKIA,ADVISE SYMPTOMATIC TREATMENT AND FOLLOW UP IS MUST. ADVISE BIOPSY.,,
IrregularM1L2RedGNADMarblewhiteDarkSharpYesHyesBmucosa,OSMF,TRAUMATICULCER & SPECKLED LEUKOPLAKIA,ADVISE SYMPTOMATIC TREATMENT AND TO STOP THE HABIT. FOLLOW UP IS MUST. REFER TO A SPECIALIST FOR ADVISE ON BIOPSY.,,
IrregularM1L2RedGNADMarblewhiteDarkSharpYesHyesBsulcus,OSMF,TRAUMATICULCER & SPECKLED LEUKOPLAKIA,ADVISE SYMPTOMATIC TREATMENT AND TO STOP THE HABIT. FOLLOW UP IS MUST. REFER TO A SPECIALIST FOR ADVISE ON BIOPSY.,,
IrregularM1L2RedGNADMarblewhiteDarkSharpYesHyesPalate,OSMF,TRAUMATICULCER & SPECKLED LEUKOPLAKIA,ADVISE SYMPTOMATIC TREATMENT AND TO STOP THE HABIT. FOLLOW UP IS MUST. REFER TO A SPECIALIST FOR ADVISE ON BIOPSY.,,
IrregularM1L2RedGNADMarblewhiteDarkSharpYesHyesFloor,OSMF,TRAUMATICULCER & SPECKLED LEUKOPLAKIA,ADVISE SYMPTOMATIC TREATMENT AND TO STOP THE HABIT. FOLLOW UP IS MUST. REFER TO A SPECIALIST FOR ADVISE ON BIOPSY.,,
IrregularM1L2RedGNADMarblewhiteDarkSharpYesHyesLateraltongue,OSMF,TRAUMATICULCER & SPECKLED LEUKOPLAKIA,ADVISE SYMPTOMATIC TREATMENT AND TO STOP THE HABIT. FOLLOW UP IS MUST. REFER TO A SPECIALIST FOR ADVISE ON BIOPSY.,,
IrregularM1L2RedGNADMarblewhiteDarkSharpYesHyesDorsumtongue,OSMF,TRAUMATICULCER & SPECKLED LEUKOPLAKIA,ADVISE SYMPTOMATIC TREATMENT AND TO STOP THE HABIT. FOLLOW UP IS MUST. REFER TO A SPECIALIST FOR ADVISE ON BIOPSY.,,
IrregularM1L2RedGNADMarblewhiteDarkSharpYesHyesLip,OSMF,TRAUMATICULCER & SPECKLED LEUKOPLAKIA,ADVISE SYMPTOMATIC TREATMENT AND TO STOP THE HABIT. FOLLOW UP IS MUST. REFER TO A SPECIALIST FOR ADVISE ON BIOPSY.,,
IrregularM1L2RedGNADMarblewhiteDarkSharpYesHyesGingiva,OSMF,TRAUMATICULCER & SPECKLED LEUKOPLAKIA,ADVISE SYMPTOMATIC TREATMENT AND TO STOP THE HABIT. FOLLOW UP IS MUST. REFER TO A SPECIALIST FOR ADVISE ON BIOPSY.,,
IrregularM1L2RedGNADMarblewhiteDarkSharpYesHyesRetromolararea,OSMF,TRAUMATICULCER & SPECKLED LEUKOPLAKIA,ADVISE SYMPTOMATIC TREATMENT AND TO STOP THE HABIT. FOLLOW UP IS MUST. REFER TO A SPECIALIST FOR ADVISE ON BIOPSY.,,
IrregularM1L2WhiteIrregularM1MarblewhitePiNADSNOYesHnoBmucosa,TRAUMATICULCER ,ORAL SQUAMOUS CELL CARCINOMA & CARCINOMA IN SITU,ADVISE SYMPTOMATIC TREATMENT AND FOLLOW UP IS MUST. ADVISE BIOPSY.,,
IrregularM1L2WhiteIrregularM1MarblewhitePiNADSNOYesHnoBsulcus,TRAUMATICULCER ,ORAL SQUAMOUS CELL CARCINOMA & CARCINOMA IN SITU,ADVISE SYMPTOMATIC TREATMENT AND FOLLOW UP IS MUST. ADVISE BIOPSY.,,
IrregularM1L2WhiteIrregularM1MarblewhitePiNADSNOYesHnoPalate,TRAUMATICULCER ,ORAL SQUAMOUS CELL CARCINOMA & CARCINOMA IN SITU,ADVISE SYMPTOMATIC TREATMENT AND FOLLOW UP IS MUST. ADVISE BIOPSY.,,
IrregularM1L2WhiteIrregularM1MarblewhitePiNADSNOYesHnoFloor,TRAUMATICULCER ,ORAL SQUAMOUS CELL CARCINOMA & CARCINOMA IN SITU,ADVISE SYMPTOMATIC TREATMENT AND FOLLOW UP IS MUST. ADVISE BIOPSY.,,
IrregularM1L2WhiteIrregularM1MarblewhitePiNADSNOYesHnoLateraltongue,TRAUMATICULCER ,ORAL SQUAMOUS CELL CARCINOMA & CARCINOMA IN SITU,ADVISE SYMPTOMATIC TREATMENT AND FOLLOW UP IS MUST. ADVISE BIOPSY.,,
IrregularM1L2WhiteIrregularM1MarblewhitePiNADSNOYesHnoDorsumtongue,TRAUMATICULCER ,ORAL SQUAMOUS CELL CARCINOMA & CARCINOMA IN SITU,ADVISE SYMPTOMATIC TREATMENT AND FOLLOW UP IS MUST. ADVISE BIOPSY.,,
IrregularM1L2WhiteIrregularM1MarblewhitePiNADSNOYesHnoLip,TRAUMATICULCER ,ORAL SQUAMOUS CELL CARCINOMA & CARCINOMA IN SITU,ADVISE SYMPTOMATIC TREATMENT AND FOLLOW UP IS MUST. ADVISE BIOPSY.,,
IrregularM1L2WhiteIrregularM1MarblewhitePiNADSNOYesHnoGingiva,TRAUMATICULCER ,ORAL SQUAMOUS CELL CARCINOMA & CARCINOMA IN SITU,ADVISE SYMPTOMATIC TREATMENT AND FOLLOW UP IS MUST. ADVISE BIOPSY.,,
IrregularM1L2WhiteIrregularM1MarblewhitePiNADSNOYesHnoRetromolararea,TRAUMATICULCER ,ORAL SQUAMOUS CELL CARCINOMA & CARCINOMA IN SITU,ADVISE SYMPTOMATIC TREATMENT AND FOLLOW UP IS MUST. ADVISE BIOPSY.,,
IrregularM1L2WhiteIrregularM1MarblewhitePiNADSharpYesHyesBmucosa,TRAUMATICULCER ,ORAL SQUAMOUS CELL CARCINOMA & CARCINOMA IN SITU,ADVISE SYMPTOMATIC TREATMENT AND TO STOP THE HABIT. FOLLOW UP IS MUST. REFER TO A SPECIALIST FOR ADVISE ON BIOPSY.,,
IrregularM1L2WhiteIrregularM1MarblewhitePiNADSharpYesHyesBsulcus,TRAUMATICULCER ,ORAL SQUAMOUS CELL CARCINOMA & CARCINOMA IN SITU,ADVISE SYMPTOMATIC TREATMENT AND TO STOP THE HABIT. FOLLOW UP IS MUST. REFER TO A SPECIALIST FOR ADVISE ON BIOPSY.,,
IrregularM1L2WhiteIrregularM1MarblewhitePiNADSharpYesHyesPalate,TRAUMATICULCER ,ORAL SQUAMOUS CELL CARCINOMA & CARCINOMA IN SITU,ADVISE SYMPTOMATIC TREATMENT AND TO STOP THE HABIT. FOLLOW UP IS MUST. REFER TO A SPECIALIST FOR ADVISE ON BIOPSY.,,
IrregularM1L2WhiiteIrregularM1MarblewhitePiNADSharpYesHyesFloor,TRAUMATICULCER ,ORAL SQUAMOUS CELL CARCINOMA & CARCINOMA IN SITU,ADVISE SYMPTOMATIC TREATMENT AND TO STOP THE HABIT. FOLLOW UP IS MUST. REFER TO A SPECIALIST FOR ADVISE ON BIOPSY.,,
IrregularM1L2WhiteIrregularM1MarblewhitePiNADSharpYesHyesLateraltongue,TRAUMATICULCER ,ORAL SQUAMOUS CELL CARCINOMA & CARCINOMA IN SITU,ADVISE SYMPTOMATIC TREATMENT AND TO STOP THE HABIT. FOLLOW UP IS MUST. REFER TO A SPECIALIST FOR ADVISE ON BIOPSY.,,
IrregularM1L2WhiteIrregularM1MarblewhitePiNADSharpYesHyesDorsumtongue,TRAUMATICULCER ,ORAL SQUAMOUS CELL CARCINOMA & CARCINOMA IN SITU,ADVISE SYMPTOMATIC TREATMENT AND TO STOP THE HABIT. FOLLOW UP IS MUST. REFER TO A SPECIALIST FOR ADVISE ON BIOPSY.,,
IrregularM1L2WhiteIrregularM1MarblewhitePiNADSharpYesHyesLip,TRAUMATICULCER ,ORAL SQUAMOUS CELL CARCINOMA & CARCINOMA IN SITU,ADVISE SYMPTOMATIC TREATMENT AND TO STOP THE HABIT. FOLLOW UP IS MUST. REFER TO A SPECIALIST FOR ADVISE ON BIOPSY.,,
IrregularM1L2WhiteIrregularM1MarblewhitePiNADSharpYesHyesGingiva,TRAUMATICULCER ,ORAL SQUAMOUS CELL CARCINOMA & CARCINOMA IN SITU,ADVISE SYMPTOMATIC TREATMENT AND TO STOP THE HABIT. FOLLOW UP IS MUST. REFER TO A SPECIALIST FOR ADVISE ON BIOPSY.,,
IrregularM1L2WhiteIrregularM1MarblewhitePiNADSharpYesHyesRetromolararea,TRAUMATICULCER ,ORAL SQUAMOUS CELL CARCINOMA & CARCINOMA IN SITU,ADVISE SYMPTOMATIC TREATMENT AND TO STOP THE HABIT. FOLLOW UP IS MUST. REFER TO A SPECIALIST FOR ADVISE ON BIOPSY.,,
IrregularM1L2WhiteIrregularM1MarblewhiteDarkSNOYesHnoBmucosa,VERRUCOUS LEUKOPLAKIA,OSMF & TRAUMATICULCER & CARCINOMA IN SITU,ADVISE SYMPTOMATIC TREATMENT AND FOLLOW UP IS MUST. ADVISE BIOPSY.,,
IrregularM1L2WhiteIrregularM1MarblewhiteDarkSNOYesHnoBsulcus,VERRUCOUS LEUKOPLAKIA,OSMF & TRAUMATICULCER & CARCINOMA IN SITU,ADVISE SYMPTOMATIC TREATMENT AND FOLLOW UP IS MUST. ADVISE BIOPSY.,,
IrregularM1L2WhiteIrregularM1MarblewhiteDarkSNOYesHnoPalate,VERRUCOUS LEUKOPLAKIA,OSMF & TRAUMATICULCER & CARCINOMA IN SITU,ADVISE SYMPTOMATIC TREATMENT AND FOLLOW UP IS MUST. ADVISE BIOPSY.,,
IrregularM1L2WhiteIrregularM1MarblewhiteDarkSNOYesHnoFloor,VERRUCOUS LEUKOPLAKIA,OSMF & TRAUMATICULCER & CARCINOMA IN SITU,ADVISE SYMPTOMATIC TREATMENT AND FOLLOW UP IS MUST. ADVISE BIOPSY.,,
IrregularM1L2WhiteIrregularM1MarblewhiteDarkSNOYesHnoLateraltongue,VERRUCOUS LEUKOPLAKIA,OSMF & TRAUMATICULCER & CARCINOMA IN SITU,ADVISE SYMPTOMATIC TREATMENT AND FOLLOW UP IS MUST. ADVISE BIOPSY.,,
IrregularM1L2WhiteIrregularM1MarblewhiteDarkSNOYesHnoDorsumtongue,VERRUCOUS LEUKOPLAKIA,OSMF & TRAUMATICULCER & CARCINOMA IN SITU,ADVISE SYMPTOMATIC TREATMENT AND FOLLOW UP IS MUST. ADVISE BIOPSY.,,
IrregularM1L2WhiteIrregularM1MarblewhiteDarkSNOYesHnoLip,VERRUCOUS LEUKOPLAKIA,OSMF & TRAUMATICULCER & CARCINOMA IN SITU,ADVISE SYMPTOMATIC TREATMENT AND FOLLOW UP IS MUST. ADVISE BIOPSY.,,
IrregularM1L2WhiteIrregularM1MarblewhiteDarkSNOYesHnoGingiva,VERRUCOUS LEUKOPLAKIA,OSMF & TRAUMATICULCER & CARCINOMA IN SITU,ADVISE SYMPTOMATIC TREATMENT AND FOLLOW UP IS MUST. ADVISE BIOPSY.,,
IrregularM1L2WhiteIrregularM1MarblewhiteDarkSNOYesHnoRetromolararea,VERRUCOUS LEUKOPLAKIA,OSMF & TRAUMATICULCER & CARCINOMA IN SITU,ADVISE SYMPTOMATIC TREATMENT AND FOLLOW UP IS MUST. ADVISE BIOPSY.,,
IrregularM1L2WhiteIrregularM1MarblewhiteDarkSharpYesHyesBmucosa,VERRUCOUS LEUKOPLAKIA,OSMF & TRAUMATICULCER & CARCINOMA IN SITU,ADVISE SYMPTOMATIC TREATMENT AND TO STOP THE HABIT. FOLLOW UP IS MUST. REFER TO A SPECIALIST FOR ADVISE ON BIOPSY.,,
IrregularM1L2WhiteIrregularM1MarblewhiteDarkSharpYesHyesBsulcus,VERRUCOUS LEUKOPLAKIA,OSMF & TRAUMATICULCER & CARCINOMA IN SITU,ADVISE SYMPTOMATIC TREATMENT AND TO STOP THE HABIT. FOLLOW UP IS MUST. REFER TO A SPECIALIST FOR ADVISE ON BIOPSY.,,
IrregularM1L2WhiteIrregularM1MarblewhiteDarkSharpYesHyesPalate,VERRUCOUS LEUKOPLAKIA,OSMF & TRAUMATICULCER & CARCINOMA IN SITU,ADVISE SYMPTOMATIC TREATMENT AND TO STOP THE HABIT. FOLLOW UP IS MUST. REFER TO A SPECIALIST FOR ADVISE ON BIOPSY.,,
IrregularM1L2WhiteIrregularM1MarblewhiteDarkSharpYesHyesFloor,VERRUCOUS LEUKOPLAKIA,OSMF & TRAUMATICULCER & CARCINOMA IN SITU,ADVISE SYMPTOMATIC TREATMENT AND TO STOP THE HABIT. FOLLOW UP IS MUST. REFER TO A SPECIALIST FOR ADVISE ON BIOPSY.,,
IrregularM1L2WhiteIrregularM1MarblewhiteDarkSharpYesHyesLateraltongue,VERRUCOUS LEUKOPLAKIA,OSMF & TRAUMATICULCER & CARCINOMA IN SITU,ADVISE SYMPTOMATIC TREATMENT AND TO STOP THE HABIT. FOLLOW UP IS MUST. REFER TO A SPECIALIST FOR ADVISE ON BIOPSY.,,
IrregularM1L2WhiteIrregularM1MarblewhiteDarkSharpYesHyesDorsumtongue,VERRUCOUS LEUKOPLAKIA,OSMF & TRAUMATICULCER & CARCINOMA IN SITU,ADVISE SYMPTOMATIC TREATMENT AND TO STOP THE HABIT. FOLLOW UP IS MUST. REFER TO A SPECIALIST FOR ADVISE ON BIOPSY.,,
IrregularM1L2WhiteIrregularM1MarblewhiteDarkSharpYesHyesLip,VERRUCOUS LEUKOPLAKIA,OSMF & TRAUMATICULCER & CARCINOMA IN SITU,ADVISE SYMPTOMATIC TREATMENT AND TO STOP THE HABIT. FOLLOW UP IS MUST. REFER TO A SPECIALIST FOR ADVISE ON BIOPSY.,,
IrregularM1L2WhiteIrregularM1MarblewhiteDarkSharpYesHyesGingiva,VERRUCOUS LEUKOPLAKIA,OSMF & TRAUMATICULCER & CARCINOMA IN SITU,ADVISE SYMPTOMATIC TREATMENT AND TO STOP THE HABIT. FOLLOW UP IS MUST. REFER TO A SPECIALIST FOR ADVISE ON BIOPSY.,,
IrregularM1L2WhiteIrregularM1MarblewhiteDarkSharpYesHyesRetromolararea,VERRUCOUS LEUKOPLAKIA,OSMF & TRAUMATICULCER & CARCINOMA IN SITU,ADVISE SYMPTOMATIC TREATMENT AND TO STOP THE HABIT. FOLLOW UP IS MUST. REFER TO A SPECIALIST FOR ADVISE ON BIOPSY.,,
IrregularM1L2WhiteGNADMarblewhitePiNADSNOYesHnoBmucosa,ORAL LEUKOPLAKIA,OSMF & TRAUMATICULCER,ADVISE SYMPTOMATIC TREATMENT AND FOLLOW UP IS MUST. ADVISE BIOPSY.,,
IrregularM1L2WhiteGNADMarblewhitePiNADSNOYesHnoBsulcus,ORAL LEUKOPLAKIA,OSMF & TRAUMATICULCER,ADVISE SYMPTOMATIC TREATMENT AND FOLLOW UP IS MUST. ADVISE BIOPSY.,,
IrregularM1L2WhiteGNADMarblewhitePiNADSNOYesHnoPalate,ORAL LEUKOPLAKIA,OSMF & TRAUMATICULCER,ADVISE SYMPTOMATIC TREATMENT AND FOLLOW UP IS MUST. ADVISE BIOPSY.,,
IrregularM1L2WhiteGNADMarblewhitePiNADSNOYesHnoFloor,ORAL LEUKOPLAKIA,OSMF & TRAUMATICULCER,ADVISE SYMPTOMATIC TREATMENT AND FOLLOW UP IS MUST. ADVISE BIOPSY.,,
IrregularM1L2WhiteGNADMarblewhitePiNADSNOYesHnoLateraltongue,ORAL LEUKOPLAKIA,OSMF & TRAUMATICULCER,ADVISE SYMPTOMATIC TREATMENT AND FOLLOW UP IS MUST. ADVISE BIOPSY.,,
IrregularM1L2WhiteGNADMarblewhitePiNADSNOYesHnoDorsumtongue,ORAL LEUKOPLAKIA,OSMF & TRAUMATICULCER,ADVISE SYMPTOMATIC TREATMENT AND FOLLOW UP IS MUST. ADVISE BIOPSY.,,
IrregularM1L2WhiteGNADMarblewhitePiNADSNOYesHnoLip,ORAL LEUKOPLAKIA,OSMF & TRAUMATICULCER,ADVISE SYMPTOMATIC TREATMENT AND FOLLOW UP IS MUST. ADVISE BIOPSY.,,
IrregularM1L2WhiteGNADMarblewhitePiNADSNOYesHnoGingiva,ORAL LEUKOPLAKIA,OSMF & TRAUMATICULCER,ADVISE SYMPTOMATIC TREATMENT AND FOLLOW UP IS MUST. ADVISE BIOPSY.,,
IrregularM1L2WhiteGNADMarblewhitePiNADSNOYesHnoRetromolararea,ORAL LEUKOPLAKIA,OSMF & TRAUMATICULCER,ADVISE SYMPTOMATIC TREATMENT AND FOLLOW UP IS MUST. ADVISE BIOPSY.,,
IrregularM1L2WhiteGNADMarblewhitePiNADSharpYesHyesBmucosa,ORAL LEUKOPLAKIA,OSMF & TRAUMATICULCER,ADVISE SYMPTOMATIC TREATMENT AND TO STOP THE HABIT. FOLLOW UP IS MUST. REFER TO A SPECIALIST FOR ADVISE ON BIOPSY.,,
IrregularM1L2WhiteGNADMarblewhitePiNADSharpYesHyesBsulcus,ORAL LEUKOPLAKIA,OSMF & TRAUMATICULCER,ADVISE SYMPTOMATIC TREATMENT AND TO STOP THE HABIT. FOLLOW UP IS MUST. REFER TO A SPECIALIST FOR ADVISE ON BIOPSY.,,
IrregularM1L2WhiteGNADMarblewhitePiNADSharpYesHyesPalate,ORAL LEUKOPLAKIA,OSMF & TRAUMATICULCER,ADVISE SYMPTOMATIC TREATMENT AND TO STOP THE HABIT. FOLLOW UP IS MUST. REFER TO A SPECIALIST FOR ADVISE ON BIOPSY.,,
IrregularM1L2WhiteGNADMarblewhitePiNADSharpYesHyesFloor,ORAL LEUKOPLAKIA,OSMF & TRAUMATICULCER,ADVISE SYMPTOMATIC TREATMENT AND TO STOP THE HABIT. FOLLOW UP IS MUST. REFER TO A SPECIALIST FOR ADVISE ON BIOPSY.,,
IrregularM1L2WhiteGNADMarblewhitePiNADSharpYesHyesLateraltongue,ORAL LEUKOPLAKIA,OSMF & TRAUMATICULCER,ADVISE SYMPTOMATIC TREATMENT AND TO STOP THE HABIT. FOLLOW UP IS MUST. REFER TO A SPECIALIST FOR ADVISE ON BIOPSY.,,
IrregularM1L2WhiteGNADMarblewhitePiNADSharpYesHyesDorsumtongue,ORAL LEUKOPLAKIA,OSMF & TRAUMATICULCER,ADVISE SYMPTOMATIC TREATMENT AND TO STOP THE HABIT. FOLLOW UP IS MUST. REFER TO A SPECIALIST FOR ADVISE ON BIOPSY.,,
IrregularM1L2WhiteGNADMarblewhitePiNADSharpYesHyesLip,ORAL LEUKOPLAKIA,OSMF & TRAUMATICULCER,ADVISE SYMPTOMATIC TREATMENT AND TO STOP THE HABIT. FOLLOW UP IS MUST. REFER TO A SPECIALIST FOR ADVISE ON BIOPSY.,,
IrregularM1L2WhiteGNADMarblewhitePiNADSharpYesHyesGingiva,ORAL LEUKOPLAKIA,OSMF & TRAUMATICULCER,ADVISE SYMPTOMATIC TREATMENT AND TO STOP THE HABIT. FOLLOW UP IS MUST. REFER TO A SPECIALIST FOR ADVISE ON BIOPSY.,,
IrregularM1L2WhiteGNADMarblewhitePiNADSharpYesHyesRetromolararea,ORAL LEUKOPLAKIA,OSMF & TRAUMATICULCER,ADVISE SYMPTOMATIC TREATMENT AND TO STOP THE HABIT. FOLLOW UP IS MUST. REFER TO A SPECIALIST FOR ADVISE ON BIOPSY.,,
IrregularM1L2WhiteGNADMarblewhiteDarkSNOYesHnoBmucosa,ORAL LEUKOPLAKIA,OSMF & TRAUMATICULCER,ADVISE SYMPTOMATIC TREATMENT AND FOLLOW UP IS MUST. ADVISE BIOPSY.,,
IrregularM1L2WhiteGNADMarblewhiteDarkSNOYesHnoBsulcus,ORAL LEUKOPLAKIA,OSMF & TRAUMATICULCER,ADVISE SYMPTOMATIC TREATMENT AND FOLLOW UP IS MUST. ADVISE BIOPSY.,,
IrregularM1L2WhiteGNADMarblewhiteDarkSNOYesHnoPalate,ORAL LEUKOPLAKIA,OSMF & TRAUMATICULCER,ADVISE SYMPTOMATIC TREATMENT AND FOLLOW UP IS MUST. ADVISE BIOPSY.,,
IrregularM1L2WhiteGNADMarblewhiteDarkSNOYesHnoFloor,ORAL LEUKOPLAKIA,OSMF & TRAUMATICULCER,ADVISE SYMPTOMATIC TREATMENT AND FOLLOW UP IS MUST. ADVISE BIOPSY.,,
IrregularM1L2WhiteGNADMarblewhiteDarkSNOYesHnoLateraltongue,ORAL LEUKOPLAKIA,OSMF & TRAUMATICULCER,ADVISE SYMPTOMATIC TREATMENT AND FOLLOW UP IS MUST. ADVISE BIOPSY.,,
IrregularM1L2WhiteGNADMarblewhiteDarkSNOYesHnoDorsumtongue,ORAL LEUKOPLAKIA,OSMF & TRAUMATICULCER,ADVISE SYMPTOMATIC TREATMENT AND FOLLOW UP IS MUST. ADVISE BIOPSY.,,
IrregularM1L2WhiteGNADMarblewhiteDarkSNOYesHnoLip,ORAL LEUKOPLAKIA,OSMF & TRAUMATICULCER,ADVISE SYMPTOMATIC TREATMENT AND FOLLOW UP IS MUST. ADVISE BIOPSY.,,
IrregularM1L2WhiteGNADMarblewhiteDarkSNOYesHnoGingiva,ORAL LEUKOPLAKIA,OSMF & TRAUMATICULCER,ADVISE SYMPTOMATIC TREATMENT AND FOLLOW UP IS MUST. ADVISE BIOPSY.,,
IrregularM1L2WhiteGNADMarblewhiteDarkSNOYesHnoRetromolararea,ORAL LEUKOPLAKIA,OSMF & TRAUMATICULCER,ADVISE SYMPTOMATIC TREATMENT AND FOLLOW UP IS MUST. ADVISE BIOPSY.,,
IrregularM1L2WhiteGNADMarblewhiteDarkSharpYesHyesBmucosa,ORAL LEUKOPLAKIA,OSMF & TRAUMATICULCER,ADVISE SYMPTOMATIC TREATMENT AND TO STOP THE HABIT. FOLLOW UP IS MUST. REFER TO A SPECIALIST FOR ADVISE ON BIOPSY.,,
IrregularM1L2WhiteGNADMarblewhiteDarkSharpYesHyesBsulcus,ORAL LEUKOPLAKIA,OSMF & TRAUMATICULCER,ADVISE SYMPTOMATIC TREATMENT AND TO STOP THE HABIT. FOLLOW UP IS MUST. REFER TO A SPECIALIST FOR ADVISE ON BIOPSY.,,
IrregularM1L2WhiteGNADMarblewhiteDarkSharpYesHyesPalate,ORAL LEUKOPLAKIA,OSMF & TRAUMATICULCER,ADVISE SYMPTOMATIC TREATMENT AND TO STOP THE HABIT. FOLLOW UP IS MUST. REFER TO A SPECIALIST FOR ADVISE ON BIOPSY.,,
IrregularM1L2WhiteGNADMarblewhiteDarkSharpYesHyesFloor,ORAL LEUKOPLAKIA,OSMF & TRAUMATICULCER,ADVISE SYMPTOMATIC TREATMENT AND TO STOP THE HABIT. FOLLOW UP IS MUST. REFER TO A SPECIALIST FOR ADVISE ON BIOPSY.,,
IrregularM1L2WhiteGNADMarblewhiteDarkSharpYesHyesLateraltongue,ORAL LEUKOPLAKIA,OSMF & TRAUMATICULCER,ADVISE SYMPTOMATIC TREATMENT AND TO STOP THE HABIT. FOLLOW UP IS MUST. REFER TO A SPECIALIST FOR ADVISE ON BIOPSY.,,
IrregularM1L2WhiteGNADMarblewhiteDarkSharpYesHyesDorsumtongue,ORAL LEUKOPLAKIA,OSMF & TRAUMATICULCER,ADVISE SYMPTOMATIC TREATMENT AND TO STOP THE HABIT. FOLLOW UP IS MUST. REFER TO A SPECIALIST FOR ADVISE ON BIOPSY.,,
IrregularM1L2WhiteGNADMarblewhiteDarkSharpYesHyesLip,ORAL LEUKOPLAKIA,OSMF & TRAUMATICULCER,ADVISE SYMPTOMATIC TREATMENT AND TO STOP THE HABIT. FOLLOW UP IS MUST. REFER TO A SPECIALIST FOR ADVISE ON BIOPSY.,,
IrregularM1L2WhiteGNADMarblewhiteDarkSharpYesHyesGingiva,ORAL LEUKOPLAKIA,OSMF & TRAUMATICULCER,ADVISE SYMPTOMATIC TREATMENT AND TO STOP THE HABIT. FOLLOW UP IS MUST. REFER TO A SPECIALIST FOR ADVISE ON BIOPSY.,,
IrregularM1L2WhiteGNADMarblewhiteDarkSharpYesHyesRetromolararea,ORAL LEUKOPLAKIA,OSMF & TRAUMATICULCER,ADVISE SYMPTOMATIC TREATMENT AND TO STOP THE HABIT. FOLLOW UP IS MUST. REFER TO A SPECIALIST FOR ADVISE ON BIOPSY.,,
IrregularM1L2PNADIrregularM1MarblewhitePiNADSNOYesHnoBmucosa,OSMF,TRAUMATICULCER & CARCINOMA IN SITU,ADVISE SYMPTOMATIC TREATMENT AND FOLLOW UP IS MUST. ADVISE BIOPSY.,,
IrregularM1L2PNADIrregularM1MarblewhitePiNADSNOYesHnoBsulcus,OSMF,TRAUMATICULCER & CARCINOMA IN SITU,ADVISE SYMPTOMATIC TREATMENT AND FOLLOW UP IS MUST. ADVISE BIOPSY.,,
IrregularM1L2PNADIrregularM1MarblewhitePiNADSNOYesHnoPalate,OSMF,TRAUMATICULCER & CARCINOMA IN SITU,ADVISE SYMPTOMATIC TREATMENT AND FOLLOW UP IS MUST. ADVISE BIOPSY.,,
IrregularM1L2PNADIrregularM1MarblewhitePiNADSNOYesHnoFloor,OSMF,TRAUMATICULCER & CARCINOMA IN SITU,ADVISE SYMPTOMATIC TREATMENT AND FOLLOW UP IS MUST. ADVISE BIOPSY.,,
IrregularM1L2PNADIrregularM1MarblewhitePiNADSNOYesHnoLateraltongue,OSMF,TRAUMATICULCER & CARCINOMA IN SITU,ADVISE SYMPTOMATIC TREATMENT AND FOLLOW UP IS MUST. ADVISE BIOPSY.,,
IrregularM1L2PNADIrregularM1MarblewhitePiNADSNOYesHnoDorsumtongue,OSMF,TRAUMATICULCER & CARCINOMA IN SITU,ADVISE SYMPTOMATIC TREATMENT AND FOLLOW UP IS MUST. ADVISE BIOPSY.,,
IrregularM1L2PNADIrregularM1MarblewhitePiNADSNOYesHnoLip,OSMF,TRAUMATICULCER & CARCINOMA IN SITU,ADVISE SYMPTOMATIC TREATMENT AND FOLLOW UP IS MUST. ADVISE BIOPSY.,,
IrregularM1L2PNADIrregularM1MarblewhitePiNADSNOYesHnoGingiva,OSMF,TRAUMATICULCER & CARCINOMA IN SITU,ADVISE SYMPTOMATIC TREATMENT AND FOLLOW UP IS MUST. ADVISE BIOPSY.,,
IrregularM1L2PNADIrregularM1MarblewhitePiNADSNOYesHnoRetromolararea,OSMF,TRAUMATICULCER & CARCINOMA IN SITU,ADVISE SYMPTOMATIC TREATMENT AND FOLLOW UP IS MUST. ADVISE BIOPSY.,,
IrregularM1L2PNADIrregularM1MarblewhitePiNADSharpYesHyesBmucosa,OSMF,TRAUMATICULCER & CARCINOMA IN SITU,ADVISE SYMPTOMATIC TREATMENT AND TO STOP THE HABIT. FOLLOW UP IS MUST. REFER TO A SPECIALIST FOR ADVISE ON BIOPSY.,,
IrregularM1L2PNADIrregularM1MarblewhitePiNADSharpYesHyesBsulcus,OSMF,TRAUMATICULCER & CARCINOMA IN SITU,ADVISE SYMPTOMATIC TREATMENT AND TO STOP THE HABIT. FOLLOW UP IS MUST. REFER TO A SPECIALIST FOR ADVISE ON BIOPSY.,,
IrregularM1L2PNADIrregularM1MarblewhitePiNADSharpYesHyesPalate,OSMF,TRAUMATICULCER & CARCINOMA IN SITU,ADVISE SYMPTOMATIC TREATMENT AND TO STOP THE HABIT. FOLLOW UP IS MUST. REFER TO A SPECIALIST FOR ADVISE ON BIOPSY.,,
IrregularM1L2PNADIrregularM1MarblewhitePiNADSharpYesHyesFloor,OSMF,TRAUMATICULCER & CARCINOMA IN SITU,ADVISE SYMPTOMATIC TREATMENT AND TO STOP THE HABIT. FOLLOW UP IS MUST. REFER TO A SPECIALIST FOR ADVISE ON BIOPSY.,,
IrregularM1L2PNADIrregularM1MarblewhitePiNADSharpYesHyesLateraltongue,OSMF,TRAUMATICULCER & CARCINOMA IN SITU,ADVISE SYMPTOMATIC TREATMENT AND TO STOP THE HABIT. FOLLOW UP IS MUST. REFER TO A SPECIALIST FOR ADVISE ON BIOPSY.,,
IrregularM1L2PNADIrregularM1MarblewhitePiNADSharpYesHyesDorsumtongue,OSMF,TRAUMATICULCER & CARCINOMA IN SITU,ADVISE SYMPTOMATIC TREATMENT AND TO STOP THE HABIT. FOLLOW UP IS MUST. REFER TO A SPECIALIST FOR ADVISE ON BIOPSY.,,
IrregularM1L2PNADIrregularM1MarblewhitePiNADSharpYesHyesLip,OSMF,TRAUMATICULCER & CARCINOMA IN SITU,ADVISE SYMPTOMATIC TREATMENT AND TO STOP THE HABIT. FOLLOW UP IS MUST. REFER TO A SPECIALIST FOR ADVISE ON BIOPSY.,,
IrregularM1L2PNADIrregularM1MarblewhitePiNADSharpYesHyesGingiva,OSMF,TRAUMATICULCER & CARCINOMA IN SITU,ADVISE SYMPTOMATIC TREATMENT AND TO STOP THE HABIT. FOLLOW UP IS MUST. REFER TO A SPECIALIST FOR ADVISE ON BIOPSY.,,
IrregularM1L2PNADIrregularM1MarblewhitePiNADSharpYesHyesRetromolararea,OSMF,TRAUMATICULCER & CARCINOMA IN SITU,ADVISE SYMPTOMATIC TREATMENT AND TO STOP THE HABIT. FOLLOW UP IS MUST. REFER TO A SPECIALIST FOR ADVISE ON BIOPSY.,,
IrregularM1L2PNADIrregularM1MarblewhiteDarkSNOYesHnoBmucosa,OSMF,TRAUMATICULCER & CARCINOMA IN SITU,ADVISE SYMPTOMATIC TREATMENT AND FOLLOW UP IS MUST. ADVISE BIOPSY.,,
IrregularM1L2PNADIrregularM1MarblewhiteDarkSNOYesHnoBsulcus,OSMF,TRAUMATICULCER & CARCINOMA IN SITU,ADVISE SYMPTOMATIC TREATMENT AND FOLLOW UP IS MUST. ADVISE BIOPSY.,,
IrregularM1L2PNADIrregularM1MarblewhiteDarkSNOYesHnoPalate,OSMF,TRAUMATICULCER & CARCINOMA IN SITU,ADVISE SYMPTOMATIC TREATMENT AND FOLLOW UP IS MUST. ADVISE BIOPSY.,,
IrregularM1L2PNADIrregularM1MarblewhiteDarkSNOYesHnoFloor,OSMF,TRAUMATICULCER & CARCINOMA IN SITU,ADVISE SYMPTOMATIC TREATMENT AND FOLLOW UP IS MUST. ADVISE BIOPSY.,,
IrregularM1L2PNADIrregularM1MarblewhiteDarkSNOYesHnoLateraltongue,OSMF,TRAUMATICULCER & CARCINOMA IN SITU,ADVISE SYMPTOMATIC TREATMENT AND FOLLOW UP IS MUST. ADVISE BIOPSY.,,
IrregularM1L2PNADIrregularM1MarblewhiteDarkSNOYesHnoDorsumtongue,OSMF,TRAUMATICULCER & CARCINOMA IN SITU,ADVISE SYMPTOMATIC TREATMENT AND FOLLOW UP IS MUST. ADVISE BIOPSY.,,
IrregularM1L2PNADIrregularM1MarblewhiteDarkSNOYesHnoLip,OSMF,TRAUMATICULCER & CARCINOMA IN SITU,ADVISE SYMPTOMATIC TREATMENT AND FOLLOW UP IS MUST. ADVISE BIOPSY.,,
IrregularM1L2BADIrregularM1MarblewhiteDarkSNOYesHnoGingiva,OSMF,TRAUMATICULCER & CARCINOMA IN SITU,ADVISE SYMPTOMATIC TREATMENT AND FOLLOW UP IS MUST. ADVISE BIOPSY.,,
IrregularM1L2PNADIrregularM1MarblewhiteDarkSNOYesHnoRetromolararea,OSMF,TRAUMATICULCER & CARCINOMA IN SITU,ADVISE SYMPTOMATIC TREATMENT AND FOLLOW UP IS MUST. ADVISE BIOPSY.,,
IrregularM1L2PNADIrregularM1MarblewhiteDarkSharpYesHyesBmucosa,OSMF,TRAUMATICULCER & CARCINOMA IN SITU,ADVISE SYMPTOMATIC TREATMENT AND TO STOP THE HABIT. FOLLOW UP IS MUST. REFER TO A SPECIALIST FOR ADVISE ON BIOPSY.,,
IrregularM1L2PNADIrregularM1MarblewhiteDarkSharpYesHyesBsulcus,OSMF,TRAUMATICULCER & CARCINOMA IN SITU,ADVISE SYMPTOMATIC TREATMENT AND TO STOP THE HABIT. FOLLOW UP IS MUST. REFER TO A SPECIALIST FOR ADVISE ON BIOPSY.,,
IrregularM1L2PNADIrregularM1MarblewhiteDarkSharpYesHyesPalate,OSMF,TRAUMATICULCER & CARCINOMA IN SITU,ADVISE SYMPTOMATIC TREATMENT AND TO STOP THE HABIT. FOLLOW UP IS MUST. REFER TO A SPECIALIST FOR ADVISE ON BIOPSY.,,
IrregularM1L2PNADIrregularM1MarblewhiteDarkSharpYesHyesFloor,OSMF,TRAUMATICULCER & CARCINOMA IN SITU,ADVISE SYMPTOMATIC TREATMENT AND TO STOP THE HABIT. FOLLOW UP IS MUST. REFER TO A SPECIALIST FOR ADVISE ON BIOPSY.,,
IrregularM1L2PNADIrregularM1MarblewhiteDarkSharpYesHyesLateraltongue,OSMF,TRAUMATICULCER & CARCINOMA IN SITU,ADVISE SYMPTOMATIC TREATMENT AND TO STOP THE HABIT. FOLLOW UP IS MUST. REFER TO A SPECIALIST FOR ADVISE ON BIOPSY.,,
IrregularM1L2PNADIrregularM1MarblewhiteDarkSharpYesHyesDorsumtongue,OSMF,TRAUMATICULCER & CARCINOMA IN SITU,ADVISE SYMPTOMATIC TREATMENT AND TO STOP THE HABIT. FOLLOW UP IS MUST. REFER TO A SPECIALIST FOR ADVISE ON BIOPSY.,,
IrregularM1L2PNADIrregularM1MarblewhiteDarkSharpYesHyesLip,OSMF,TRAUMATICULCER & CARCINOMA IN SITU,ADVISE SYMPTOMATIC TREATMENT AND TO STOP THE HABIT. FOLLOW UP IS MUST. REFER TO A SPECIALIST FOR ADVISE ON BIOPSY.,,
IrregularM1L2PNADIrregularM1MarblewhiteDarkSharpYesHyesGingiva,OSMF,TRAUMATICULCER & CARCINOMA IN SITU,ADVISE SYMPTOMATIC TREATMENT AND TO STOP THE HABIT. FOLLOW UP IS MUST. REFER TO A SPECIALIST FOR ADVISE ON BIOPSY.,,
IrregularM1L2PNADIrregularM1MarblewhiteDarkSharpYesHyesRetromolararea,OSMF,TRAUMATICULCER & CARCINOMA IN SITU,ADVISE SYMPTOMATIC TREATMENT AND TO STOP THE HABIT. FOLLOW UP IS MUST. REFER TO A SPECIALIST FOR ADVISE ON BIOPSY.,,
IrregularM1L2PNADGNADMarblewhitePiNADSNOYesHnoBmucosa,OSMF,TRAUMATICULCER ,ADVISE SYMPTOMATIC TREATMENT AND FOLLOW UP IS MUST. ADVISE BIOPSY.,,
IrregularM1L2PNADGNADMarblewhitePiNADSNOYesHnoBsulcus,OSMF,TRAUMATICULCER ,ADVISE SYMPTOMATIC TREATMENT AND FOLLOW UP IS MUST. ADVISE BIOPSY.,,
IrregularM1L2PNADGNADMarblewhitePiNADSNOYesHnoPalate,OSMF,TRAUMATICULCER ,ADVISE SYMPTOMATIC TREATMENT AND FOLLOW UP IS MUST. ADVISE BIOPSY.,,
IrregularM1L2PNADGNADMarblewhitePiNADSNOYesHnoFloor,OSMF,TRAUMATICULCER ,ADVISE SYMPTOMATIC TREATMENT AND FOLLOW UP IS MUST. ADVISE BIOPSY.,,
IrregularM1L2PNADGNADMarblewhitePiNADSNOYesHnoLateraltongue,OSMF,TRAUMATICULCER ,ADVISE SYMPTOMATIC TREATMENT AND FOLLOW UP IS MUST. ADVISE BIOPSY.,,
IrregularM1L2PNADGNADMarblewhitePiNADSNOYesHnoDorsumtongue,OSMF,TRAUMATICULCER ,ADVISE SYMPTOMATIC TREATMENT AND FOLLOW UP IS MUST. ADVISE BIOPSY.,,
IrregularM1L2PNADGNADMarblewhitePiNADSNOYesHnoLip,OSMF,TRAUMATICULCER ,ADVISE SYMPTOMATIC TREATMENT AND FOLLOW UP IS MUST. ADVISE BIOPSY.,,
IrregularM1L2PNADGNADMarblewhitePiNADSNOYesHnoGingiva,OSMF,TRAUMATICULCER ,ADVISE SYMPTOMATIC TREATMENT AND FOLLOW UP IS MUST. ADVISE BIOPSY.,,
IrregularM1L2PNADGNADMarblewhitePiNADSNOYesHnoRetromolararea,OSMF,TRAUMATICULCER ,ADVISE SYMPTOMATIC TREATMENT AND FOLLOW UP IS MUST. ADVISE BIOPSY.,,
IrregularM1L2PNADGNADMarblewhitePiNADSharpYesHyesBmucosa,OSMF,TRAUMATICULCER ,ADVISE SYMPTOMATIC TREATMENT AND TO STOP THE HABIT. FOLLOW UP IS MUST. REFER TO A SPECIALIST FOR ADVISE ON BIOPSY.,,
IrregularM1L2PNADGNADMarblewhitePiNADSharpYesHyesBsulcus,OSMF,TRAUMATICULCER ,ADVISE SYMPTOMATIC TREATMENT AND TO STOP THE HABIT. FOLLOW UP IS MUST. REFER TO A SPECIALIST FOR ADVISE ON BIOPSY.,,
IrregularM1L2PNADGNADMarblewhitePiNADSharpYesHyesPalate,OSMF,TRAUMATICULCER ,ADVISE SYMPTOMATIC TREATMENT AND TO STOP THE HABIT. FOLLOW UP IS MUST. REFER TO A SPECIALIST FOR ADVISE ON BIOPSY.,,
IrregularM1L2PNADGNADMarblewhitePiNADSharpYesHyesFloor,OSMF,TRAUMATICULCER ,ADVISE SYMPTOMATIC TREATMENT AND TO STOP THE HABIT. FOLLOW UP IS MUST. REFER TO A SPECIALIST FOR ADVISE ON BIOPSY.,,
IrregularM1L2PNADGNADMarblewhitePiNADSharpYesHyesLateraltongue,OSMF,TRAUMATICULCER ,ADVISE SYMPTOMATIC TREATMENT AND TO STOP THE HABIT. FOLLOW UP IS MUST. REFER TO A SPECIALIST FOR ADVISE ON BIOPSY.,,
IrregularM1L2PNADGNADMarblewhitePiNADSharpYesHyesDorsumtongue,OSMF,TRAUMATICULCER ,ADVISE SYMPTOMATIC TREATMENT AND TO STOP THE HABIT. FOLLOW UP IS MUST. REFER TO A SPECIALIST FOR ADVISE ON BIOPSY.,,
IrregularM1L2PNADGNADMarblewhitePiNADSharpYesHyesLip,OSMF,TRAUMATICULCER ,ADVISE SYMPTOMATIC TREATMENT AND TO STOP THE HABIT. FOLLOW UP IS MUST. REFER TO A SPECIALIST FOR ADVISE ON BIOPSY.,,
IrregularM1L2PNADGNADMarblewhitePiNADSharpYesHyesGingiva,OSMF,TRAUMATICULCER ,ADVISE SYMPTOMATIC TREATMENT AND TO STOP THE HABIT. FOLLOW UP IS MUST. REFER TO A SPECIALIST FOR ADVISE ON BIOPSY.,,
IrregularM1L2PNADGNADMarblewhitePiNADSharpYesHyesRetromolararea,OSMF,TRAUMATICULCER ,ADVISE SYMPTOMATIC TREATMENT AND TO STOP THE HABIT. FOLLOW UP IS MUST. REFER TO A SPECIALIST FOR ADVISE ON BIOPSY.,,
IrregularM1L2PNADGNADMarblewhiteDarkSNOYesHnoBmucosa,OSMF,TRAUMATICULCER ,ADVISE SYMPTOMATIC TREATMENT AND FOLLOW UP IS MUST. ADVISE BIOPSY.,,
IrregularM1L2PNADGNADMarblewhiteDarkSNOYesHnoBsulcus,OSMF,TRAUMATICULCER ,ADVISE SYMPTOMATIC TREATMENT AND FOLLOW UP IS MUST. ADVISE BIOPSY.,,
IrregularM1L2PNADGNADMarblewhiteDarkSNOYesHnoPalate,OSMF,TRAUMATICULCER ,ADVISE SYMPTOMATIC TREATMENT AND FOLLOW UP IS MUST. ADVISE BIOPSY.,,
IrregularM1L2PNADGNADMarblewhiteDarkSNOYesHnoFloor,OSMF,TRAUMATICULCER ,ADVISE SYMPTOMATIC TREATMENT AND FOLLOW UP IS MUST. ADVISE BIOPSY.,,
IrregularM1L2PNADGNADMarblewhiteDarkSNOYesHnoLateraltongue,OSMF,TRAUMATICULCER ,ADVISE SYMPTOMATIC TREATMENT AND FOLLOW UP IS MUST. ADVISE BIOPSY.,,
IrregularM1L2PNADGNADMarblewhiteDarkSNOYesHnoDorsumtongue,OSMF,TRAUMATICULCER ,ADVISE SYMPTOMATIC TREATMENT AND FOLLOW UP IS MUST. ADVISE BIOPSY.,,
IrregularM1L2PNADGNADMarblewhiteDarkSNOYesHnoLip,OSMF,TRAUMATICULCER ,ADVISE SYMPTOMATIC TREATMENT AND FOLLOW UP IS MUST. ADVISE BIOPSY.,,
IrregularM1L2PNADGNADMarblewhiteDarkSNOYesHnoGingiva,OSMF,TRAUMATICULCER ,ADVISE SYMPTOMATIC TREATMENT AND FOLLOW UP IS MUST. ADVISE BIOPSY.,,
IrregularM1L2PNADGNADMarblewhiteDarkSNOYesHnoRetromolararea,OSMF,TRAUMATICULCER ,ADVISE SYMPTOMATIC TREATMENT AND FOLLOW UP IS MUST. ADVISE BIOPSY.,,
IrregularM1L2PNADGNADMarblewhiteDarkSharpYesHyesBmucosa,OSMF,TRAUMATICULCER ,ADVISE SYMPTOMATIC TREATMENT AND TO STOP THE HABIT. FOLLOW UP IS MUST. REFER TO A SPECIALIST FOR ADVISE ON BIOPSY.,,
IrregularM1L2PNADGNADMarblewhiteDarkSharpYesHyesBsulcus,OSMF,TRAUMATICULCER ,ADVISE SYMPTOMATIC TREATMENT AND TO STOP THE HABIT. FOLLOW UP IS MUST. REFER TO A SPECIALIST FOR ADVISE ON BIOPSY.,,
IrregularM1L2PNADGNADMarblewhiteDarkSharpYesHyesPalate,OSMF,TRAUMATICULCER ,ADVISE SYMPTOMATIC TREATMENT AND TO STOP THE HABIT. FOLLOW UP IS MUST. REFER TO A SPECIALIST FOR ADVISE ON BIOPSY.,,
IrregularM1L2PNADGNADMarblewhiteDarkSharpYesHyesFloor,OSMF,TRAUMATICULCER ,ADVISE SYMPTOMATIC TREATMENT AND TO STOP THE HABIT. FOLLOW UP IS MUST. REFER TO A SPECIALIST FOR ADVISE ON BIOPSY.,,
IrregularM1L2PNADGNADMarblewhiteDarkSharpYesHyesLateraltongue,OSMF,TRAUMATICULCER ,ADVISE SYMPTOMATIC TREATMENT AND TO STOP THE HABIT. FOLLOW UP IS MUST. REFER TO A SPECIALIST FOR ADVISE ON BIOPSY.,,
IrregularM1L2PNADGNADMarblewhiteDarkSharpYesHyesDorsumtongue,OSMF,TRAUMATICULCER ,ADVISE SYMPTOMATIC TREATMENT AND TO STOP THE HABIT. FOLLOW UP IS MUST. REFER TO A SPECIALIST FOR ADVISE ON BIOPSY.,,
IrregularM1L2PNADGNADMarblewhiteDarkSharpYesHyesLip,OSMF,TRAUMATICULCER ,ADVISE SYMPTOMATIC TREATMENT AND TO STOP THE HABIT. FOLLOW UP IS MUST. REFER TO A SPECIALIST FOR ADVISE ON BIOPSY.,,
IrregularM1L2PNADGNADMarblewhiteDarkSharpYesHyesGingiva,OSMF,TRAUMATICULCER ,ADVISE SYMPTOMATIC TREATMENT AND TO STOP THE HABIT. FOLLOW UP IS MUST. REFER TO A SPECIALIST FOR ADVISE ON BIOPSY.,,
IrregularM1L2PNADGNADMarblewhiteDarkSharpYesHyesRetromolararea,OSMF,TRAUMATICULCER ,ADVISE SYMPTOMATIC TREATMENT AND TO STOP THE HABIT. FOLLOW UP IS MUST. REFER TO A SPECIALIST FOR ADVISE ON BIOPSY.,,
37,,,,,
UlcerroundRedIrregularM1MarblewhitePiNADSNOYesHnoBmucosa,TRAUMATICULCER ,ORAL SQUAMOUS CELL CARCINOMA & CARCINOMA IN SITU,ADVISE SYMPTOMATIC TREATMENT AND FOLLOW UP IS MUST. ADVISE BIOPSY.,,
UlcerroundRedIrregularM1MarblewhitePiNADSNOYesHnoBsulcus,TRAUMATICULCER ,ORAL SQUAMOUS CELL CARCINOMA & CARCINOMA IN SITU,ADVISE SYMPTOMATIC TREATMENT AND FOLLOW UP IS MUST. ADVISE BIOPSY.,,
UlcerroundRedIrregularM1MarblewhitePiNADSNOYesHnoPalate,TRAUMATICULCER ,ORAL SQUAMOUS CELL CARCINOMA & CARCINOMA IN SITU,ADVISE SYMPTOMATIC TREATMENT AND FOLLOW UP IS MUST. ADVISE BIOPSY.,,
UlcerroundRedIrregularM1MarblewhitePiNADSNOYesHnoFloor,TRAUMATICULCER ,ORAL SQUAMOUS CELL CARCINOMA & CARCINOMA IN SITU,ADVISE SYMPTOMATIC TREATMENT AND FOLLOW UP IS MUST. ADVISE BIOPSY.,,
UlcerroundWhiteIrregularM1MarblewhitePiNADSNOYesHnoLateraltongue,TRAUMATICULCER ,ORAL SQUAMOUS CELL CARCINOMA & CARCINOMA IN SITU,ADVISE SYMPTOMATIC TREATMENT AND FOLLOW UP IS MUST. ADVISE BIOPSY.,,
UlcerroundRedIrregularM1MarblewhitePiNADSNOYesHnoDorsumtongue,TRAUMATICULCER ,ORAL SQUAMOUS CELL CARCINOMA & CARCINOMA IN SITU,ADVISE SYMPTOMATIC TREATMENT AND FOLLOW UP IS MUST. ADVISE BIOPSY.,,
UlcerroundRedIrregularM1MarblewhitePiNADSNOYesHnoLip,TRAUMATICULCER ,ORAL SQUAMOUS CELL CARCINOMA & CARCINOMA IN SITU,ADVISE SYMPTOMATIC TREATMENT AND FOLLOW UP IS MUST. ADVISE BIOPSY.,,
UlcerroundRedIrregularM1MarblewhitePiNADSNOYesHnoGingiva,TRAUMATICULCER ,ORAL SQUAMOUS CELL CARCINOMA & CARCINOMA IN SITU,ADVISE SYMPTOMATIC TREATMENT AND FOLLOW UP IS MUST. ADVISE BIOPSY.,,
UlcerroundRedIrregularM1MarblewhitePiNADSNOYesHnoRetromolararea,TRAUMATICULCER ,ORAL SQUAMOUS CELL CARCINOMA & CARCINOMA IN SITU,ADVISE SYMPTOMATIC TREATMENT AND FOLLOW UP IS MUST. ADVISE BIOPSY.,,
UlcerroundRedIrregularM1MarblewhitePiNADSharpYesHyesBmucosa,TRAUMATICULCER ,ORAL SQUAMOUS CELL CARCINOMA & CARCINOMA IN SITU,ADVISE SYMPTOMATIC TREATMENT AND TO STOP THE HABIT. FOLLOW UP IS MUST. REFER TO A SPECIALIST FOR ADVISE ON BIOPSY.,,
UlcerroundRedIrregularM1MarblewhitePiNADSharpYesHyesBsulcus,TRAUMATICULCER ,ORAL SQUAMOUS CELL CARCINOMA & CARCINOMA IN SITU,ADVISE SYMPTOMATIC TREATMENT AND TO STOP THE HABIT. FOLLOW UP IS MUST. REFER TO A SPECIALIST FOR ADVISE ON BIOPSY.,,
UlcerroundRedIrregularM1MarblewhitePiNADSharpYesHyesPalate,TRAUMATICULCER ,ORAL SQUAMOUS CELL CARCINOMA & CARCINOMA IN SITU,ADVISE SYMPTOMATIC TREATMENT AND TO STOP THE HABIT. FOLLOW UP IS MUST. REFER TO A SPECIALIST FOR ADVISE ON BIOPSY.,,
UlcerroundRedIrregularM1MarblewhitePiNADSharpYesHyesFloor,TRAUMATICULCER ,ORAL SQUAMOUS CELL CARCINOMA & CARCINOMA IN SITU,ADVISE SYMPTOMATIC TREATMENT AND TO STOP THE HABIT. FOLLOW UP IS MUST. REFER TO A SPECIALIST FOR ADVISE ON BIOPSY.,,
UlcerroundRedIrregularM1MarblewhitePiNADSharpYesHyesLateraltongue,TRAUMATICULCER ,ORAL SQUAMOUS CELL CARCINOMA & CARCINOMA IN SITU,ADVISE SYMPTOMATIC TREATMENT AND TO STOP THE HABIT. FOLLOW UP IS MUST. REFER TO A SPECIALIST FOR ADVISE ON BIOPSY.,,
UlcerroundRedIrregularM1MarblewhitePiNADSharpYesHyesDorsumtongue,TRAUMATICULCER ,ORAL SQUAMOUS CELL CARCINOMA & CARCINOMA IN SITU,ADVISE SYMPTOMATIC TREATMENT AND TO STOP THE HABIT. FOLLOW UP IS MUST. REFER TO A SPECIALIST FOR ADVISE ON BIOPSY.,,
UlcerroundRedIrregularM1MarblewhitePiNADSharpYesHyesLip,TRAUMATICULCER ,ORAL SQUAMOUS CELL CARCINOMA & CARCINOMA IN SITU,ADVISE SYMPTOMATIC TREATMENT AND TO STOP THE HABIT. FOLLOW UP IS MUST. REFER TO A SPECIALIST FOR ADVISE ON BIOPSY.,,
UlcerroundRedIrregularM1MarblewhitePiNADSharpYesHyesGingiva,TRAUMATICULCER ,ORAL SQUAMOUS CELL CARCINOMA & CARCINOMA IN SITU,ADVISE SYMPTOMATIC TREATMENT AND TO STOP THE HABIT. FOLLOW UP IS MUST. REFER TO A SPECIALIST FOR ADVISE ON BIOPSY.,,
UlcerroundRedIrregularM1MarblewhitePiNADSharpYesHyesRetromolararea,TRAUMATICULCER ,ORAL SQUAMOUS CELL CARCINOMA & CARCINOMA IN SITU,ADVISE SYMPTOMATIC TREATMENT AND TO STOP THE HABIT. FOLLOW UP IS MUST. REFER TO A SPECIALIST FOR ADVISE ON BIOPSY.,,
UlcerroundRedIrregularM1MarblewhiteDarkSNOYesHnoBmucosa,TRAUMATICULCER ,ORAL SQUAMOUS CELL CARCINOMA & CARCINOMA IN SITU,ADVISE SYMPTOMATIC TREATMENT AND FOLLOW UP IS MUST. ADVISE BIOPSY.,,
UlcerroundRedIrregularM1MarblewhiteDarkSNOYesHnoBsulcus,TRAUMATICULCER ,ORAL SQUAMOUS CELL CARCINOMA & CARCINOMA IN SITU,ADVISE SYMPTOMATIC TREATMENT AND FOLLOW UP IS MUST. ADVISE BIOPSY.,,
UlcerroundRedIrregularM1MarblewhiteDarkSNOYesHnoPalate,TRAUMATICULCER ,ORAL SQUAMOUS CELL CARCINOMA & CARCINOMA IN SITU,ADVISE SYMPTOMATIC TREATMENT AND FOLLOW UP IS MUST. ADVISE BIOPSY.,,
UlcerroundRedIrregularM1MarblewhiteDarkSNOYesHnoFloor,TRAUMATICULCER ,ORAL SQUAMOUS CELL CARCINOMA & CARCINOMA IN SITU,ADVISE SYMPTOMATIC TREATMENT AND FOLLOW UP IS MUST. ADVISE BIOPSY.,,
UlcerroundRedIrregularM1MarblewhiteDarkSNOYesHnoLateraltongue,TRAUMATICULCER ,ORAL SQUAMOUS CELL CARCINOMA & CARCINOMA IN SITU,ADVISE SYMPTOMATIC TREATMENT AND FOLLOW UP IS MUST. ADVISE BIOPSY.,,
UlcerroundRedIrregularM1MarblewhiteDarkSNOYesHnoDorsumtongue,TRAUMATICULCER ,ORAL SQUAMOUS CELL CARCINOMA & CARCINOMA IN SITU,ADVISE SYMPTOMATIC TREATMENT AND FOLLOW UP IS MUST. ADVISE BIOPSY.,,
UlcerroundRedIrregularM1MarblewhiteDarkSNOYesHnoLip,TRAUMATICULCER ,ORAL SQUAMOUS CELL CARCINOMA & CARCINOMA IN SITU,ADVISE SYMPTOMATIC TREATMENT AND FOLLOW UP IS MUST. ADVISE BIOPSY.,,
UlcerroundRedIrregularM1MarblewhiteDarkSNOYesHnoGingiva,TRAUMATICULCER ,ORAL SQUAMOUS CELL CARCINOMA & CARCINOMA IN SITU,ADVISE SYMPTOMATIC TREATMENT AND FOLLOW UP IS MUST. ADVISE BIOPSY.,,
UlcerroundRedIrregularM1MarblewhiteDarkSNOYesHnoRetromolararea,TRAUMATICULCER ,ORAL SQUAMOUS CELL CARCINOMA & CARCINOMA IN SITU,ADVISE SYMPTOMATIC TREATMENT AND FOLLOW UP IS MUST. ADVISE BIOPSY.,,
UlcerroundRedIrregularM1MarblewhiteDarkSharpYesHyesBmucosa,TRAUMATICULCER ,ORAL SQUAMOUS CELL CARCINOMA & CARCINOMA IN SITU,ADVISE SYMPTOMATIC TREATMENT AND TO STOP THE HABIT. FOLLOW UP IS MUST. REFER TO A SPECIALIST FOR ADVISE ON BIOPSY.,,
UlcerroundRedIrregularM1MarblewhiteDarkSharpYesHyesBsulcus,TRAUMATICULCER ,ORAL SQUAMOUS CELL CARCINOMA & CARCINOMA IN SITU,ADVISE SYMPTOMATIC TREATMENT AND TO STOP THE HABIT. FOLLOW UP IS MUST. REFER TO A SPECIALIST FOR ADVISE ON BIOPSY.,,
UlcerroundRedIrregularM1MarblewhiteDarkSharpYesHyesPalate,TRAUMATICULCER ,ORAL SQUAMOUS CELL CARCINOMA & CARCINOMA IN SITU,ADVISE SYMPTOMATIC TREATMENT AND TO STOP THE HABIT. FOLLOW UP IS MUST. REFER TO A SPECIALIST FOR ADVISE ON BIOPSY.,,
UlcerroundRedIrregularM1MarblewhiteDarkSharpYesHyesFloor,TRAUMATICULCER ,ORAL SQUAMOUS CELL CARCINOMA & CARCINOMA IN SITU,ADVISE SYMPTOMATIC TREATMENT AND TO STOP THE HABIT. FOLLOW UP IS MUST. REFER TO A SPECIALIST FOR ADVISE ON BIOPSY.,,
UlcerroundRedIrregularM1MarblewhiteDarkSharpYesHyesLateraltongue,TRAUMATICULCER ,ORAL SQUAMOUS CELL CARCINOMA & CARCINOMA IN SITU,ADVISE SYMPTOMATIC TREATMENT AND TO STOP THE HABIT. FOLLOW UP IS MUST. REFER TO A SPECIALIST FOR ADVISE ON BIOPSY.,,
UlcerroundRedIrregularM1MarblewhiteDarkSharpYesHyesDorsumtongue,TRAUMATICULCER ,ORAL SQUAMOUS CELL CARCINOMA & CARCINOMA IN SITU,ADVISE SYMPTOMATIC TREATMENT AND TO STOP THE HABIT. FOLLOW UP IS MUST. REFER TO A SPECIALIST FOR ADVISE ON BIOPSY.,,
UlcerroundRedIrregularM1MarblewhiteDarkSharpYesHyesLip,TRAUMATICULCER ,ORAL SQUAMOUS CELL CARCINOMA & CARCINOMA IN SITU,ADVISE SYMPTOMATIC TREATMENT AND TO STOP THE HABIT. FOLLOW UP IS MUST. REFER TO A SPECIALIST FOR ADVISE ON BIOPSY.,,
UlcerroundRedIrregularM1MarblewhiteDarkSharpYesHyesGingiva,TRAUMATICULCER ,ORAL SQUAMOUS CELL CARCINOMA & CARCINOMA IN SITU,ADVISE SYMPTOMATIC TREATMENT AND TO STOP THE HABIT. FOLLOW UP IS MUST. REFER TO A SPECIALIST FOR ADVISE ON BIOPSY.,,
UlcerroundRedIrregularM1MarblewhiteDarkSharpYesHyesRetromolararea,TRAUMATICULCER ,ORAL SQUAMOUS CELL CARCINOMA & CARCINOMA IN SITU,ADVISE SYMPTOMATIC TREATMENT AND TO STOP THE HABIT. FOLLOW UP IS MUST. REFER TO A SPECIALIST FOR ADVISE ON BIOPSY.,,
UlcerroundRedGNADMarblewhitePiNADSNOYesHnoBmucosa,SPECKLED LEUKOPLAKIA,TRAUMATICULCER ,ADVISE SYMPTOMATIC TREATMENT AND FOLLOW UP IS MUST. ADVISE BIOPSY.,,
UlcerroundRedGNADMarblewhitePiNADSNOYesHnoBsulcus,SPECKLED LEUKOPLAKIA,TRAUMATICULCER ,ADVISE SYMPTOMATIC TREATMENT AND FOLLOW UP IS MUST. ADVISE BIOPSY.,,
UlcerroundRedGNADMarblewhitePiNADSNOYesHnoPalate,SPECKLED LEUKOPLAKIA,TRAUMATICULCER ,ADVISE SYMPTOMATIC TREATMENT AND FOLLOW UP IS MUST. ADVISE BIOPSY.,,
UlcerroundRedGNADMarblewhitePiNADSNOYesHnoFloor,SPECKLED LEUKOPLAKIA,TRAUMATICULCER ,ADVISE SYMPTOMATIC TREATMENT AND FOLLOW UP IS MUST. ADVISE BIOPSY.,,
UlcerroundRedGNADMarblewhitePiNADSNOYesHnoLateraltongue,SPECKLED LEUKOPLAKIA,TRAUMATICULCER ,ADVISE SYMPTOMATIC TREATMENT AND FOLLOW UP IS MUST. ADVISE BIOPSY.,,
UlcerroundRedGNADMarblewhitePiNADSNOYesHnoDorsumtongue,SPECKLED LEUKOPLAKIA,TRAUMATICULCER ,ADVISE SYMPTOMATIC TREATMENT AND FOLLOW UP IS MUST. ADVISE BIOPSY.,,
UlcerroundRedGNADMarblewhitePiNADSNOYesHnoLip,SPECKLED LEUKOPLAKIA,TRAUMATICULCER ,ADVISE SYMPTOMATIC TREATMENT AND FOLLOW UP IS MUST. ADVISE BIOPSY.,,
UlcerroundRedGNADMarblewhitePiNADSNOYesHnoGingiva,SPECKLED LEUKOPLAKIA,TRAUMATICULCER ,ADVISE SYMPTOMATIC TREATMENT AND FOLLOW UP IS MUST. ADVISE BIOPSY.,,
UlcerroundRedGNADMarblewhitePiNADSNOYesHnoRetromolararea,SPECKLED LEUKOPLAKIA,TRAUMATICULCER ,ADVISE SYMPTOMATIC TREATMENT AND FOLLOW UP IS MUST. ADVISE BIOPSY.,,
UlcerroundRedGNADMarblewhitePiNADSharpYesHyesBmucosa,SPECKLED LEUKOPLAKIA,TRAUMATICULCER ,ADVISE SYMPTOMATIC TREATMENT AND TO STOP THE HABIT. FOLLOW UP IS MUST. REFER TO A SPECIALIST FOR ADVISE ON BIOPSY.,,
UlcerroundRedGNADMarblewhitePiNADSharpYesHyesBsulcus,SPECKLED LEUKOPLAKIA,TRAUMATICULCER ,ADVISE SYMPTOMATIC TREATMENT AND TO STOP THE HABIT. FOLLOW UP IS MUST. REFER TO A SPECIALIST FOR ADVISE ON BIOPSY.,,
UlcerroundRedGNADMarblewhitePiNADSharpYesHyesPalate,SPECKLED LEUKOPLAKIA,TRAUMATICULCER ,ADVISE SYMPTOMATIC TREATMENT AND TO STOP THE HABIT. FOLLOW UP IS MUST. REFER TO A SPECIALIST FOR ADVISE ON BIOPSY.,,
UlcerroundRedGNADMarblewhitePiNADSharpYesHyesFloor,SPECKLED LEUKOPLAKIA,TRAUMATICULCER ,ADVISE SYMPTOMATIC TREATMENT AND TO STOP THE HABIT. FOLLOW UP IS MUST. REFER TO A SPECIALIST FOR ADVISE ON BIOPSY.,,
UlcerroundRedGNADMarblewhitePiNADSharpYesHyesLateraltongue,SPECKLED LEUKOPLAKIA,TRAUMATICULCER ,ADVISE SYMPTOMATIC TREATMENT AND TO STOP THE HABIT. FOLLOW UP IS MUST. REFER TO A SPECIALIST FOR ADVISE ON BIOPSY.,,
UlcerroundRedGNADMarblewhitePiNADSharpYesHyesDorsumtongue,SPECKLED LEUKOPLAKIA,TRAUMATICULCER ,ADVISE SYMPTOMATIC TREATMENT AND TO STOP THE HABIT. FOLLOW UP IS MUST. REFER TO A SPECIALIST FOR ADVISE ON BIOPSY.,,
UlcerroundRedGNADMarblewhitePiNADSharpYesHyesLip,SPECKLED LEUKOPLAKIA,TRAUMATICULCER ,ADVISE SYMPTOMATIC TREATMENT AND TO STOP THE HABIT. FOLLOW UP IS MUST. REFER TO A SPECIALIST FOR ADVISE ON BIOPSY.,,
UlcerroundRedGNADMarblewhitePiNADSharpYesHyesGingiva,SPECKLED LEUKOPLAKIA,TRAUMATICULCER ,ADVISE SYMPTOMATIC TREATMENT AND TO STOP THE HABIT. FOLLOW UP IS MUST. REFER TO A SPECIALIST FOR ADVISE ON BIOPSY.,,
UlcerroundRedGNADMarblewhitePiNADSharpYesHyesRetromolararea,SPECKLED LEUKOPLAKIA,TRAUMATICULCER ,ADVISE SYMPTOMATIC TREATMENT AND TO STOP THE HABIT. FOLLOW UP IS MUST. REFER TO A SPECIALIST FOR ADVISE ON BIOPSY.,,
UlcerroundRedGNADMarblewhiteDarkSNOYesHnoBmucosa,SPECKLED LEUKOPLAKIA,TRAUMATICULCER ,ADVISE SYMPTOMATIC TREATMENT AND FOLLOW UP IS MUST. ADVISE BIOPSY.,,
UlcerroundRedGNADMarblewhiteDarkSNOYesHnoBsulcus,SPECKLED LEUKOPLAKIA,TRAUMATICULCER ,ADVISE SYMPTOMATIC TREATMENT AND FOLLOW UP IS MUST. ADVISE BIOPSY.,,
UlcerroundRedGNADMarblewhiteDarkSNOYesHnoPalate,SPECKLED LEUKOPLAKIA,TRAUMATICULCER ,ADVISE SYMPTOMATIC TREATMENT AND FOLLOW UP IS MUST. ADVISE BIOPSY.,,
UlcerroundRedGNADMarblewhiteDarkSNOYesHnoFloor,SPECKLED LEUKOPLAKIA,TRAUMATICULCER ,ADVISE SYMPTOMATIC TREATMENT AND FOLLOW UP IS MUST. ADVISE BIOPSY.,,
UlcerroundRedGNADMarblewhiteDarkSNOYesHnoLateraltongue,SPECKLED LEUKOPLAKIA,TRAUMATICULCER ,ADVISE SYMPTOMATIC TREATMENT AND FOLLOW UP IS MUST. ADVISE BIOPSY.,,
UlcerroundRedGNADMarblewhiteDarkSNOYesHnoDorsumtongue,SPECKLED LEUKOPLAKIA,TRAUMATICULCER ,ADVISE SYMPTOMATIC TREATMENT AND FOLLOW UP IS MUST. ADVISE BIOPSY.,,
UlcerroundRedGNADMarblewhiteDarkSNOYesHnoLip,SPECKLED LEUKOPLAKIA,TRAUMATICULCER ,ADVISE SYMPTOMATIC TREATMENT AND FOLLOW UP IS MUST. ADVISE BIOPSY.,,
UlcerroundRedGNADMarblewhiteDarkSNOYesHnoGingiva,SPECKLED LEUKOPLAKIA,TRAUMATICULCER ,ADVISE SYMPTOMATIC TREATMENT AND FOLLOW UP IS MUST. ADVISE BIOPSY.,,
UlcerroundRedGNADMarblewhiteDarkSNOYesHnoRetromolararea,SPECKLED LEUKOPLAKIA,TRAUMATICULCER ,ADVISE SYMPTOMATIC TREATMENT AND FOLLOW UP IS MUST. ADVISE BIOPSY.,,
UlcerroundRedGNADMarblewhiteDarkSharpYesHyesBmucosa,SPECKLED LEUKOPLAKIA,TRAUMATICULCER ,ADVISE SYMPTOMATIC TREATMENT AND TO STOP THE HABIT. FOLLOW UP IS MUST. REFER TO A SPECIALIST FOR ADVISE ON BIOPSY.,,
UlcerroundRedGNADMarblewhiteDarkSharpYesHyesBsulcus,SPECKLED LEUKOPLAKIA,TRAUMATICULCER ,ADVISE SYMPTOMATIC TREATMENT AND TO STOP THE HABIT. FOLLOW UP IS MUST. REFER TO A SPECIALIST FOR ADVISE ON BIOPSY.,,
UlcerroundRedGNADMarblewhiteDarkSharpYesHyesPalate,SPECKLED LEUKOPLAKIA,TRAUMATICULCER ,ADVISE SYMPTOMATIC TREATMENT AND TO STOP THE HABIT. FOLLOW UP IS MUST. REFER TO A SPECIALIST FOR ADVISE ON BIOPSY.,,
UlcerroundRedGNADMarblewhiteDarkSharpYesHyesFloor,SPECKLED LEUKOPLAKIA,TRAUMATICULCER ,ADVISE SYMPTOMATIC TREATMENT AND TO STOP THE HABIT. FOLLOW UP IS MUST. REFER TO A SPECIALIST FOR ADVISE ON BIOPSY.,,
UlcerroundRedGNADMarblewhiteDarkSharpYesHyesLateraltongue,SPECKLED LEUKOPLAKIA,TRAUMATICULCER ,ADVISE SYMPTOMATIC TREATMENT AND TO STOP THE HABIT. FOLLOW UP IS MUST. REFER TO A SPECIALIST FOR ADVISE ON BIOPSY.,,
UlcerroundRedGNADMarblewhiteDarkSharpYesHyesDorsumtongue,SPECKLED LEUKOPLAKIA,TRAUMATICULCER ,ADVISE SYMPTOMATIC TREATMENT AND TO STOP THE HABIT. FOLLOW UP IS MUST. REFER TO A SPECIALIST FOR ADVISE ON BIOPSY.,,
UlcerroundRedGNADMarblewhiteDarkSharpYesHyesLip,SPECKLED LEUKOPLAKIA,TRAUMATICULCER ,ADVISE SYMPTOMATIC TREATMENT AND TO STOP THE HABIT. FOLLOW UP IS MUST. REFER TO A SPECIALIST FOR ADVISE ON BIOPSY.,,
UlcerroundRedGNADMarblewhiteDarkSharpYesHyesGingiva,SPECKLED LEUKOPLAKIA,TRAUMATICULCER ,ADVISE SYMPTOMATIC TREATMENT AND TO STOP THE HABIT. FOLLOW UP IS MUST. REFER TO A SPECIALIST FOR ADVISE ON BIOPSY.,,
UlcerroundRedGNADMarblewhiteDarkSharpYesHyesRetromolararea,SPECKLED LEUKOPLAKIA,TRAUMATICULCER ,ADVISE SYMPTOMATIC TREATMENT AND TO STOP THE HABIT. FOLLOW UP IS MUST. REFER TO A SPECIALIST FOR ADVISE ON BIOPSY.,,
UlcerroundPNADIrregularM1MarblewhitePiNADSNOYesHnoBmucosa,TRAUMATICULCER ,OSMF & CARCINOMA IN SITU,ADVISE SYMPTOMATIC TREATMENT AND FOLLOW UP IS MUST. ADVISE BIOPSY.,,
UlcerroundPNADIrregularM1MarblewhitePiNADSNOYesHnoBsulcus,TRAUMATICULCER ,OSMF & CARCINOMA IN SITU,ADVISE SYMPTOMATIC TREATMENT AND FOLLOW UP IS MUST. ADVISE BIOPSY.,,
UlcerroundPNADIrregularM1MarblewhitePiNADSNOYesHnoPalate,TRAUMATICULCER ,OSMF & CARCINOMA IN SITU,ADVISE SYMPTOMATIC TREATMENT AND FOLLOW UP IS MUST. ADVISE BIOPSY.,,
UlcerroundPNADIrregularM1MarblewhitePiNADSNOYesHnoFloor,TRAUMATICULCER ,OSMF & CARCINOMA IN SITU,ADVISE SYMPTOMATIC TREATMENT AND FOLLOW UP IS MUST. ADVISE BIOPSY.,,
UlcerroundPNADIrregularM1MarblewhitePiNADSNOYesHnoLateraltongue,TRAUMATICULCER ,OSMF & CARCINOMA IN SITU,ADVISE SYMPTOMATIC TREATMENT AND FOLLOW UP IS MUST. ADVISE BIOPSY.,,
UlcerroundPNADIrregularM1MarblewhitePiNADSNOYesHnoDorsumtongue,TRAUMATICULCER ,OSMF & CARCINOMA IN SITU,ADVISE SYMPTOMATIC TREATMENT AND FOLLOW UP IS MUST. ADVISE BIOPSY.,,
UlcerroundPNADIrregularM1MarblewhitePiNADSNOYesHnoLip,TRAUMATICULCER ,OSMF & CARCINOMA IN SITU,ADVISE SYMPTOMATIC TREATMENT AND FOLLOW UP IS MUST. ADVISE BIOPSY.,,
UlcerroundPNADIrregularM1MarblewhitePiNADSNOYesHnoGingiva,TRAUMATICULCER ,OSMF & CARCINOMA IN SITU,ADVISE SYMPTOMATIC TREATMENT AND FOLLOW UP IS MUST. ADVISE BIOPSY.,,
UlcerroundPNADIrregularM1MarblewhitePiNADSNOYesHnoRetromolararea,TRAUMATICULCER ,OSMF & CARCINOMA IN SITU,ADVISE SYMPTOMATIC TREATMENT AND FOLLOW UP IS MUST. ADVISE BIOPSY.,,
UlcerroundPNADIrregularM1MarblewhitePiNADSharpYesHyesBmucosa,TRAUMATICULCER ,OSMF & CARCINOMA IN SITU,ADVISE SYMPTOMATIC TREATMENT AND TO STOP THE HABIT. FOLLOW UP IS MUST. REFER TO A SPECIALIST FOR ADVISE ON BIOPSY.,,
UlcerroundPNADIrregularM1MarblewhitePiNADSharpYesHyesBsulcus,TRAUMATICULCER ,OSMF & CARCINOMA IN SITU,ADVISE SYMPTOMATIC TREATMENT AND TO STOP THE HABIT. FOLLOW UP IS MUST. REFER TO A SPECIALIST FOR ADVISE ON BIOPSY.,,
UlcerroundPNADIrregularM1MarblewhitePiNADSharpYesHyesPalate,TRAUMATICULCER ,OSMF & CARCINOMA IN SITU,ADVISE SYMPTOMATIC TREATMENT AND TO STOP THE HABIT. FOLLOW UP IS MUST. REFER TO A SPECIALIST FOR ADVISE ON BIOPSY.,,
UlcerroundPNADIrregularM1MarblewhitePiNADSharpYesHyesFloor,TRAUMATICULCER ,OSMF & CARCINOMA IN SITU,ADVISE SYMPTOMATIC TREATMENT AND TO STOP THE HABIT. FOLLOW UP IS MUST. REFER TO A SPECIALIST FOR ADVISE ON BIOPSY.,,
UlcerroundPNADIrregularM1MarblewhitePiNADSharpYesHyesLateraltongue,TRAUMATICULCER ,OSMF & CARCINOMA IN SITU,ADVISE SYMPTOMATIC TREATMENT AND TO STOP THE HABIT. FOLLOW UP IS MUST. REFER TO A SPECIALIST FOR ADVISE ON BIOPSY.,,
UlcerroundPNADIrregularM1MarblewhitePiNADSharpYesHyesDorsumtongue,TRAUMATICULCER ,OSMF & CARCINOMA IN SITU,ADVISE SYMPTOMATIC TREATMENT AND TO STOP THE HABIT. FOLLOW UP IS MUST. REFER TO A SPECIALIST FOR ADVISE ON BIOPSY.,,
UlcerroundPNADIrregularM1MarblewhitePiNADSharpYesHyesLip,TRAUMATICULCER ,OSMF & CARCINOMA IN SITU,ADVISE SYMPTOMATIC TREATMENT AND TO STOP THE HABIT. FOLLOW UP IS MUST. REFER TO A SPECIALIST FOR ADVISE ON BIOPSY.,,
UlcerroundPNADIrregularM1MarblewhitePiNADSharpYesHyesGingiva,TRAUMATICULCER ,OSMF & CARCINOMA IN SITU,ADVISE SYMPTOMATIC TREATMENT AND TO STOP THE HABIT. FOLLOW UP IS MUST. REFER TO A SPECIALIST FOR ADVISE ON BIOPSY.,,
UlcerroundPNADIrregularM1MarblewhitePiNADSharpYesHyesRetromolararea,TRAUMATICULCER ,OSMF & CARCINOMA IN SITU,ADVISE SYMPTOMATIC TREATMENT AND TO STOP THE HABIT. FOLLOW UP IS MUST. REFER TO A SPECIALIST FOR ADVISE ON BIOPSY.,,
UlcerroundPNADIrregularM1MarblewhiteDarkSNOYesHnoBmucosa,TRAUMATICULCER ,OSMF & CARCINOMA IN SITU,ADVISE SYMPTOMATIC TREATMENT AND FOLLOW UP IS MUST. ADVISE BIOPSY.,,
UlcerroundPNADIrregularM1MarblewhiteDarkSNOYesHnoBsulcus,TRAUMATICULCER ,OSMF & CARCINOMA IN SITU,ADVISE SYMPTOMATIC TREATMENT AND FOLLOW UP IS MUST. ADVISE BIOPSY.,,
UlcerroundPNADIrregularM1MarblewhiteDarkSNOYesHnoPalate,TRAUMATICULCER ,OSMF & CARCINOMA IN SITU,ADVISE SYMPTOMATIC TREATMENT AND FOLLOW UP IS MUST. ADVISE BIOPSY.,,
UlcerroundPNADIrregularM1MarblewhiteDarkSNOYesHnoFloor,TRAUMATICULCER ,OSMF & CARCINOMA IN SITU,ADVISE SYMPTOMATIC TREATMENT AND FOLLOW UP IS MUST. ADVISE BIOPSY.,,
UlcerroundPNADIrregularM1MarblewhiteDarkSNOYesHnoLateraltongue,TRAUMATICULCER ,OSMF & CARCINOMA IN SITU,ADVISE SYMPTOMATIC TREATMENT AND FOLLOW UP IS MUST. ADVISE BIOPSY.,,
UlcerroundPNADIrregularM1MarblewhiteDarkSNOYesHnoDorsumtongue,TRAUMATICULCER ,OSMF & CARCINOMA IN SITU,ADVISE SYMPTOMATIC TREATMENT AND FOLLOW UP IS MUST. ADVISE BIOPSY.,,
UlcerroundPNADIrregularM1MarblewhiteDarkSNOYesHnoLip,TRAUMATICULCER ,OSMF & CARCINOMA IN SITU,ADVISE SYMPTOMATIC TREATMENT AND FOLLOW UP IS MUST. ADVISE BIOPSY.,,
RoundBADIrregularM1MarblewhiteDarkSNOYesHnoGingiva,TRAUMATICULCER ,OSMF & CARCINOMA IN SITU,ADVISE SYMPTOMATIC TREATMENT AND FOLLOW UP IS MUST. ADVISE BIOPSY.,,
UlcerroundPNADIrregularM1MarblewhiteDarkSNOYesHnoRetromolararea,TRAUMATICULCER ,OSMF & CARCINOMA IN SITU,ADVISE SYMPTOMATIC TREATMENT AND FOLLOW UP IS MUST. ADVISE BIOPSY.,,
UlcerroundPNADIrregularM1MarblewhiteDarkSharpYesHyesBmucosa,TRAUMATICULCER ,OSMF & CARCINOMA IN SITU,ADVISE SYMPTOMATIC TREATMENT AND TO STOP THE HABIT. FOLLOW UP IS MUST. REFER TO A SPECIALIST FOR ADVISE ON BIOPSY.,,
UlcerroundPNADIrregularM1MarblewhiteDarkSharpYesHyesBsulcus,TRAUMATICULCER ,OSMF & CARCINOMA IN SITU,ADVISE SYMPTOMATIC TREATMENT AND TO STOP THE HABIT. FOLLOW UP IS MUST. REFER TO A SPECIALIST FOR ADVISE ON BIOPSY.,,
UlcerroundPNADIrregularM1MarblewhiteDarkSharpYesHyesPalate,TRAUMATICULCER ,OSMF & CARCINOMA IN SITU,ADVISE SYMPTOMATIC TREATMENT AND TO STOP THE HABIT. FOLLOW UP IS MUST. REFER TO A SPECIALIST FOR ADVISE ON BIOPSY.,,
UlcerroundPNADIrregularM1MarblewhiteDarkSharpYesHyesFloor,TRAUMATICULCER ,OSMF & CARCINOMA IN SITU,ADVISE SYMPTOMATIC TREATMENT AND TO STOP THE HABIT. FOLLOW UP IS MUST. REFER TO A SPECIALIST FOR ADVISE ON BIOPSY.,,
UlcerroundPNADIrregularM1MarblewhiteDarkSharpYesHyesLateraltongue,TRAUMATICULCER ,OSMF & CARCINOMA IN SITU,ADVISE SYMPTOMATIC TREATMENT AND TO STOP THE HABIT. FOLLOW UP IS MUST. REFER TO A SPECIALIST FOR ADVISE ON BIOPSY.,,
UlcerroundPNADIrregularM1MarblewhiteDarkSharpYesHyesDorsumtongue,TRAUMATICULCER ,OSMF & CARCINOMA IN SITU,ADVISE SYMPTOMATIC TREATMENT AND TO STOP THE HABIT. FOLLOW UP IS MUST. REFER TO A SPECIALIST FOR ADVISE ON BIOPSY.,,
UlcerroundPNADIrregularM1MarblewhiteDarkSharpYesHyesLip,TRAUMATICULCER ,OSMF & CARCINOMA IN SITU,ADVISE SYMPTOMATIC TREATMENT AND TO STOP THE HABIT. FOLLOW UP IS MUST. REFER TO A SPECIALIST FOR ADVISE ON BIOPSY.,,
UlcerroundPNADIrregularM1MarblewhiteDarkSharpYesHyesGingiva,TRAUMATICULCER ,OSMF & CARCINOMA IN SITU,ADVISE SYMPTOMATIC TREATMENT AND TO STOP THE HABIT. FOLLOW UP IS MUST. REFER TO A SPECIALIST FOR ADVISE ON BIOPSY.,,
UlcerroundPNADIrregularM1MarblewhiteDarkSharpYesHyesRetromolararea,TRAUMATICULCER ,OSMF & CARCINOMA IN SITU,ADVISE SYMPTOMATIC TREATMENT AND TO STOP THE HABIT. FOLLOW UP IS MUST. REFER TO A SPECIALIST FOR ADVISE ON BIOPSY.,,
UlcerroundPNADGNADMarblewhitePiNADSNOYesHnoBmucosa,TRAUMATICULCER ,OSMF,ADVISE SYMPTOMATIC TREATMENT AND FOLLOW UP IS MUST. ADVISE BIOPSY.,,
UlcerroundPNADGNADMarblewhitePiNADSNOYesHnoBsulcus,TRAUMATICULCER ,OSMF,ADVISE SYMPTOMATIC TREATMENT AND FOLLOW UP IS MUST. ADVISE BIOPSY.,,
UlcerroundPNADGNADMarblewhitePiNADSNOYesHnoPalate,TRAUMATICULCER ,OSMF,ADVISE SYMPTOMATIC TREATMENT AND FOLLOW UP IS MUST. ADVISE BIOPSY.,,
UlcerroundPNADGNADMarblewhitePiNADSNOYesHnoFloor,TRAUMATICULCER ,OSMF,ADVISE SYMPTOMATIC TREATMENT AND FOLLOW UP IS MUST. ADVISE BIOPSY.,,
UlcerroundPNADGNADMarblewhitePiNADSNOYesHnoLateraltongue,TRAUMATICULCER ,OSMF,ADVISE SYMPTOMATIC TREATMENT AND FOLLOW UP IS MUST. ADVISE BIOPSY.,,
UlcerroundPNADGNADMarblewhitePiNADSNOYesHnoDorsumtongue,TRAUMATICULCER ,OSMF,ADVISE SYMPTOMATIC TREATMENT AND FOLLOW UP IS MUST. ADVISE BIOPSY.,,
UlcerroundPNADGNADMarblewhitePiNADSNOYesHnoLip,TRAUMATICULCER ,OSMF,ADVISE SYMPTOMATIC TREATMENT AND FOLLOW UP IS MUST. ADVISE BIOPSY.,,
UlcerroundPNADGNADMarblewhitePiNADSNOYesHnoGingiva,TRAUMATICULCER ,OSMF,ADVISE SYMPTOMATIC TREATMENT AND FOLLOW UP IS MUST. ADVISE BIOPSY.,,
UlcerroundPNADGNADMarblewhitePiNADSNOYesHnoRetromolararea,TRAUMATICULCER ,OSMF,ADVISE SYMPTOMATIC TREATMENT AND FOLLOW UP IS MUST. ADVISE BIOPSY.,,
UlcerroundPNADGNADMarblewhitePiNADSharpYesHyesBmucosa,TRAUMATICULCER ,OSMF,ADVISE SYMPTOMATIC TREATMENT AND TO STOP THE HABIT. FOLLOW UP IS MUST. REFER TO A SPECIALIST FOR ADVISE ON BIOPSY.,,
UlcerroundPNADGNADMarblewhitePiNADSharpYesHyesBsulcus,TRAUMATICULCER ,OSMF,ADVISE SYMPTOMATIC TREATMENT AND TO STOP THE HABIT. FOLLOW UP IS MUST. REFER TO A SPECIALIST FOR ADVISE ON BIOPSY.,,
UlcerroundPNADGNADMarblewhitePiNADSharpYesHyesPalate,TRAUMATICULCER ,OSMF,ADVISE SYMPTOMATIC TREATMENT AND TO STOP THE HABIT. FOLLOW UP IS MUST. REFER TO A SPECIALIST FOR ADVISE ON BIOPSY.,,
UlcerroundPNADGNADMarblewhitePiNADSharpYesHyesFloor,TRAUMATICULCER ,OSMF,ADVISE SYMPTOMATIC TREATMENT AND TO STOP THE HABIT. FOLLOW UP IS MUST. REFER TO A SPECIALIST FOR ADVISE ON BIOPSY.,,
UlcerroundPNADGNADMarblewhitePiNADSharpYesHyesLateraltongue,TRAUMATICULCER ,OSMF,ADVISE SYMPTOMATIC TREATMENT AND TO STOP THE HABIT. FOLLOW UP IS MUST. REFER TO A SPECIALIST FOR ADVISE ON BIOPSY.,,
UlcerroundPNADGNADMarblewhitePiNADSharpYesHyesDorsumtongue,TRAUMATICULCER ,OSMF,ADVISE SYMPTOMATIC TREATMENT AND TO STOP THE HABIT. FOLLOW UP IS MUST. REFER TO A SPECIALIST FOR ADVISE ON BIOPSY.,,
UlcerroundPNADGNADMarblewhitePiNADSharpYesHyesLip,TRAUMATICULCER ,OSMF,ADVISE SYMPTOMATIC TREATMENT AND TO STOP THE HABIT. FOLLOW UP IS MUST. REFER TO A SPECIALIST FOR ADVISE ON BIOPSY.,,
UlcerroundPNADGNADMarblewhitePiNADSharpYesHyesGingiva,TRAUMATICULCER ,OSMF,ADVISE SYMPTOMATIC TREATMENT AND TO STOP THE HABIT. FOLLOW UP IS MUST. REFER TO A SPECIALIST FOR ADVISE ON BIOPSY.,,
UlcerroundPNADGNADMarblewhitePiNADSharpYesHyesRetromolararea,TRAUMATICULCER ,OSMF,ADVISE SYMPTOMATIC TREATMENT AND TO STOP THE HABIT. FOLLOW UP IS MUST. REFER TO A SPECIALIST FOR ADVISE ON BIOPSY.,,
UlcerroundPNADGNADMarblewhiteDarkSNOYesHnoBmucosa,TRAUMATICULCER ,OSMF,ADVISE SYMPTOMATIC TREATMENT AND FOLLOW UP IS MUST. ADVISE BIOPSY.,,
UlcerroundPNADGNADMarblewhiteDarkSNOYesHnoBsulcus,TRAUMATICULCER ,OSMF,ADVISE SYMPTOMATIC TREATMENT AND FOLLOW UP IS MUST. ADVISE BIOPSY.,,
UlcerroundPNADGNADMarblewhiteDarkSNOYesHnoPalate,TRAUMATICULCER ,OSMF,ADVISE SYMPTOMATIC TREATMENT AND FOLLOW UP IS MUST. ADVISE BIOPSY.,,
UlcerroundPNADGNADMarblewhiteDarkSNOYesHnoFloor,TRAUMATICULCER ,OSMF,ADVISE SYMPTOMATIC TREATMENT AND FOLLOW UP IS MUST. ADVISE BIOPSY.,,
UlcerroundPNADGNADMarblewhiteDarkSNOYesHnoLateraltongue,TRAUMATICULCER ,OSMF,ADVISE SYMPTOMATIC TREATMENT AND FOLLOW UP IS MUST. ADVISE BIOPSY.,,
UlcerroundPNADGNADMarblewhiteDarkSNOYesHnoDorsumtongue,TRAUMATICULCER ,OSMF,ADVISE SYMPTOMATIC TREATMENT AND FOLLOW UP IS MUST. ADVISE BIOPSY.,,
UlcerroundPNADGNADMarblewhiteDarkSNOYesHnoLip,TRAUMATICULCER ,OSMF,ADVISE SYMPTOMATIC TREATMENT AND FOLLOW UP IS MUST. ADVISE BIOPSY.,,
UlcerroundPNADGNADMarblewhiteDarkSNOYesHnoGingiva,TRAUMATICULCER ,OSMF,ADVISE SYMPTOMATIC TREATMENT AND FOLLOW UP IS MUST. ADVISE BIOPSY.,,
UlcerroundPNADGNADMarblewhiteDarkSNOYesHnoRetromolararea,TRAUMATICULCER ,OSMF,ADVISE SYMPTOMATIC TREATMENT AND FOLLOW UP IS MUST. ADVISE BIOPSY.,,
UlcerroundPNADGNADMarblewhiteDarkSharpYesHyesBmucosa,TRAUMATICULCER ,OSMF,ADVISE SYMPTOMATIC TREATMENT AND TO STOP THE HABIT. FOLLOW UP IS MUST. REFER TO A SPECIALIST FOR ADVISE ON BIOPSY.,,
UlcerroundPNADGNADMarblewhiteDarkSharpYesHyesBsulcus,TRAUMATICULCER ,OSMF,ADVISE SYMPTOMATIC TREATMENT AND TO STOP THE HABIT. FOLLOW UP IS MUST. REFER TO A SPECIALIST FOR ADVISE ON BIOPSY.,,
UlcerroundPNADGNADMarblewhiteDarkSharpYesHyesPalate,TRAUMATICULCER ,OSMF,ADVISE SYMPTOMATIC TREATMENT AND TO STOP THE HABIT. FOLLOW UP IS MUST. REFER TO A SPECIALIST FOR ADVISE ON BIOPSY.,,
UlcerroundPNADGNADMarblewhiteDarkSharpYesHyesFloor,TRAUMATICULCER ,OSMF,ADVISE SYMPTOMATIC TREATMENT AND TO STOP THE HABIT. FOLLOW UP IS MUST. REFER TO A SPECIALIST FOR ADVISE ON BIOPSY.,,
UlcerroundPNADGNADMarblewhiteDarkSharpYesHyesLateraltongue,TRAUMATICULCER ,OSMF,ADVISE SYMPTOMATIC TREATMENT AND TO STOP THE HABIT. FOLLOW UP IS MUST. REFER TO A SPECIALIST FOR ADVISE ON BIOPSY.,,
UlcerroundPNADGNADMarblewhiteDarkSharpYesHyesDorsumtongue,TRAUMATICULCER ,OSMF,ADVISE SYMPTOMATIC TREATMENT AND TO STOP THE HABIT. FOLLOW UP IS MUST. REFER TO A SPECIALIST FOR ADVISE ON BIOPSY.,,
UlcerroundPNADGNADMarblewhiteDarkSharpYesHyesLip,TRAUMATICULCER ,OSMF,ADVISE SYMPTOMATIC TREATMENT AND TO STOP THE HABIT. FOLLOW UP IS MUST. REFER TO A SPECIALIST FOR ADVISE ON BIOPSY.,,
UlcerroundPNADGNADMarblewhiteDarkSharpYesHyesGingiva,TRAUMATICULCER ,OSMF,ADVISE SYMPTOMATIC TREATMENT AND TO STOP THE HABIT. FOLLOW UP IS MUST. REFER TO A SPECIALIST FOR ADVISE ON BIOPSY.,,
UlcerroundPNADGNADMarblewhiteDarkSharpYesHyesRetromolararea,TRAUMATICULCER ,OSMF,ADVISE SYMPTOMATIC TREATMENT AND TO STOP THE HABIT. FOLLOW UP IS MUST. REFER TO A SPECIALIST FOR ADVISE ON BIOPSY.,,
UlcerroundRedIrregularM1MNADPiNADSNOYesHnoBmucosa,SPECKLED LEUKOPLAKIA,TRAUMATICULCER & CARCINOMA IN SITU,ADVISE SYMPTOMATIC TREATMENT AND FOLLOW UP IS MUST. ADVISE BIOPSY.,,
UlcerroundRedIrregularM1MNADPiNADSNOYesHnoBsulcus,SPECKLED LEUKOPLAKIA,TRAUMATICULCER & CARCINOMA IN SITU,ADVISE SYMPTOMATIC TREATMENT AND FOLLOW UP IS MUST. ADVISE BIOPSY.,,
UlcerroundRedIrregularM1MNADPiNADSNOYesHnoPalate,SPECKLED LEUKOPLAKIA,TRAUMATICULCER & CARCINOMA IN SITU,ADVISE SYMPTOMATIC TREATMENT AND FOLLOW UP IS MUST. ADVISE BIOPSY.,,
UlcerroundRedIrregularM1MNADPiNADSNOYesHnoFloor,SPECKLED LEUKOPLAKIA,TRAUMATICULCER & CARCINOMA IN SITU,ADVISE SYMPTOMATIC TREATMENT AND FOLLOW UP IS MUST. ADVISE BIOPSY.,,
UlcerroundWhiteIrregularM1MNADPiNADSNOYesHnoLateraltongue,SPECKLED LEUKOPLAKIA,TRAUMATICULCER & CARCINOMA IN SITU,ADVISE SYMPTOMATIC TREATMENT AND FOLLOW UP IS MUST. ADVISE BIOPSY.,,
UlcerroundRedIrregularM1MNADPiNADSNOYesHnoDorsumtongue,SPECKLED LEUKOPLAKIA,TRAUMATICULCER & CARCINOMA IN SITU,ADVISE SYMPTOMATIC TREATMENT AND FOLLOW UP IS MUST. ADVISE BIOPSY.,,
UlcerroundRedIrregularM1MNADPiNADSNOYesHnoLip,SPECKLED LEUKOPLAKIA,TRAUMATICULCER & CARCINOMA IN SITU,ADVISE SYMPTOMATIC TREATMENT AND FOLLOW UP IS MUST. ADVISE BIOPSY.,,
UlcerroundRedIrregularM1MNADPiNADSNOYesHnoGingiva,SPECKLED LEUKOPLAKIA,TRAUMATICULCER & CARCINOMA IN SITU,ADVISE SYMPTOMATIC TREATMENT AND FOLLOW UP IS MUST. ADVISE BIOPSY.,,
UlcerroundRedIrregularM1MNADPiNADSNOYesHnoRetromolararea,SPECKLED LEUKOPLAKIA,TRAUMATICULCER & CARCINOMA IN SITU,ADVISE SYMPTOMATIC TREATMENT AND FOLLOW UP IS MUST. ADVISE BIOPSY.,,
UlcerroundRedIrregularM1MNADPiNADSharpYesHyesBmucosa,SPECKLED LEUKOPLAKIA,TRAUMATICULCER & CARCINOMA IN SITU,ADVISE SYMPTOMATIC TREATMENT AND TO STOP THE HABIT. FOLLOW UP IS MUST. REFER TO A SPECIALIST FOR ADVISE ON BIOPSY.,,
UlcerroundRedIrregularM1MNADPiNADSharpYesHyesBsulcus,SPECKLED LEUKOPLAKIA,TRAUMATICULCER & CARCINOMA IN SITU,ADVISE SYMPTOMATIC TREATMENT AND TO STOP THE HABIT. FOLLOW UP IS MUST. REFER TO A SPECIALIST FOR ADVISE ON BIOPSY.,,
UlcerroundRedIrregularM1MNADPiNADSharpYesHyesPalate,SPECKLED LEUKOPLAKIA,TRAUMATICULCER & CARCINOMA IN SITU,ADVISE SYMPTOMATIC TREATMENT AND TO STOP THE HABIT. FOLLOW UP IS MUST. REFER TO A SPECIALIST FOR ADVISE ON BIOPSY.,,
UlcerroundRedIrregularM1MNADPiNADSharpYesHyesFloor,SPECKLED LEUKOPLAKIA,TRAUMATICULCER & CARCINOMA IN SITU,ADVISE SYMPTOMATIC TREATMENT AND TO STOP THE HABIT. FOLLOW UP IS MUST. REFER TO A SPECIALIST FOR ADVISE ON BIOPSY.,,
UlcerroundRedIrregularM1MNADPiNADSharpYesHyesLateraltongue,SPECKLED LEUKOPLAKIA,TRAUMATICULCER & CARCINOMA IN SITU,ADVISE SYMPTOMATIC TREATMENT AND TO STOP THE HABIT. FOLLOW UP IS MUST. REFER TO A SPECIALIST FOR ADVISE ON BIOPSY.,,
UlcerroundRedIrregularM1MNADPiNADSharpYesHyesDorsumtongue,SPECKLED LEUKOPLAKIA,TRAUMATICULCER & CARCINOMA IN SITU,ADVISE SYMPTOMATIC TREATMENT AND TO STOP THE HABIT. FOLLOW UP IS MUST. REFER TO A SPECIALIST FOR ADVISE ON BIOPSY.,,
UlcerroundRedIrregularM1MNADPiNADSharpYesHyesLip,SPECKLED LEUKOPLAKIA,TRAUMATICULCER & CARCINOMA IN SITU,ADVISE SYMPTOMATIC TREATMENT AND TO STOP THE HABIT. FOLLOW UP IS MUST. REFER TO A SPECIALIST FOR ADVISE ON BIOPSY.,,
UlcerroundRedIrregularM1MNADPiNADSharpYesHyesGingiva,SPECKLED LEUKOPLAKIA,TRAUMATICULCER & CARCINOMA IN SITU,ADVISE SYMPTOMATIC TREATMENT AND TO STOP THE HABIT. FOLLOW UP IS MUST. REFER TO A SPECIALIST FOR ADVISE ON BIOPSY.,,
UlcerroundRedIrregularM1MNADPiNADSharpYesHyesRetromolararea,SPECKLED LEUKOPLAKIA,TRAUMATICULCER & CARCINOMA IN SITU,ADVISE SYMPTOMATIC TREATMENT AND TO STOP THE HABIT. FOLLOW UP IS MUST. REFER TO A SPECIALIST FOR ADVISE ON BIOPSY.,,
UlcerroundRedIrregularM1MNADDarkSNOYesHnoBmucosa,SPECKLED LEUKOPLAKIA,TRAUMATICULCER & CARCINOMA IN SITU,ADVISE SYMPTOMATIC TREATMENT AND FOLLOW UP IS MUST. ADVISE BIOPSY.,,
UlcerroundRedIrregularM1MNADDarkSNOYesHnoBsulcus,SPECKLED LEUKOPLAKIA,TRAUMATICULCER & CARCINOMA IN SITU,ADVISE SYMPTOMATIC TREATMENT AND FOLLOW UP IS MUST. ADVISE BIOPSY.,,
UlcerroundRedIrregularM1MNADDarkSNOYesHnoPalate,SPECKLED LEUKOPLAKIA,TRAUMATICULCER & CARCINOMA IN SITU,ADVISE SYMPTOMATIC TREATMENT AND FOLLOW UP IS MUST. ADVISE BIOPSY.,,
UlcerroundRedIrregularM1MNADDarkSNOYesHnoFloor,SPECKLED LEUKOPLAKIA,TRAUMATICULCER & CARCINOMA IN SITU,ADVISE SYMPTOMATIC TREATMENT AND FOLLOW UP IS MUST. ADVISE BIOPSY.,,
UlcerroundRedIrregularM1MNADDarkSNOYesHnoLateraltongue,SPECKLED LEUKOPLAKIA,TRAUMATICULCER & CARCINOMA IN SITU,ADVISE SYMPTOMATIC TREATMENT AND FOLLOW UP IS MUST. ADVISE BIOPSY.,,
UlcerroundRedIrregularM1MNADDarkSNOYesHnoDorsumtongue,SPECKLED LEUKOPLAKIA,TRAUMATICULCER & CARCINOMA IN SITU,ADVISE SYMPTOMATIC TREATMENT AND FOLLOW UP IS MUST. ADVISE BIOPSY.,,
UlcerroundRedIrregularM1MNADDarkSNOYesHnoLip,SPECKLED LEUKOPLAKIA,TRAUMATICULCER & CARCINOMA IN SITU,ADVISE SYMPTOMATIC TREATMENT AND FOLLOW UP IS MUST. ADVISE BIOPSY.,,
UlcerroundRedIrregularM1MNADDarkSNOYesHnoGingiva,SPECKLED LEUKOPLAKIA,TRAUMATICULCER & CARCINOMA IN SITU,ADVISE SYMPTOMATIC TREATMENT AND FOLLOW UP IS MUST. ADVISE BIOPSY.,,
UlcerroundRedIrregularM1MNADDarkSNOYesHnoRetromolararea,SPECKLED LEUKOPLAKIA,TRAUMATICULCER & CARCINOMA IN SITU,ADVISE SYMPTOMATIC TREATMENT AND FOLLOW UP IS MUST. ADVISE BIOPSY.,,
UlcerroundRedIrregularM1MNADDarkSharpYesHyesBmucosa,SPECKLED LEUKOPLAKIA,TRAUMATICULCER & CARCINOMA IN SITU,ADVISE SYMPTOMATIC TREATMENT AND TO STOP THE HABIT. FOLLOW UP IS MUST. REFER TO A SPECIALIST FOR ADVISE ON BIOPSY.,,
UlcerroundRedIrregularM1MNADDarkSharpYesHyesBsulcus,SPECKLED LEUKOPLAKIA,TRAUMATICULCER & CARCINOMA IN SITU,ADVISE SYMPTOMATIC TREATMENT AND TO STOP THE HABIT. FOLLOW UP IS MUST. REFER TO A SPECIALIST FOR ADVISE ON BIOPSY.,,
UlcerroundRedIrregularM1MNADDarkSharpYesHyesPalate,SPECKLED LEUKOPLAKIA,TRAUMATICULCER & CARCINOMA IN SITU,ADVISE SYMPTOMATIC TREATMENT AND TO STOP THE HABIT. FOLLOW UP IS MUST. REFER TO A SPECIALIST FOR ADVISE ON BIOPSY.,,
UlcerroundRedIrregularM1MNADDarkSharpYesHyesFloor,SPECKLED LEUKOPLAKIA,TRAUMATICULCER & CARCINOMA IN SITU,ADVISE SYMPTOMATIC TREATMENT AND TO STOP THE HABIT. FOLLOW UP IS MUST. REFER TO A SPECIALIST FOR ADVISE ON BIOPSY.,,
UlcerroundRedIrregularM1MNADDarkSharpYesHyesLateraltongue,SPECKLED LEUKOPLAKIA,TRAUMATICULCER & CARCINOMA IN SITU,ADVISE SYMPTOMATIC TREATMENT AND TO STOP THE HABIT. FOLLOW UP IS MUST. REFER TO A SPECIALIST FOR ADVISE ON BIOPSY.,,
UlcerroundRedIrregularM1MNADDarkSharpYesHyesDorsumtongue,SPECKLED LEUKOPLAKIA,TRAUMATICULCER & CARCINOMA IN SITU,ADVISE SYMPTOMATIC TREATMENT AND TO STOP THE HABIT. FOLLOW UP IS MUST. REFER TO A SPECIALIST FOR ADVISE ON BIOPSY.,,
UlcerroundRedIrregularM1MNADDarkSharpYesHyesLip,SPECKLED LEUKOPLAKIA,TRAUMATICULCER & CARCINOMA IN SITU,ADVISE SYMPTOMATIC TREATMENT AND TO STOP THE HABIT. FOLLOW UP IS MUST. REFER TO A SPECIALIST FOR ADVISE ON BIOPSY.,,
UlcerroundRedIrregularM1MNADDarkSharpYesHyesGingiva,SPECKLED LEUKOPLAKIA,TRAUMATICULCER & CARCINOMA IN SITU,ADVISE SYMPTOMATIC TREATMENT AND TO STOP THE HABIT. FOLLOW UP IS MUST. REFER TO A SPECIALIST FOR ADVISE ON BIOPSY.,,
UlcerroundRedIrregularM1MNADDarkSharpYesHyesRetromolararea,SPECKLED LEUKOPLAKIA,TRAUMATICULCER & CARCINOMA IN SITU,ADVISE SYMPTOMATIC TREATMENT AND TO STOP THE HABIT. FOLLOW UP IS MUST. REFER TO A SPECIALIST FOR ADVISE ON BIOPSY.,,
UlcerroundRedGNADMNADPiNADSNOYesHnoBmucosa,SPECKLED LEUKOPLAKIA,TRAUMATICULCER ,ADVISE SYMPTOMATIC TREATMENT AND FOLLOW UP IS MUST. ADVISE BIOPSY.,,
UlcerroundRedGNADMNADPiNADSNOYesHnoBsulcus,SPECKLED LEUKOPLAKIA,TRAUMATICULCER ,ADVISE SYMPTOMATIC TREATMENT AND FOLLOW UP IS MUST. ADVISE BIOPSY.,,
UlcerroundRedGNADMNADPiNADSNOYesHnoPalate,SPECKLED LEUKOPLAKIA,TRAUMATICULCER ,ADVISE SYMPTOMATIC TREATMENT AND FOLLOW UP IS MUST. ADVISE BIOPSY.,,
UlcerroundRedGNADMNADPiNADSNOYesHnoFloor,SPECKLED LEUKOPLAKIA,TRAUMATICULCER ,ADVISE SYMPTOMATIC TREATMENT AND FOLLOW UP IS MUST. ADVISE BIOPSY.,,
UlcerroundRedGNADMNADPiNADSNOYesHnoLateraltongue,SPECKLED LEUKOPLAKIA,TRAUMATICULCER ,ADVISE SYMPTOMATIC TREATMENT AND FOLLOW UP IS MUST. ADVISE BIOPSY.,,
UlcerroundRedGNADMNADPiNADSNOYesHnoDorsumtongue,SPECKLED LEUKOPLAKIA,TRAUMATICULCER ,ADVISE SYMPTOMATIC TREATMENT AND FOLLOW UP IS MUST. ADVISE BIOPSY.,,
UlcerroundRedGNADMNADPiNADSNOYesHnoLip,SPECKLED LEUKOPLAKIA,TRAUMATICULCER ,ADVISE SYMPTOMATIC TREATMENT AND FOLLOW UP IS MUST. ADVISE BIOPSY.,,
UlcerroundRedGNADMNADPiNADSNOYesHnoGingiva,SPECKLED LEUKOPLAKIA,TRAUMATICULCER ,ADVISE SYMPTOMATIC TREATMENT AND FOLLOW UP IS MUST. ADVISE BIOPSY.,,
UlcerroundRedGNADMNADPiNADSNOYesHnoRetromolararea,SPECKLED LEUKOPLAKIA,TRAUMATICULCER ,ADVISE SYMPTOMATIC TREATMENT AND FOLLOW UP IS MUST. ADVISE BIOPSY.,,
UlcerroundRedGNADMNADPiNADSharpYesHyesBmucosa,SPECKLED LEUKOPLAKIA,TRAUMATICULCER ,ADVISE SYMPTOMATIC TREATMENT AND TO STOP THE HABIT. FOLLOW UP IS MUST. REFER TO A SPECIALIST FOR ADVISE ON BIOPSY.,,
UlcerroundRedGNADMNADPiNADSharpYesHyesBsulcus,SPECKLED LEUKOPLAKIA,TRAUMATICULCER ,ADVISE SYMPTOMATIC TREATMENT AND TO STOP THE HABIT. FOLLOW UP IS MUST. REFER TO A SPECIALIST FOR ADVISE ON BIOPSY.,,
UlcerroundRedGNADMNADPiNADSharpYesHyesPalate,SPECKLED LEUKOPLAKIA,TRAUMATICULCER ,ADVISE SYMPTOMATIC TREATMENT AND TO STOP THE HABIT. FOLLOW UP IS MUST. REFER TO A SPECIALIST FOR ADVISE ON BIOPSY.,,
UlcerroundRedGNADMNADPiNADSharpYesHyesFloor,SPECKLED LEUKOPLAKIA,TRAUMATICULCER ,ADVISE SYMPTOMATIC TREATMENT AND TO STOP THE HABIT. FOLLOW UP IS MUST. REFER TO A SPECIALIST FOR ADVISE ON BIOPSY.,,
UlcerroundRedGNADMNADPiNADSharpYesHyesLateraltongue,SPECKLED LEUKOPLAKIA,TRAUMATICULCER ,ADVISE SYMPTOMATIC TREATMENT AND TO STOP THE HABIT. FOLLOW UP IS MUST. REFER TO A SPECIALIST FOR ADVISE ON BIOPSY.,,
UlcerroundRedGNADMNADPiNADSharpYesHyesDorsumtongue,SPECKLED LEUKOPLAKIA,TRAUMATICULCER ,ADVISE SYMPTOMATIC TREATMENT AND TO STOP THE HABIT. FOLLOW UP IS MUST. REFER TO A SPECIALIST FOR ADVISE ON BIOPSY.,,
UlcerroundRedGNADMNADPiNADSharpYesHyesLip,SPECKLED LEUKOPLAKIA,TRAUMATICULCER ,ADVISE SYMPTOMATIC TREATMENT AND TO STOP THE HABIT. FOLLOW UP IS MUST. REFER TO A SPECIALIST FOR ADVISE ON BIOPSY.,,
UlcerroundRedGNADMNADPiNADSharpYesHyesGingiva,SPECKLED LEUKOPLAKIA,TRAUMATICULCER ,ADVISE SYMPTOMATIC TREATMENT AND TO STOP THE HABIT. FOLLOW UP IS MUST. REFER TO A SPECIALIST FOR ADVISE ON BIOPSY.,,
UlcerroundRedGNADMNADPiNADSharpYesHyesRetromolararea,SPECKLED LEUKOPLAKIA,TRAUMATICULCER ,ADVISE SYMPTOMATIC TREATMENT AND TO STOP THE HABIT. FOLLOW UP IS MUST. REFER TO A SPECIALIST FOR ADVISE ON BIOPSY.,,
UlcerroundRedGNADMNADDarkSNOYesHnoBmucosa,SPECKLED LEUKOPLAKIA,TRAUMATICULCER ,ADVISE SYMPTOMATIC TREATMENT AND FOLLOW UP IS MUST. ADVISE BIOPSY.,,
UlcerroundRedGNADMNADDarkSNOYesHnoBsulcus,SPECKLED LEUKOPLAKIA,TRAUMATICULCER ,ADVISE SYMPTOMATIC TREATMENT AND FOLLOW UP IS MUST. ADVISE BIOPSY.,,
UlcerroundRedGNADMNADDarkSNOYesHnoPalate,SPECKLED LEUKOPLAKIA,TRAUMATICULCER ,ADVISE SYMPTOMATIC TREATMENT AND FOLLOW UP IS MUST. ADVISE BIOPSY.,,
UlcerroundRedGNADMNADDarkSNOYesHnoFloor,SPECKLED LEUKOPLAKIA,TRAUMATICULCER ,ADVISE SYMPTOMATIC TREATMENT AND FOLLOW UP IS MUST. ADVISE BIOPSY.,,
UlcerroundRedGNADMNADDarkSNOYesHnoLateraltongue,SPECKLED LEUKOPLAKIA,TRAUMATICULCER ,ADVISE SYMPTOMATIC TREATMENT AND FOLLOW UP IS MUST. ADVISE BIOPSY.,,
UlcerroundRedGNADMNADDarkSNOYesHnoDorsumtongue,SPECKLED LEUKOPLAKIA,TRAUMATICULCER ,ADVISE SYMPTOMATIC TREATMENT AND FOLLOW UP IS MUST. ADVISE BIOPSY.,,
UlcerroundRedGNADMNADDarkSNOYesHnoLip,SPECKLED LEUKOPLAKIA,TRAUMATICULCER ,ADVISE SYMPTOMATIC TREATMENT AND FOLLOW UP IS MUST. ADVISE BIOPSY.,,
UlcerroundRedGNADMNADDarkSNOYesHnoGingiva,SPECKLED LEUKOPLAKIA,TRAUMATICULCER ,ADVISE SYMPTOMATIC TREATMENT AND FOLLOW UP IS MUST. ADVISE BIOPSY.,,
UlcerroundRedGNADMNADDarkSNOYesHnoRetromolararea,SPECKLED LEUKOPLAKIA,TRAUMATICULCER ,ADVISE SYMPTOMATIC TREATMENT AND FOLLOW UP IS MUST. ADVISE BIOPSY.,,
UlcerroundRedGNADMNADDarkSharpYesHyesBmucosa,SPECKLED LEUKOPLAKIA,TRAUMATICULCER ,ADVISE SYMPTOMATIC TREATMENT AND TO STOP THE HABIT. FOLLOW UP IS MUST. REFER TO A SPECIALIST FOR ADVISE ON BIOPSY.,,
UlcerroundRedGNADMNADDarkSharpYesHyesBsulcus,SPECKLED LEUKOPLAKIA,TRAUMATICULCER ,ADVISE SYMPTOMATIC TREATMENT AND TO STOP THE HABIT. FOLLOW UP IS MUST. REFER TO A SPECIALIST FOR ADVISE ON BIOPSY.,,
UlcerroundRedGNADMNADDarkSharpYesHyesPalate,SPECKLED LEUKOPLAKIA,TRAUMATICULCER ,ADVISE SYMPTOMATIC TREATMENT AND TO STOP THE HABIT. FOLLOW UP IS MUST. REFER TO A SPECIALIST FOR ADVISE ON BIOPSY.,,
UlcerroundRedGNADMNADDarkSharpYesHyesFloor,SPECKLED LEUKOPLAKIA,TRAUMATICULCER ,ADVISE SYMPTOMATIC TREATMENT AND TO STOP THE HABIT. FOLLOW UP IS MUST. REFER TO A SPECIALIST FOR ADVISE ON BIOPSY.,,
UlcerroundRedGNADMNADDarkSharpYesHyesLateraltongue,SPECKLED LEUKOPLAKIA,TRAUMATICULCER ,ADVISE SYMPTOMATIC TREATMENT AND TO STOP THE HABIT. FOLLOW UP IS MUST. REFER TO A SPECIALIST FOR ADVISE ON BIOPSY.,,
UlcerroundRedGNADMNADDarkSharpYesHyesDorsumtongue,SPECKLED LEUKOPLAKIA,TRAUMATICULCER ,ADVISE SYMPTOMATIC TREATMENT AND TO STOP THE HABIT. FOLLOW UP IS MUST. REFER TO A SPECIALIST FOR ADVISE ON BIOPSY.,,
UlcerroundRedGNADMNADDarkSharpYesHyesLip,SPECKLED LEUKOPLAKIA,TRAUMATICULCER ,ADVISE SYMPTOMATIC TREATMENT AND TO STOP THE HABIT. FOLLOW UP IS MUST. REFER TO A SPECIALIST FOR ADVISE ON BIOPSY.,,
UlcerroundRedGNADMNADDarkSharpYesHyesGingiva,SPECKLED LEUKOPLAKIA,TRAUMATICULCER ,ADVISE SYMPTOMATIC TREATMENT AND TO STOP THE HABIT. FOLLOW UP IS MUST. REFER TO A SPECIALIST FOR ADVISE ON BIOPSY.,,
UlcerroundRedGNADMNADDarkSharpYesHyesRetromolararea,SPECKLED LEUKOPLAKIA,TRAUMATICULCER ,ADVISE SYMPTOMATIC TREATMENT AND TO STOP THE HABIT. FOLLOW UP IS MUST. REFER TO A SPECIALIST FOR ADVISE ON BIOPSY.,,
UlcerroundPNADIrregularM1MarblewhitePiNADSNOYesHnoBmucosa,TRAUMATICULCER ,OSMF & CARCINOMA IN SITU,ADVISE SYMPTOMATIC TREATMENT AND FOLLOW UP IS MUST. ADVISE BIOPSY.,,
UlcerroundPNADIrregularM1MarblewhitePiNADSNOYesHnoBsulcus,TRAUMATICULCER ,OSMF & CARCINOMA IN SITU,ADVISE SYMPTOMATIC TREATMENT AND FOLLOW UP IS MUST. ADVISE BIOPSY.,,
UlcerroundPNADIrregularM1MarblewhitePiNADSNOYesHnoPalate,TRAUMATICULCER ,OSMF & CARCINOMA IN SITU,ADVISE SYMPTOMATIC TREATMENT AND FOLLOW UP IS MUST. ADVISE BIOPSY.,,
UlcerroundPNADIrregularM1MarblewhitePiNADSNOYesHnoFloor,TRAUMATICULCER ,OSMF & CARCINOMA IN SITU,ADVISE SYMPTOMATIC TREATMENT AND FOLLOW UP IS MUST. ADVISE BIOPSY.,,
UlcerroundPNADIrregularM1MarblewhitePiNADSNOYesHnoLateraltongue,TRAUMATICULCER ,OSMF & CARCINOMA IN SITU,ADVISE SYMPTOMATIC TREATMENT AND FOLLOW UP IS MUST. ADVISE BIOPSY.,,
UlcerroundPNADIrregularM1MarblewhitePiNADSNOYesHnoDorsumtongue,TRAUMATICULCER ,OSMF & CARCINOMA IN SITU,ADVISE SYMPTOMATIC TREATMENT AND FOLLOW UP IS MUST. ADVISE BIOPSY.,,
UlcerroundPNADIrregularM1MarblewhitePiNADSNOYesHnoLip,TRAUMATICULCER ,OSMF & CARCINOMA IN SITU,ADVISE SYMPTOMATIC TREATMENT AND FOLLOW UP IS MUST. ADVISE BIOPSY.,,
UlcerroundPNADIrregularM1MarblewhitePiNADSNOYesHnoGingiva,TRAUMATICULCER ,OSMF & CARCINOMA IN SITU,ADVISE SYMPTOMATIC TREATMENT AND FOLLOW UP IS MUST. ADVISE BIOPSY.,,
UlcerroundPNADIrregularM1MarblewhitePiNADSNOYesHnoRetromolararea,TRAUMATICULCER ,OSMF & CARCINOMA IN SITU,ADVISE SYMPTOMATIC TREATMENT AND FOLLOW UP IS MUST. ADVISE BIOPSY.,,
UlcerroundPNADIrregularM1MarblewhitePiNADSharpYesHyesBmucosa,TRAUMATICULCER ,OSMF & CARCINOMA IN SITU,ADVISE SYMPTOMATIC TREATMENT AND TO STOP THE HABIT. FOLLOW UP IS MUST. REFER TO A SPECIALIST FOR ADVISE ON BIOPSY.,,
UlcerroundPNADIrregularM1MarblewhitePiNADSharpYesHyesBsulcus,TRAUMATICULCER ,OSMF & CARCINOMA IN SITU,ADVISE SYMPTOMATIC TREATMENT AND TO STOP THE HABIT. FOLLOW UP IS MUST. REFER TO A SPECIALIST FOR ADVISE ON BIOPSY.,,
UlcerroundPNADIrregularM1MarblewhitePiNADSharpYesHyesPalate,TRAUMATICULCER ,OSMF & CARCINOMA IN SITU,ADVISE SYMPTOMATIC TREATMENT AND TO STOP THE HABIT. FOLLOW UP IS MUST. REFER TO A SPECIALIST FOR ADVISE ON BIOPSY.,,
UlcerroundPNADIrregularM1MarblewhitePiNADSharpYesHyesFloor,TRAUMATICULCER ,OSMF & CARCINOMA IN SITU,ADVISE SYMPTOMATIC TREATMENT AND TO STOP THE HABIT. FOLLOW UP IS MUST. REFER TO A SPECIALIST FOR ADVISE ON BIOPSY.,,
UlcerroundPNADIrregularM1MarblewhitePiNADSharpYesHyesLateraltongue,TRAUMATICULCER ,OSMF & CARCINOMA IN SITU,ADVISE SYMPTOMATIC TREATMENT AND TO STOP THE HABIT. FOLLOW UP IS MUST. REFER TO A SPECIALIST FOR ADVISE ON BIOPSY.,,
UlcerroundPNADIrregularM1MarblewhitePiNADSharpYesHyesDorsumtongue,TRAUMATICULCER ,OSMF & CARCINOMA IN SITU,ADVISE SYMPTOMATIC TREATMENT AND TO STOP THE HABIT. FOLLOW UP IS MUST. REFER TO A SPECIALIST FOR ADVISE ON BIOPSY.,,
UlcerroundPNADIrregularM1MarblewhitePiNADSharpYesHyesLip,TRAUMATICULCER ,OSMF & CARCINOMA IN SITU,ADVISE SYMPTOMATIC TREATMENT AND TO STOP THE HABIT. FOLLOW UP IS MUST. REFER TO A SPECIALIST FOR ADVISE ON BIOPSY.,,
UlcerroundPNADIrregularM1MarblewhitePiNADSharpYesHyesGingiva,TRAUMATICULCER ,OSMF & CARCINOMA IN SITU,ADVISE SYMPTOMATIC TREATMENT AND TO STOP THE HABIT. FOLLOW UP IS MUST. REFER TO A SPECIALIST FOR ADVISE ON BIOPSY.,,
UlcerroundPNADIrregularM1MarblewhitePiNADSharpYesHyesRetromolararea,TRAUMATICULCER ,OSMF & CARCINOMA IN SITU,ADVISE SYMPTOMATIC TREATMENT AND TO STOP THE HABIT. FOLLOW UP IS MUST. REFER TO A SPECIALIST FOR ADVISE ON BIOPSY.,,
UlcerroundPNADIrregularM1MarblewhiteDarkSNOYesHnoBmucosa,TRAUMATICULCER ,OSMF & CARCINOMA IN SITU,ADVISE SYMPTOMATIC TREATMENT AND FOLLOW UP IS MUST. ADVISE BIOPSY.,,
UlcerroundPNADIrregularM1MarblewhiteDarkSNOYesHnoBsulcus,TRAUMATICULCER ,OSMF & CARCINOMA IN SITU,ADVISE SYMPTOMATIC TREATMENT AND FOLLOW UP IS MUST. ADVISE BIOPSY.,,
UlcerroundPNADIrregularM1MarblewhiteDarkSNOYesHnoPalate,TRAUMATICULCER ,OSMF & CARCINOMA IN SITU,ADVISE SYMPTOMATIC TREATMENT AND FOLLOW UP IS MUST. ADVISE BIOPSY.,,
UlcerroundPNADIrregularM1MarblewhiteDarkSNOYesHnoFloor,TRAUMATICULCER ,OSMF & CARCINOMA IN SITU,ADVISE SYMPTOMATIC TREATMENT AND FOLLOW UP IS MUST. ADVISE BIOPSY.,,
UlcerroundPNADIrregularM1MarblewhiteDarkSNOYesHnoLateraltongue,TRAUMATICULCER ,OSMF & CARCINOMA IN SITU,ADVISE SYMPTOMATIC TREATMENT AND FOLLOW UP IS MUST. ADVISE BIOPSY.,,
UlcerroundPNADIrregularM1MarblewhiteDarkSNOYesHnoDorsumtongue,TRAUMATICULCER ,OSMF & CARCINOMA IN SITU,ADVISE SYMPTOMATIC TREATMENT AND FOLLOW UP IS MUST. ADVISE BIOPSY.,,
UlcerroundPNADIrregularM1MarblewhiteDarkSNOYesHnoLip,TRAUMATICULCER ,OSMF & CARCINOMA IN SITU,ADVISE SYMPTOMATIC TREATMENT AND FOLLOW UP IS MUST. ADVISE BIOPSY.,,
UlcerroundPNADIrregularM1MarblewhiteDarkSNOYesHnoGingiva,TRAUMATICULCER ,OSMF & CARCINOMA IN SITU,ADVISE SYMPTOMATIC TREATMENT AND FOLLOW UP IS MUST. ADVISE BIOPSY.,,
UlcerroundPNADIrregularM1MarblewhiteDarkSNOYesHnoRetromolararea,TRAUMATICULCER ,OSMF & CARCINOMA IN SITU,ADVISE SYMPTOMATIC TREATMENT AND FOLLOW UP IS MUST. ADVISE BIOPSY.,,
UlcerroundPNADIrregularM1MarblewhiteDarkSharpYesHyesBmucosa,TRAUMATICULCER ,OSMF & CARCINOMA IN SITU,ADVISE SYMPTOMATIC TREATMENT AND TO STOP THE HABIT. FOLLOW UP IS MUST. REFER TO A SPECIALIST FOR ADVISE ON BIOPSY.,,
UlcerroundPNADIrregularM1MarblewhiteDarkSharpYesHyesBsulcus,TRAUMATICULCER ,OSMF & CARCINOMA IN SITU,ADVISE SYMPTOMATIC TREATMENT AND TO STOP THE HABIT. FOLLOW UP IS MUST. REFER TO A SPECIALIST FOR ADVISE ON BIOPSY.,,
UlcerroundPNADIrregularM1MarblewhiteDarkSharpYesHyesPalate,TRAUMATICULCER ,OSMF & CARCINOMA IN SITU,ADVISE SYMPTOMATIC TREATMENT AND TO STOP THE HABIT. FOLLOW UP IS MUST. REFER TO A SPECIALIST FOR ADVISE ON BIOPSY.,,
UlcerroundPNADIrregularM1MarblewhiteDarkSharpYesHyesFloor,TRAUMATICULCER ,OSMF & CARCINOMA IN SITU,ADVISE SYMPTOMATIC TREATMENT AND TO STOP THE HABIT. FOLLOW UP IS MUST. REFER TO A SPECIALIST FOR ADVISE ON BIOPSY.,,
UlcerroundPNADIrregularM1MarblewhiteDarkSharpYesHyesLateraltongue,TRAUMATICULCER ,OSMF & CARCINOMA IN SITU,ADVISE SYMPTOMATIC TREATMENT AND TO STOP THE HABIT. FOLLOW UP IS MUST. REFER TO A SPECIALIST FOR ADVISE ON BIOPSY.,,
UlcerroundPNADIrregularM1MarblewhiteDarkSharpYesHyesDorsumtongue,TRAUMATICULCER ,OSMF & CARCINOMA IN SITU,ADVISE SYMPTOMATIC TREATMENT AND TO STOP THE HABIT. FOLLOW UP IS MUST. REFER TO A SPECIALIST FOR ADVISE ON BIOPSY.,,
UlcerroundPNADIrregularM1MarblewhiteDarkSharpYesHyesLip,TRAUMATICULCER ,OSMF & CARCINOMA IN SITU,ADVISE SYMPTOMATIC TREATMENT AND TO STOP THE HABIT. FOLLOW UP IS MUST. REFER TO A SPECIALIST FOR ADVISE ON BIOPSY.,,
UlcerroundPNADIrregularM1MarblewhiteDarkSharpYesHyesGingiva,TRAUMATICULCER ,OSMF & CARCINOMA IN SITU,ADVISE SYMPTOMATIC TREATMENT AND TO STOP THE HABIT. FOLLOW UP IS MUST. REFER TO A SPECIALIST FOR ADVISE ON BIOPSY.,,
UlcerroundPNADIrregularM1MarblewhiteDarkSharpYesHyesRetromolararea,TRAUMATICULCER ,OSMF & CARCINOMA IN SITU,ADVISE SYMPTOMATIC TREATMENT AND TO STOP THE HABIT. FOLLOW UP IS MUST. REFER TO A SPECIALIST FOR ADVISE ON BIOPSY.,,
UlcerroundPNADGNADMarblewhitePiNADSNOYesHnoBmucosa,TRAUMATICULCER ,OSMF,ADVISE SYMPTOMATIC TREATMENT AND FOLLOW UP IS MUST. ADVISE BIOPSY.,,
UlcerroundPNADGNADMarblewhitePiNADSNOYesHnoBsulcus,TRAUMATICULCER ,OSMF,ADVISE SYMPTOMATIC TREATMENT AND FOLLOW UP IS MUST. ADVISE BIOPSY.,,
UlcerroundPNADGNADMarblewhitePiNADSNOYesHnoPalate,TRAUMATICULCER ,OSMF,ADVISE SYMPTOMATIC TREATMENT AND FOLLOW UP IS MUST. ADVISE BIOPSY.,,
UlcerroundPNADGNADMarblewhitePiNADSNOYesHnoFloor,TRAUMATICULCER ,OSMF,ADVISE SYMPTOMATIC TREATMENT AND FOLLOW UP IS MUST. ADVISE BIOPSY.,,
UlcerroundPNADGNADMarblewhitePiNADSNOYesHnoLateraltongue,TRAUMATICULCER ,OSMF,ADVISE SYMPTOMATIC TREATMENT AND FOLLOW UP IS MUST. ADVISE BIOPSY.,,
UlcerroundPNADGNADMarblewhitePiNADSNOYesHnoDorsumtongue,TRAUMATICULCER ,OSMF,ADVISE SYMPTOMATIC TREATMENT AND FOLLOW UP IS MUST. ADVISE BIOPSY.,,
UlcerroundPNADGNADMarblewhitePiNADSNOYesHnoLip,TRAUMATICULCER ,OSMF,ADVISE SYMPTOMATIC TREATMENT AND FOLLOW UP IS MUST. ADVISE BIOPSY.,,
UlcerroundPNADGNADMarblewhitePiNADSNOYesHnoGingiva,TRAUMATICULCER ,OSMF,ADVISE SYMPTOMATIC TREATMENT AND FOLLOW UP IS MUST. ADVISE BIOPSY.,,
UlcerroundPNADGNADMarblewhitePiNADSNOYesHnoRetromolararea,TRAUMATICULCER ,OSMF,ADVISE SYMPTOMATIC TREATMENT AND FOLLOW UP IS MUST. ADVISE BIOPSY.,,
UlcerroundPNADGNADMarblewhitePiNADSharpYesHyesBmucosa,TRAUMATICULCER ,OSMF,ADVISE SYMPTOMATIC TREATMENT AND TO STOP THE HABIT. FOLLOW UP IS MUST. REFER TO A SPECIALIST FOR ADVISE ON BIOPSY.,,
UlcerroundPNADGNADMarblewhitePiNADSharpYesHyesBsulcus,TRAUMATICULCER ,OSMF,ADVISE SYMPTOMATIC TREATMENT AND TO STOP THE HABIT. FOLLOW UP IS MUST. REFER TO A SPECIALIST FOR ADVISE ON BIOPSY.,,
UlcerroundPNADGNADMarblewhitePiNADSharpYesHyesPalate,TRAUMATICULCER ,OSMF,ADVISE SYMPTOMATIC TREATMENT AND TO STOP THE HABIT. FOLLOW UP IS MUST. REFER TO A SPECIALIST FOR ADVISE ON BIOPSY.,,
UlcerroundPNADGNADMarblewhitePiNADSharpYesHyesFloor,TRAUMATICULCER ,OSMF,ADVISE SYMPTOMATIC TREATMENT AND TO STOP THE HABIT. FOLLOW UP IS MUST. REFER TO A SPECIALIST FOR ADVISE ON BIOPSY.,,
UlcerroundPNADGNADMarblewhitePiNADSharpYesHyesLateraltongue,TRAUMATICULCER ,OSMF,ADVISE SYMPTOMATIC TREATMENT AND TO STOP THE HABIT. FOLLOW UP IS MUST. REFER TO A SPECIALIST FOR ADVISE ON BIOPSY.,,
UlcerroundPNADGNADMarblewhitePiNADSharpYesHyesDorsumtongue,TRAUMATICULCER ,OSMF,ADVISE SYMPTOMATIC TREATMENT AND TO STOP THE HABIT. FOLLOW UP IS MUST. REFER TO A SPECIALIST FOR ADVISE ON BIOPSY.,,
UlcerroundPNADGNADMarblewhitePiNADSharpYesHyesLip,TRAUMATICULCER ,OSMF,ADVISE SYMPTOMATIC TREATMENT AND TO STOP THE HABIT. FOLLOW UP IS MUST. REFER TO A SPECIALIST FOR ADVISE ON BIOPSY.,,
UlcerroundPNADGNADMarblewhitePiNADSharpYesHyesGingiva,TRAUMATICULCER ,OSMF,ADVISE SYMPTOMATIC TREATMENT AND TO STOP THE HABIT. FOLLOW UP IS MUST. REFER TO A SPECIALIST FOR ADVISE ON BIOPSY.,,
UlcerroundPNADGNADMarblewhitePiNADSharpYesHyesRetromolararea,TRAUMATICULCER ,OSMF,ADVISE SYMPTOMATIC TREATMENT AND TO STOP THE HABIT. FOLLOW UP IS MUST. REFER TO A SPECIALIST FOR ADVISE ON BIOPSY.,,
UlcerroundPNADGNADMarblewhiteDarkSNOYesHnoBmucosa,TRAUMATICULCER ,OSMF,ADVISE SYMPTOMATIC TREATMENT AND FOLLOW UP IS MUST. ADVISE BIOPSY.,,
UlcerroundPNADGNADMarblewhiteDarkSNOYesHnoBsulcus,TRAUMATICULCER ,OSMF,ADVISE SYMPTOMATIC TREATMENT AND FOLLOW UP IS MUST. ADVISE BIOPSY.,,
UlcerroundPNADGNADMarblewhiteDarkSNOYesHnoPalate,TRAUMATICULCER ,OSMF,ADVISE SYMPTOMATIC TREATMENT AND FOLLOW UP IS MUST. ADVISE BIOPSY.,,
UlcerroundPNADGNADMarblewhiteDarkSNOYesHnoFloor,TRAUMATICULCER ,OSMF,ADVISE SYMPTOMATIC TREATMENT AND FOLLOW UP IS MUST. ADVISE BIOPSY.,,
UlcerroundPNADGNADMarblewhiteDarkSNOYesHnoLateraltongue,TRAUMATICULCER ,OSMF,ADVISE SYMPTOMATIC TREATMENT AND FOLLOW UP IS MUST. ADVISE BIOPSY.,,
UlcerroundPNADGNADMarblewhiteDarkSNOYesHnoDorsumtongue,TRAUMATICULCER ,OSMF,ADVISE SYMPTOMATIC TREATMENT AND FOLLOW UP IS MUST. ADVISE BIOPSY.,,
UlcerroundPNADGNADMarblewhiteDarkSNOYesHnoLip,TRAUMATICULCER ,OSMF,ADVISE SYMPTOMATIC TREATMENT AND FOLLOW UP IS MUST. ADVISE BIOPSY.,,
UlcerroundPNADGNADMarblewhiteDarkSNOYesHnoGingiva,TRAUMATICULCER ,OSMF,ADVISE SYMPTOMATIC TREATMENT AND FOLLOW UP IS MUST. ADVISE BIOPSY.,,
UlcerroundPNADGNADMarblewhiteDarkSNOYesHnoRetromolararea,TRAUMATICULCER ,OSMF,ADVISE SYMPTOMATIC TREATMENT AND FOLLOW UP IS MUST. ADVISE BIOPSY.,,
UlcerroundPNADGNADMarblewhiteDarkSharpYesHyesBmucosa,TRAUMATICULCER ,OSMF,ADVISE SYMPTOMATIC TREATMENT AND TO STOP THE HABIT. FOLLOW UP IS MUST. REFER TO A SPECIALIST FOR ADVISE ON BIOPSY.,,
UlcerroundPNADGNADMarblewhiteDarkSharpYesHyesBsulcus,TRAUMATICULCER ,OSMF,ADVISE SYMPTOMATIC TREATMENT AND TO STOP THE HABIT. FOLLOW UP IS MUST. REFER TO A SPECIALIST FOR ADVISE ON BIOPSY.,,
UlcerroundPNADGNADMarblewhiteDarkSharpYesHyesPalate,TRAUMATICULCER ,OSMF,ADVISE SYMPTOMATIC TREATMENT AND TO STOP THE HABIT. FOLLOW UP IS MUST. REFER TO A SPECIALIST FOR ADVISE ON BIOPSY.,,
UlcerroundPNADGNADMarblewhiteDarkSharpYesHyesFloor,TRAUMATICULCER ,OSMF,ADVISE SYMPTOMATIC TREATMENT AND TO STOP THE HABIT. FOLLOW UP IS MUST. REFER TO A SPECIALIST FOR ADVISE ON BIOPSY.,,
UlcerroundPNADGNADMarblewhiteDarkSharpYesHyesLateraltongue,TRAUMATICULCER ,OSMF,ADVISE SYMPTOMATIC TREATMENT AND TO STOP THE HABIT. FOLLOW UP IS MUST. REFER TO A SPECIALIST FOR ADVISE ON BIOPSY.,,
UlcerroundPNADGNADMarblewhiteDarkSharpYesHyesDorsumtongue,TRAUMATICULCER ,OSMF,ADVISE SYMPTOMATIC TREATMENT AND TO STOP THE HABIT. FOLLOW UP IS MUST. REFER TO A SPECIALIST FOR ADVISE ON BIOPSY.,,
UlcerroundPNADGNADMarblewhiteDarkSharpYesHyesLip,TRAUMATICULCER ,OSMF,ADVISE SYMPTOMATIC TREATMENT AND TO STOP THE HABIT. FOLLOW UP IS MUST. REFER TO A SPECIALIST FOR ADVISE ON BIOPSY.,,
UlcerroundPNADGNADMarblewhiteDarkSharpYesHyesGingiva,TRAUMATICULCER ,OSMF,ADVISE SYMPTOMATIC TREATMENT AND TO STOP THE HABIT. FOLLOW UP IS MUST. REFER TO A SPECIALIST FOR ADVISE ON BIOPSY.,,
UlcerroundPNADGNADMarblewhiteDarkSharpYesHyesRetromolararea,TRAUMATICULCER ,OSMF,ADVISE SYMPTOMATIC TREATMENT AND TO STOP THE HABIT. FOLLOW UP IS MUST. REFER TO A SPECIALIST FOR ADVISE ON BIOPSY.,,
UlcerroundPNADIrregularM1MNADPiNADSNOYesHnoBmucosa,TRAUMATICULCER ,CARCINOMA IN SITU,ADVISE SYMPTOMATIC TREATMENT AND FOLLOW UP IS MUST. ADVISE BIOPSY.,,
UlcerroundPNADIrregularM1MNADPiNADSNOYesHnoBsulcus,TRAUMATICULCER ,CARCINOMA IN SITU,ADVISE SYMPTOMATIC TREATMENT AND FOLLOW UP IS MUST. ADVISE BIOPSY.,,
UlcerroundPNADIrregularM1MNADPiNADSNOYesHnoPalate,TRAUMATICULCER ,CARCINOMA IN SITU,ADVISE SYMPTOMATIC TREATMENT AND FOLLOW UP IS MUST. ADVISE BIOPSY.,,
UlcerroundPNADIrregularM1MNADPiNADSNOYesHnoFloor,TRAUMATICULCER ,CARCINOMA IN SITU,ADVISE SYMPTOMATIC TREATMENT AND FOLLOW UP IS MUST. ADVISE BIOPSY.,,
UlcerroundPNADIrregularM1MNADPiNADSNOYesHnoLateraltongue,TRAUMATICULCER ,CARCINOMA IN SITU,ADVISE SYMPTOMATIC TREATMENT AND FOLLOW UP IS MUST. ADVISE BIOPSY.,,
UlcerroundPNADIrregularM1MNADPiNADSNOYesHnoDorsumtongue,TRAUMATICULCER ,CARCINOMA IN SITU,ADVISE SYMPTOMATIC TREATMENT AND FOLLOW UP IS MUST. ADVISE BIOPSY.,,
UlcerroundPNADIrregularM1MNADPiNADSNOYesHnoLip,TRAUMATICULCER ,CARCINOMA IN SITU,ADVISE SYMPTOMATIC TREATMENT AND FOLLOW UP IS MUST. ADVISE BIOPSY.,,
UlcerroundPNADIrregularM1MNADPiNADSNOYesHnoGingiva,TRAUMATICULCER ,CARCINOMA IN SITU,ADVISE SYMPTOMATIC TREATMENT AND FOLLOW UP IS MUST. ADVISE BIOPSY.,,
UlcerroundPNADIrregularM1MNADPiNADSNOYesHnoRetromolararea,TRAUMATICULCER ,CARCINOMA IN SITU,ADVISE SYMPTOMATIC TREATMENT AND FOLLOW UP IS MUST. ADVISE BIOPSY.,,
UlcerroundPNADIrregularM1MNADPiNADSharpYesHyesBmucosa,TRAUMATICULCER ,CARCINOMA IN SITU,ADVISE SYMPTOMATIC TREATMENT AND TO STOP THE HABIT. FOLLOW UP IS MUST. REFER TO A SPECIALIST FOR ADVISE ON BIOPSY.,,
UlcerroundPNADIrregularM1MNADPiNADSharpYesHyesBsulcus,TRAUMATICULCER ,CARCINOMA IN SITU,ADVISE SYMPTOMATIC TREATMENT AND TO STOP THE HABIT. FOLLOW UP IS MUST. REFER TO A SPECIALIST FOR ADVISE ON BIOPSY.,,
UlcerroundPNADIrregularM1MNADPiNADSharpYesHyesPalate,TRAUMATICULCER ,CARCINOMA IN SITU,ADVISE SYMPTOMATIC TREATMENT AND TO STOP THE HABIT. FOLLOW UP IS MUST. REFER TO A SPECIALIST FOR ADVISE ON BIOPSY.,,
UlcerroundPNADIrregularM1MNADPiNADSharpYesHyesFloor,TRAUMATICULCER ,CARCINOMA IN SITU,ADVISE SYMPTOMATIC TREATMENT AND TO STOP THE HABIT. FOLLOW UP IS MUST. REFER TO A SPECIALIST FOR ADVISE ON BIOPSY.,,
UlcerroundPNADIrregularM1MNADPiNADSharpYesHyesLateraltongue,TRAUMATICULCER ,CARCINOMA IN SITU,ADVISE SYMPTOMATIC TREATMENT AND TO STOP THE HABIT. FOLLOW UP IS MUST. REFER TO A SPECIALIST FOR ADVISE ON BIOPSY.,,
UlcerroundPNADIrregularM1MNADPiNADSharpYesHyesDorsumtongue,TRAUMATICULCER ,CARCINOMA IN SITU,ADVISE SYMPTOMATIC TREATMENT AND TO STOP THE HABIT. FOLLOW UP IS MUST. REFER TO A SPECIALIST FOR ADVISE ON BIOPSY.,,
UlcerroundPNADIrregularM1MNADPiNADSharpYesHyesLip,TRAUMATICULCER ,CARCINOMA IN SITU,ADVISE SYMPTOMATIC TREATMENT AND TO STOP THE HABIT. FOLLOW UP IS MUST. REFER TO A SPECIALIST FOR ADVISE ON BIOPSY.,,
UlcerroundPNADIrregularM1MNADPiNADSharpYesHyesGingiva,TRAUMATICULCER ,CARCINOMA IN SITU,ADVISE SYMPTOMATIC TREATMENT AND TO STOP THE HABIT. FOLLOW UP IS MUST. REFER TO A SPECIALIST FOR ADVISE ON BIOPSY.,,
UlcerroundPNADIrregularM1MNADPiNADSharpYesHyesRetromolararea,TRAUMATICULCER ,CARCINOMA IN SITU,ADVISE SYMPTOMATIC TREATMENT AND TO STOP THE HABIT. FOLLOW UP IS MUST. REFER TO A SPECIALIST FOR ADVISE ON BIOPSY.,,
UlcerroundPNADIrregularM1MNADDarkSNOYesHnoBmucosa,TRAUMATICULCER ,CARCINOMA IN SITU,ADVISE SYMPTOMATIC TREATMENT AND FOLLOW UP IS MUST. ADVISE BIOPSY.,,
UlcerroundPNADIrregularM1MNADDarkSNOYesHnoBsulcus,TRAUMATICULCER ,CARCINOMA IN SITU,ADVISE SYMPTOMATIC TREATMENT AND FOLLOW UP IS MUST. ADVISE BIOPSY.,,
UlcerroundPNADIrregularM1MNADDarkSNOYesHnoPalate,TRAUMATICULCER ,CARCINOMA IN SITU,ADVISE SYMPTOMATIC TREATMENT AND FOLLOW UP IS MUST. ADVISE BIOPSY.,,
UlcerroundPNADIrregularM1MNADDarkSNOYesHnoFloor,TRAUMATICULCER ,CARCINOMA IN SITU,ADVISE SYMPTOMATIC TREATMENT AND FOLLOW UP IS MUST. ADVISE BIOPSY.,,
UlcerroundPNADIrregularM1MNADDarkSNOYesHnoLateraltongue,TRAUMATICULCER ,CARCINOMA IN SITU,ADVISE SYMPTOMATIC TREATMENT AND FOLLOW UP IS MUST. ADVISE BIOPSY.,,
UlcerroundPNADIrregularM1MNADDarkSNOYesHnoDorsumtongue,TRAUMATICULCER ,CARCINOMA IN SITU,ADVISE SYMPTOMATIC TREATMENT AND FOLLOW UP IS MUST. ADVISE BIOPSY.,,
UlcerroundPNADIrregularM1MNADDarkSNOYesHnoLip,TRAUMATICULCER ,CARCINOMA IN SITU,ADVISE SYMPTOMATIC TREATMENT AND FOLLOW UP IS MUST. ADVISE BIOPSY.,,
UlcerroundNADIrregularM1MNADDarkSNOYesHnoGingiva,TRAUMATICULCER ,CARCINOMA IN SITU,ADVISE SYMPTOMATIC TREATMENT AND FOLLOW UP IS MUST. ADVISE BIOPSY.,,
UlcerroundPNADIrregularM1MNADDarkSNOYesHnoRetromolararea,TRAUMATICULCER ,CARCINOMA IN SITU,ADVISE SYMPTOMATIC TREATMENT AND FOLLOW UP IS MUST. ADVISE BIOPSY.,,
UlcerroundPNADIrregularM1MNADDarkSharpYesHyesBmucosa,TRAUMATICULCER ,CARCINOMA IN SITU,ADVISE SYMPTOMATIC TREATMENT AND TO STOP THE HABIT. FOLLOW UP IS MUST. REFER TO A SPECIALIST FOR ADVISE ON BIOPSY.,,
UlcerroundPNADIrregularM1MNADDarkSharpYesHyesBsulcus,TRAUMATICULCER ,CARCINOMA IN SITU,ADVISE SYMPTOMATIC TREATMENT AND TO STOP THE HABIT. FOLLOW UP IS MUST. REFER TO A SPECIALIST FOR ADVISE ON BIOPSY.,,
UlcerroundPNADIrregularM1MNADDarkSharpYesHyesPalate,TRAUMATICULCER ,CARCINOMA IN SITU,ADVISE SYMPTOMATIC TREATMENT AND TO STOP THE HABIT. FOLLOW UP IS MUST. REFER TO A SPECIALIST FOR ADVISE ON BIOPSY.,,
UlcerroundPNADIrregularM1MNADDarkSharpYesHyesFloor,TRAUMATICULCER ,CARCINOMA IN SITU,ADVISE SYMPTOMATIC TREATMENT AND TO STOP THE HABIT. FOLLOW UP IS MUST. REFER TO A SPECIALIST FOR ADVISE ON BIOPSY.,,
UlcerroundPNADIrregularM1MNADDarkSharpYesHyesLateraltongue,TRAUMATICULCER ,CARCINOMA IN SITU,ADVISE SYMPTOMATIC TREATMENT AND TO STOP THE HABIT. FOLLOW UP IS MUST. REFER TO A SPECIALIST FOR ADVISE ON BIOPSY.,,
UlcerroundPNADIrregularM1MNADDarkSharpYesHyesDorsumtongue,TRAUMATICULCER ,CARCINOMA IN SITU,ADVISE SYMPTOMATIC TREATMENT AND TO STOP THE HABIT. FOLLOW UP IS MUST. REFER TO A SPECIALIST FOR ADVISE ON BIOPSY.,,
UlcerroundPNADIrregularM1MNADDarkSharpYesHyesLip,TRAUMATICULCER ,CARCINOMA IN SITU,ADVISE SYMPTOMATIC TREATMENT AND TO STOP THE HABIT. FOLLOW UP IS MUST. REFER TO A SPECIALIST FOR ADVISE ON BIOPSY.,,
UlcerroundPNADIrregularM1MNADDarkSharpYesHyesGingiva,TRAUMATICULCER ,CARCINOMA IN SITU,ADVISE SYMPTOMATIC TREATMENT AND TO STOP THE HABIT. FOLLOW UP IS MUST. REFER TO A SPECIALIST FOR ADVISE ON BIOPSY.,,
UlcerroundPNADIrregularM1MNADDarkSharpYesHyesRetromolararea,TRAUMATICULCER ,CARCINOMA IN SITU,ADVISE SYMPTOMATIC TREATMENT AND TO STOP THE HABIT. FOLLOW UP IS MUST. REFER TO A SPECIALIST FOR ADVISE ON BIOPSY.,,
UlcerroundPNADGNADMNADPiNADSNOYesHnoBmucosa,APHTHOUS ULCER,TRAUMATICULCER ,ADVISE SYMPTOMATIC TREATMENT AND FOLLOW UP IS MUST. ADVISE BIOPSY.,,
UlcerroundPNADGNADMNADPiNADSNOYesHnoBsulcus,APHTHOUS ULCER,TRAUMATICULCER ,ADVISE SYMPTOMATIC TREATMENT AND FOLLOW UP IS MUST. ADVISE BIOPSY.,,
UlcerroundPNADGNADMNADPiNADSNOYesHnoPalate,APHTHOUS ULCER,TRAUMATICULCER ,ADVISE SYMPTOMATIC TREATMENT AND FOLLOW UP IS MUST. ADVISE BIOPSY.,,
UlcerroundPNADGNADMNADPiNADSNOYesHnoFloor,APHTHOUS ULCER,TRAUMATICULCER ,ADVISE SYMPTOMATIC TREATMENT AND FOLLOW UP IS MUST. ADVISE BIOPSY.,,
UlcerroundPNADGNADMNADPiNADSNOYesHnoLateraltongue,APHTHOUS ULCER,TRAUMATICULCER ,ADVISE SYMPTOMATIC TREATMENT AND FOLLOW UP IS MUST. ADVISE BIOPSY.,,
UlcerroundPNADGNADMNADPiNADSNOYesHnoDorsumtongue,APHTHOUS ULCER,TRAUMATICULCER ,ADVISE SYMPTOMATIC TREATMENT AND FOLLOW UP IS MUST. ADVISE BIOPSY.,,
UlcerroundPNADGNADMNADPiNADSNOYesHnoLip,APHTHOUS ULCER,TRAUMATICULCER ,ADVISE SYMPTOMATIC TREATMENT AND FOLLOW UP IS MUST. ADVISE BIOPSY.,,
UlcerroundPNADGNADMNADPiNADSNOYesHnoGingiva,APHTHOUS ULCER,TRAUMATICULCER ,ADVISE SYMPTOMATIC TREATMENT AND FOLLOW UP IS MUST. ADVISE BIOPSY.,,
UlcerroundPNADGNADMNADPiNADSNOYesHnoRetromolararea,APHTHOUS ULCER,TRAUMATICULCER ,ADVISE SYMPTOMATIC TREATMENT AND FOLLOW UP IS MUST. ADVISE BIOPSY.,,
UlcerroundPNADGNADMNADPiNADSharpYesHyesBmucosa,APHTHOUS ULCER,TRAUMATICULCER ,ADVISE SYMPTOMATIC TREATMENT AND TO STOP THE HABIT. FOLLOW UP IS MUST. REFER TO A SPECIALIST FOR ADVISE ON BIOPSY.,,
UlcerroundPNADGNADMNADPiNADSharpYesHyesBsulcus,APHTHOUS ULCER,TRAUMATICULCER ,ADVISE SYMPTOMATIC TREATMENT AND TO STOP THE HABIT. FOLLOW UP IS MUST. REFER TO A SPECIALIST FOR ADVISE ON BIOPSY.,,
UlcerroundPNADGNADMNADPiNADSharpYesHyesPalate,APHTHOUS ULCER,TRAUMATICULCER ,ADVISE SYMPTOMATIC TREATMENT AND TO STOP THE HABIT. FOLLOW UP IS MUST. REFER TO A SPECIALIST FOR ADVISE ON BIOPSY.,,
UlcerroundPNADGNADMNADPiNADSharpYesHyesFloor,APHTHOUS ULCER,TRAUMATICULCER ,ADVISE SYMPTOMATIC TREATMENT AND TO STOP THE HABIT. FOLLOW UP IS MUST. REFER TO A SPECIALIST FOR ADVISE ON BIOPSY.,,
UlcerroundPNADGNADMNADPiNADSharpYesHyesLateraltongue,APHTHOUS ULCER,TRAUMATICULCER ,ADVISE SYMPTOMATIC TREATMENT AND TO STOP THE HABIT. FOLLOW UP IS MUST. REFER TO A SPECIALIST FOR ADVISE ON BIOPSY.,,
UlcerroundPNADGNADMNADPiNADSharpYesHyesDorsumtongue,APHTHOUS ULCER,TRAUMATICULCER ,ADVISE SYMPTOMATIC TREATMENT AND TO STOP THE HABIT. FOLLOW UP IS MUST. REFER TO A SPECIALIST FOR ADVISE ON BIOPSY.,,
UlcerroundPNADGNADMNADPiNADSharpYesHyesLip,APHTHOUS ULCER,TRAUMATICULCER ,ADVISE SYMPTOMATIC TREATMENT AND TO STOP THE HABIT. FOLLOW UP IS MUST. REFER TO A SPECIALIST FOR ADVISE ON BIOPSY.,,
UlcerroundPNADGNADMNADPiNADSharpYesHyesGingiva,APHTHOUS ULCER,TRAUMATICULCER ,ADVISE SYMPTOMATIC TREATMENT AND TO STOP THE HABIT. FOLLOW UP IS MUST. REFER TO A SPECIALIST FOR ADVISE ON BIOPSY.,,
UlcerroundPNADGNADMNADPiNADSharpYesHyesRetromolararea,APHTHOUS ULCER,TRAUMATICULCER ,ADVISE SYMPTOMATIC TREATMENT AND TO STOP THE HABIT. FOLLOW UP IS MUST. REFER TO A SPECIALIST FOR ADVISE ON BIOPSY.,,
UlcerroundPNADGNADMNADDarkSNOYesHnoBmucosa,APHTHOUS ULCER,TRAUMATICULCER ,ADVISE SYMPTOMATIC TREATMENT AND FOLLOW UP IS MUST. ADVISE BIOPSY.,,
UlcerroundPNADGNADMNADDarkSNOYesHnoBsulcus,APHTHOUS ULCER,TRAUMATICULCER ,ADVISE SYMPTOMATIC TREATMENT AND FOLLOW UP IS MUST. ADVISE BIOPSY.,,
UlcerroundPNADGNADMNADDarkSNOYesHnoPalate,APHTHOUS ULCER,TRAUMATICULCER ,ADVISE SYMPTOMATIC TREATMENT AND FOLLOW UP IS MUST. ADVISE BIOPSY.,,
UlcerroundPNADGNADMNADDarkSNOYesHnoFloor,APHTHOUS ULCER,TRAUMATICULCER ,ADVISE SYMPTOMATIC TREATMENT AND FOLLOW UP IS MUST. ADVISE BIOPSY.,,
UlcerroundPNADGNADMNADDarkSNOYesHnoLateraltongue,APHTHOUS ULCER,TRAUMATICULCER ,ADVISE SYMPTOMATIC TREATMENT AND FOLLOW UP IS MUST. ADVISE BIOPSY.,,
UlcerroundPNADGNADMNADDarkSNOYesHnoDorsumtongue,APHTHOUS ULCER,TRAUMATICULCER ,ADVISE SYMPTOMATIC TREATMENT AND FOLLOW UP IS MUST. ADVISE BIOPSY.,,
UlcerroundPNADGNADMNADDarkSNOYesHnoLip,APHTHOUS ULCER,TRAUMATICULCER ,ADVISE SYMPTOMATIC TREATMENT AND FOLLOW UP IS MUST. ADVISE BIOPSY.,,
UlcerroundPNADGNADMNADDarkSNOYesHnoGingiva,APHTHOUS ULCER,TRAUMATICULCER ,ADVISE SYMPTOMATIC TREATMENT AND FOLLOW UP IS MUST. ADVISE BIOPSY.,,
UlcerroundPNADGNADMNADDarkSNOYesHnoRetromolararea,APHTHOUS ULCER,TRAUMATICULCER ,ADVISE SYMPTOMATIC TREATMENT AND FOLLOW UP IS MUST. ADVISE BIOPSY.,,
UlcerroundPNADGNADMNADDarkSharpYesHyesBmucosa,APHTHOUS ULCER,TRAUMATICULCER ,ADVISE SYMPTOMATIC TREATMENT AND TO STOP THE HABIT. FOLLOW UP IS MUST. REFER TO A SPECIALIST FOR ADVISE ON BIOPSY.,,
UlcerroundPNADGNADMNADDarkSharpYesHyesBsulcus,APHTHOUS ULCER,TRAUMATICULCER ,ADVISE SYMPTOMATIC TREATMENT AND TO STOP THE HABIT. FOLLOW UP IS MUST. REFER TO A SPECIALIST FOR ADVISE ON BIOPSY.,,
UlcerroundPNADGNADMNADDarkSharpYesHyesPalate,APHTHOUS ULCER,TRAUMATICULCER ,ADVISE SYMPTOMATIC TREATMENT AND TO STOP THE HABIT. FOLLOW UP IS MUST. REFER TO A SPECIALIST FOR ADVISE ON BIOPSY.,,
UlcerroundPNADGNADMNADDarkSharpYesHyesFloor,APHTHOUS ULCER,TRAUMATICULCER ,ADVISE SYMPTOMATIC TREATMENT AND TO STOP THE HABIT. FOLLOW UP IS MUST. REFER TO A SPECIALIST FOR ADVISE ON BIOPSY.,,
UlcerroundPNADGNADMNADDarkSharpYesHyesLateraltongue,APHTHOUS ULCER,TRAUMATICULCER ,ADVISE SYMPTOMATIC TREATMENT AND TO STOP THE HABIT. FOLLOW UP IS MUST. REFER TO A SPECIALIST FOR ADVISE ON BIOPSY.,,
UlcerroundPNADGNADMNADDarkSharpYesHyesDorsumtongue,APHTHOUS ULCER,TRAUMATICULCER ,ADVISE SYMPTOMATIC TREATMENT AND TO STOP THE HABIT. FOLLOW UP IS MUST. REFER TO A SPECIALIST FOR ADVISE ON BIOPSY.,,
UlcerroundPNADGNADMNADDarkSharpYesHyesLip,APHTHOUS ULCER,TRAUMATICULCER ,ADVISE SYMPTOMATIC TREATMENT AND TO STOP THE HABIT. FOLLOW UP IS MUST. REFER TO A SPECIALIST FOR ADVISE ON BIOPSY.,,
UlcerroundPNADGNADMNADDarkSharpYesHyesGingiva,APHTHOUS ULCER,TRAUMATICULCER ,ADVISE SYMPTOMATIC TREATMENT AND TO STOP THE HABIT. FOLLOW UP IS MUST. REFER TO A SPECIALIST FOR ADVISE ON BIOPSY.,,
UlcerroundPNADGNADMNADDarkSharpYesHyesRetromolararea,APHTHOUS ULCER,TRAUMATICULCER ,ADVISE SYMPTOMATIC TREATMENT AND TO STOP THE HABIT. FOLLOW UP IS MUST. REFER TO A SPECIALIST FOR ADVISE ON BIOPSY.,,
38,,,,,
UlcerroundWhiteIrregularM1MarblewhitePiNADSNOYesHnoBmucosa,ORAL SQUAMOUS CELL CARCINOMA,TRAUMATICULCER & CARCINOMA IN SITU,ADVISE SYMPTOMATIC TREATMENT AND FOLLOW UP IS MUST. ADVISE BIOPSY.,,
UlcerroundWhiteIrregularM1MarblewhitePiNADSNOYesHnoBsulcus,ORAL SQUAMOUS CELL CARCINOMA,TRAUMATICULCER & CARCINOMA IN SITU,ADVISE SYMPTOMATIC TREATMENT AND FOLLOW UP IS MUST. ADVISE BIOPSY.,,
UlcerroundWhiteIrregularM1MarblewhitePiNADSNOYesHnoPalate,ORAL SQUAMOUS CELL CARCINOMA,TRAUMATICULCER & CARCINOMA IN SITU,ADVISE SYMPTOMATIC TREATMENT AND FOLLOW UP IS MUST. ADVISE BIOPSY.,,
UlcerroundWhiteIrregularM1MarblewhitePiNADSNOYesHnoFloor,ORAL SQUAMOUS CELL CARCINOMA,TRAUMATICULCER & CARCINOMA IN SITU,ADVISE SYMPTOMATIC TREATMENT AND FOLLOW UP IS MUST. ADVISE BIOPSY.,,
UlcerroundWhiteIrregularM1MarblewhitePiNADSNOYesHnoLateraltongue,ORAL SQUAMOUS CELL CARCINOMA,TRAUMATICULCER & CARCINOMA IN SITU,ADVISE SYMPTOMATIC TREATMENT AND FOLLOW UP IS MUST. ADVISE BIOPSY.,,
UlcerroundWhiteIrregularM1MarblewhitePiNADSNOYesHnoDorsumtongue,ORAL SQUAMOUS CELL CARCINOMA,TRAUMATICULCER & CARCINOMA IN SITU,ADVISE SYMPTOMATIC TREATMENT AND FOLLOW UP IS MUST. ADVISE BIOPSY.,,
UlcerroundWhiteIrregularM1MarblewhitePiNADSNOYesHnoLip,ORAL SQUAMOUS CELL CARCINOMA,TRAUMATICULCER & CARCINOMA IN SITU,ADVISE SYMPTOMATIC TREATMENT AND FOLLOW UP IS MUST. ADVISE BIOPSY.,,
UlcerroundWhiteIrregularM1MarblewhitePiNADSNOYesHnoGingiva& ,ORAL SQUAMOUS CELL CARCINOMA,TRAUMATICULCER & CARCINOMA IN SITU,ADVISE SYMPTOMATIC TREATMENT AND FOLLOW UP IS MUST. ADVISE BIOPSY.,,
UlcerroundWhiteIrregularM1MarblewhitePiNADSNOYesHnoRetromolararea,ORAL SQUAMOUS CELL CARCINOMA,TRAUMATICULCER & CARCINOMA IN SITU,ADVISE SYMPTOMATIC TREATMENT AND FOLLOW UP IS MUST. ADVISE BIOPSY.,,
UlcerroundWhiteIrregularM1MarblewhitePiNADSharpYesHyesBmucosa,ORAL SQUAMOUS CELL CARCINOMA,TRAUMATICULCER & CARCINOMA IN SITU,ADVISE SYMPTOMATIC TREATMENT AND TO STOP THE HABIT. FOLLOW UP IS MUST. REFER TO A SPECIALIST FOR ADVISE ON BIOPSY.,,
UlcerroundWhiteIrregularM1MarblewhitePiNADSharpYesHyesBsulcus,ORAL SQUAMOUS CELL CARCINOMA,TRAUMATICULCER & CARCINOMA IN SITU,ADVISE SYMPTOMATIC TREATMENT AND TO STOP THE HABIT. FOLLOW UP IS MUST. REFER TO A SPECIALIST FOR ADVISE ON BIOPSY.,,
UlcerroundWhiteIrregularM1MarblewhitePiNADSharpYesHyesPalate,ORAL SQUAMOUS CELL CARCINOMA,TRAUMATICULCER & CARCINOMA IN SITU,ADVISE SYMPTOMATIC TREATMENT AND TO STOP THE HABIT. FOLLOW UP IS MUST. REFER TO A SPECIALIST FOR ADVISE ON BIOPSY.,,
UlcerroundWhiteIrregularM1MarblewhitePiNADSharpYesHyesFloor,ORAL SQUAMOUS CELL CARCINOMA,TRAUMATICULCER & CARCINOMA IN SITU,ADVISE SYMPTOMATIC TREATMENT AND TO STOP THE HABIT. FOLLOW UP IS MUST. REFER TO A SPECIALIST FOR ADVISE ON BIOPSY.,,
UlcerroundWhiteIrregularM1MarblewhitePiNADSharpYesHyesLateraltongue,ORAL SQUAMOUS CELL CARCINOMA,TRAUMATICULCER & CARCINOMA IN SITU,ADVISE SYMPTOMATIC TREATMENT AND TO STOP THE HABIT. FOLLOW UP IS MUST. REFER TO A SPECIALIST FOR ADVISE ON BIOPSY.,,
UlcerroundWhiteIrregularM1MarblewhitePiNADSharpYesHyesDorsumtongue,ORAL SQUAMOUS CELL CARCINOMA,TRAUMATICULCER & CARCINOMA IN SITU,ADVISE SYMPTOMATIC TREATMENT AND TO STOP THE HABIT. FOLLOW UP IS MUST. REFER TO A SPECIALIST FOR ADVISE ON BIOPSY.,,
UlcerroundWhiteIrregularM1MarblewhitePiNADSharpYesHyesLip,ORAL SQUAMOUS CELL CARCINOMA,TRAUMATICULCER & CARCINOMA IN SITU,ADVISE SYMPTOMATIC TREATMENT AND TO STOP THE HABIT. FOLLOW UP IS MUST. REFER TO A SPECIALIST FOR ADVISE ON BIOPSY.,,
UlcerroundWhiteIrregularM1MarblewhitePiNADSharpYesHyesGingiva,ORAL SQUAMOUS CELL CARCINOMA,TRAUMATICULCER & CARCINOMA IN SITU,ADVISE SYMPTOMATIC TREATMENT AND TO STOP THE HABIT. FOLLOW UP IS MUST. REFER TO A SPECIALIST FOR ADVISE ON BIOPSY.,,
UlcerroundWhiteIrregularM1MarblewhitePiNADSharpYesHyesRetromolararea,ORAL SQUAMOUS CELL CARCINOMA,TRAUMATICULCER & CARCINOMA IN SITU,ADVISE SYMPTOMATIC TREATMENT AND TO STOP THE HABIT. FOLLOW UP IS MUST. REFER TO A SPECIALIST FOR ADVISE ON BIOPSY.,,
UlcerroundWhiteIrregularM1MarblewhiteDarkSNOYesHnoBmucosa,ORAL SQUAMOUS CELL CARCINOMA,TRAUMATICULCER & CARCINOMA IN SITU,ADVISE SYMPTOMATIC TREATMENT AND FOLLOW UP IS MUST. ADVISE BIOPSY.,,
UlcerroundWhiteIrregularM1MarblewhiteDarkSNOYesHnoBsulcus,ORAL SQUAMOUS CELL CARCINOMA,TRAUMATICULCER & CARCINOMA IN SITU,ADVISE SYMPTOMATIC TREATMENT AND FOLLOW UP IS MUST. ADVISE BIOPSY.,,
UlcerroundWhiteIrregularM1MarblewhiteDarkSNOYesHnoPalate,ORAL SQUAMOUS CELL CARCINOMA,TRAUMATICULCER & CARCINOMA IN SITU,ADVISE SYMPTOMATIC TREATMENT AND FOLLOW UP IS MUST. ADVISE BIOPSY.,,
UlcerroundWhiteIrregularM1MarblewhiteDarkSNOYesHnoFloor,ORAL SQUAMOUS CELL CARCINOMA,TRAUMATICULCER & CARCINOMA IN SITU,ADVISE SYMPTOMATIC TREATMENT AND FOLLOW UP IS MUST. ADVISE BIOPSY.,,
UlcerroundWhiteIrregularM1MarblewhiteDarkSNOYesHnoLateraltongue,ORAL SQUAMOUS CELL CARCINOMA,TRAUMATICULCER & CARCINOMA IN SITU,ADVISE SYMPTOMATIC TREATMENT AND FOLLOW UP IS MUST. ADVISE BIOPSY.,,
UlcerroundWhiteIrregularM1MarblewhiteDarkSNOYesHnoDorsumtongue,ORAL SQUAMOUS CELL CARCINOMA,TRAUMATICULCER & CARCINOMA IN SITU,ADVISE SYMPTOMATIC TREATMENT AND FOLLOW UP IS MUST. ADVISE BIOPSY.,,
UlcerroundWhiteIrregularM1MarblewhiteDarkSNOYesHnoLip,ORAL SQUAMOUS CELL CARCINOMA,TRAUMATICULCER & CARCINOMA IN SITU,ADVISE SYMPTOMATIC TREATMENT AND FOLLOW UP IS MUST. ADVISE BIOPSY.,,
UlcerroundWhiteIrregularM1MarblewhiteDarkSNOYesHnoGingiva,ORAL SQUAMOUS CELL CARCINOMA,TRAUMATICULCER & CARCINOMA IN SITU,ADVISE SYMPTOMATIC TREATMENT AND FOLLOW UP IS MUST. ADVISE BIOPSY.,,
UlcerroundWhiteIrregularM1MarblewhiteDarkSNOYesHnoRetromolararea,ORAL SQUAMOUS CELL CARCINOMA,TRAUMATICULCER & CARCINOMA IN SITU,ADVISE SYMPTOMATIC TREATMENT AND FOLLOW UP IS MUST. ADVISE BIOPSY.,,
UlcerroundWhiteIrregularM1MarblewhiteDarkSharpYesHyesBmucosa,ORAL SQUAMOUS CELL CARCINOMA,TRAUMATICULCER & CARCINOMA IN SITU,ADVISE SYMPTOMATIC TREATMENT AND TO STOP THE HABIT. FOLLOW UP IS MUST. REFER TO A SPECIALIST FOR ADVISE ON BIOPSY.,,
UlcerroundWhiteIrregularM1MarblewhiteDarkSharpYesHyesBsulcus,ORAL SQUAMOUS CELL CARCINOMA,TRAUMATICULCER & CARCINOMA IN SITU,ADVISE SYMPTOMATIC TREATMENT AND TO STOP THE HABIT. FOLLOW UP IS MUST. REFER TO A SPECIALIST FOR ADVISE ON BIOPSY.,,
UlcerroundWhiteIrregularM1MarblewhiteDarkSharpYesHyesPalate,ORAL SQUAMOUS CELL CARCINOMA,TRAUMATICULCER & CARCINOMA IN SITU,ADVISE SYMPTOMATIC TREATMENT AND TO STOP THE HABIT. FOLLOW UP IS MUST. REFER TO A SPECIALIST FOR ADVISE ON BIOPSY.,,
UlcerroundWhiteIrregularM1MarblewhiteDarkSharpYesHyesFloor,ORAL SQUAMOUS CELL CARCINOMA,TRAUMATICULCER & CARCINOMA IN SITU,ADVISE SYMPTOMATIC TREATMENT AND TO STOP THE HABIT. FOLLOW UP IS MUST. REFER TO A SPECIALIST FOR ADVISE ON BIOPSY.,,
UlcerroundWhiteIrregularM1MarblewhiteDarkSharpYesHyesLateraltongue,ORAL SQUAMOUS CELL CARCINOMA,TRAUMATICULCER & CARCINOMA IN SITU,ADVISE SYMPTOMATIC TREATMENT AND TO STOP THE HABIT. FOLLOW UP IS MUST. REFER TO A SPECIALIST FOR ADVISE ON BIOPSY.,,
UlcerroundWhiteIrregularM1MarblewhiteDarkSharpYesHyesDorsumtongue,ORAL SQUAMOUS CELL CARCINOMA,TRAUMATICULCER & CARCINOMA IN SITU,ADVISE SYMPTOMATIC TREATMENT AND TO STOP THE HABIT. FOLLOW UP IS MUST. REFER TO A SPECIALIST FOR ADVISE ON BIOPSY.,,
UlcerroundWhiteIrregularM1MarblewhiteDarkSharpYesHyesLip,ORAL SQUAMOUS CELL CARCINOMA,TRAUMATICULCER & CARCINOMA IN SITU,ADVISE SYMPTOMATIC TREATMENT AND TO STOP THE HABIT. FOLLOW UP IS MUST. REFER TO A SPECIALIST FOR ADVISE ON BIOPSY.,,
UlcerroundWhiteIrregularM1MarblewhiteDarkSharpYesHyesGingiva,ORAL SQUAMOUS CELL CARCINOMA,TRAUMATICULCER & CARCINOMA IN SITU,ADVISE SYMPTOMATIC TREATMENT AND TO STOP THE HABIT. FOLLOW UP IS MUST. REFER TO A SPECIALIST FOR ADVISE ON BIOPSY.,,
UlcerroundWhiteIrregularM1MarblewhiteDarkSharpYesHyesRetromolararea,ORAL SQUAMOUS CELL CARCINOMA,TRAUMATICULCER & CARCINOMA IN SITU,ADVISE SYMPTOMATIC TREATMENT AND TO STOP THE HABIT. FOLLOW UP IS MUST. REFER TO A SPECIALIST FOR ADVISE ON BIOPSY.,,
UlcerroundWhiteIrregularL1MarblewhitePiNADSNOYesHnoBmucosa,TRAUMATICULCER ,ORAL SQUAMOUS CELL CARCINOMA & CARCINOMA IN SITU,ADVISE SYMPTOMATIC TREATMENT AND FOLLOW UP IS MUST. ADVISE BIOPSY.,,
UlcerroundWhiteIrregularL1MarblewhitePiNADSNOYesHnoBsulcus,TRAUMATICULCER ,ORAL SQUAMOUS CELL CARCINOMA & CARCINOMA IN SITU,ADVISE SYMPTOMATIC TREATMENT AND FOLLOW UP IS MUST. ADVISE BIOPSY.,,
UlcerroundWhiteIrregularL1MarblewhitePiNADSNOYesHnoPalate,TRAUMATICULCER ,ORAL SQUAMOUS CELL CARCINOMA & CARCINOMA IN SITU,ADVISE SYMPTOMATIC TREATMENT AND FOLLOW UP IS MUST. ADVISE BIOPSY.,,
UlcerroundWhiteIrregularL1MarblewhitePiNADSNOYesHnoFloor,TRAUMATICULCER ,ORAL SQUAMOUS CELL CARCINOMA & CARCINOMA IN SITU,ADVISE SYMPTOMATIC TREATMENT AND FOLLOW UP IS MUST. ADVISE BIOPSY.,,
UlcerroundWhiteIrregularL1MarblewhitePiNADSNOYesHnoLateraltongue,TRAUMATICULCER ,ORAL SQUAMOUS CELL CARCINOMA & CARCINOMA IN SITU,ADVISE SYMPTOMATIC TREATMENT AND FOLLOW UP IS MUST. ADVISE BIOPSY.,,
UlcerroundWhiteIrregularL1MarblewhitePiNADSNOYesHnoDorsumtongue,TRAUMATICULCER ,ORAL SQUAMOUS CELL CARCINOMA & CARCINOMA IN SITU,ADVISE SYMPTOMATIC TREATMENT AND FOLLOW UP IS MUST. ADVISE BIOPSY.,,
UlcerroundWhiteIrregularL1MarblewhitePiNADSNOYesHnoLip,TRAUMATICULCER ,ORAL SQUAMOUS CELL CARCINOMA & CARCINOMA IN SITU,ADVISE SYMPTOMATIC TREATMENT AND FOLLOW UP IS MUST. ADVISE BIOPSY.,,
UlcerroundWhiteIrregularL1MarblewhitePiNADSNOYesHnoGingiva,TRAUMATICULCER ,ORAL SQUAMOUS CELL CARCINOMA & CARCINOMA IN SITU,ADVISE SYMPTOMATIC TREATMENT AND FOLLOW UP IS MUST. ADVISE BIOPSY.,,
UlcerroundWhiteIrregularL1MarblewhitePiNADSNOYesHnoRetromolararea,TRAUMATICULCER ,ORAL SQUAMOUS CELL CARCINOMA & CARCINOMA IN SITU,ADVISE SYMPTOMATIC TREATMENT AND FOLLOW UP IS MUST. ADVISE BIOPSY.,,
UlcerroundWhiteIrregularL1MarblewhitePiNADSharpYesHyesBmucosa,TRAUMATICULCER ,ORAL SQUAMOUS CELL CARCINOMA & CARCINOMA IN SITU,ADVISE SYMPTOMATIC TREATMENT AND TO STOP THE HABIT. FOLLOW UP IS MUST. REFER TO A SPECIALIST FOR ADVISE ON BIOPSY.,,
UlcerroundWhiteIrregularL1MarblewhitePiNADSharpYesHyesBsulcus,TRAUMATICULCER ,ORAL SQUAMOUS CELL CARCINOMA & CARCINOMA IN SITU,ADVISE SYMPTOMATIC TREATMENT AND TO STOP THE HABIT. FOLLOW UP IS MUST. REFER TO A SPECIALIST FOR ADVISE ON BIOPSY.,,
UlcerroundWhiteIrregularL1MarblewhitePiNADSharpYesHyesPalate,TRAUMATICULCER ,ORAL SQUAMOUS CELL CARCINOMA & CARCINOMA IN SITU,ADVISE SYMPTOMATIC TREATMENT AND TO STOP THE HABIT. FOLLOW UP IS MUST. REFER TO A SPECIALIST FOR ADVISE ON BIOPSY.,,
UlcerroundWhiteIrregularL1MarblewhitePiNADSharpYesHyesFloor,TRAUMATICULCER ,ORAL SQUAMOUS CELL CARCINOMA & CARCINOMA IN SITU,ADVISE SYMPTOMATIC TREATMENT AND TO STOP THE HABIT. FOLLOW UP IS MUST. REFER TO A SPECIALIST FOR ADVISE ON BIOPSY.,,
UlcerroundWhiteIrregularL1MarblewhitePiNADSharpYesHyesLateraltongue,TRAUMATICULCER ,ORAL SQUAMOUS CELL CARCINOMA & CARCINOMA IN SITU,ADVISE SYMPTOMATIC TREATMENT AND TO STOP THE HABIT. FOLLOW UP IS MUST. REFER TO A SPECIALIST FOR ADVISE ON BIOPSY.,,
UlcerroundWhiteIrregularL1MarblewhitePiNADSharpYesHyesDorsumtongue,TRAUMATICULCER ,ORAL SQUAMOUS CELL CARCINOMA & CARCINOMA IN SITU,ADVISE SYMPTOMATIC TREATMENT AND TO STOP THE HABIT. FOLLOW UP IS MUST. REFER TO A SPECIALIST FOR ADVISE ON BIOPSY.,,
UlcerroundWhiteIrregularL1MarblewhitePiNADSharpYesHyesLip,TRAUMATICULCER ,ORAL SQUAMOUS CELL CARCINOMA & CARCINOMA IN SITU,ADVISE SYMPTOMATIC TREATMENT AND TO STOP THE HABIT. FOLLOW UP IS MUST. REFER TO A SPECIALIST FOR ADVISE ON BIOPSY.,,
UlcerroundWhiteIrregularL1MarblewhitePiNADSharpYesHyesGingiva,TRAUMATICULCER ,ORAL SQUAMOUS CELL CARCINOMA & CARCINOMA IN SITU,ADVISE SYMPTOMATIC TREATMENT AND TO STOP THE HABIT. FOLLOW UP IS MUST. REFER TO A SPECIALIST FOR ADVISE ON BIOPSY.,,
UlcerroundWhiteIrregularL1MarblewhitePiNADSharpYesHyesRetromolararea,TRAUMATICULCER ,ORAL SQUAMOUS CELL CARCINOMA & CARCINOMA IN SITU,ADVISE SYMPTOMATIC TREATMENT AND TO STOP THE HABIT. FOLLOW UP IS MUST. REFER TO A SPECIALIST FOR ADVISE ON BIOPSY.,,
UlcerroundWhiteIrregularL1MarblewhiteDarkSNOYesHnoBmucosa,TRAUMATICULCER ,ORAL SQUAMOUS CELL CARCINOMA & CARCINOMA IN SITU,ADVISE SYMPTOMATIC TREATMENT AND FOLLOW UP IS MUST. ADVISE BIOPSY.,,
UlcerroundWhiteIrregularL1MarblewhiteDarkSNOYesHnoBsulcus,TRAUMATICULCER ,ORAL SQUAMOUS CELL CARCINOMA & CARCINOMA IN SITU,ADVISE SYMPTOMATIC TREATMENT AND FOLLOW UP IS MUST. ADVISE BIOPSY.,,
UlcerroundWhiteIrregularL1MarblewhiteDarkSNOYesHnoPalate,TRAUMATICULCER ,ORAL SQUAMOUS CELL CARCINOMA & CARCINOMA IN SITU,ADVISE SYMPTOMATIC TREATMENT AND FOLLOW UP IS MUST. ADVISE BIOPSY.,,
UlcerroundWhiteIrregularL1MarblewhiteDarkSNOYesHnoFloor,TRAUMATICULCER ,ORAL SQUAMOUS CELL CARCINOMA & CARCINOMA IN SITU,ADVISE SYMPTOMATIC TREATMENT AND FOLLOW UP IS MUST. ADVISE BIOPSY.,,
UlcerroundWhiteIrregularL1MarblewhiteDarkSNOYesHnoLateraltongue,TRAUMATICULCER ,ORAL SQUAMOUS CELL CARCINOMA & CARCINOMA IN SITU,ADVISE SYMPTOMATIC TREATMENT AND FOLLOW UP IS MUST. ADVISE BIOPSY.,,
UlcerroundWhiteIrregularL1MarblewhiteDarkSNOYesHnoDorsumtongue,TRAUMATICULCER ,ORAL SQUAMOUS CELL CARCINOMA & CARCINOMA IN SITU,ADVISE SYMPTOMATIC TREATMENT AND FOLLOW UP IS MUST. ADVISE BIOPSY.,,
UlcerroundWhiteIrregularL1MarblewhiteDarkSNOYesHnoLip,TRAUMATICULCER ,ORAL SQUAMOUS CELL CARCINOMA & CARCINOMA IN SITU,ADVISE SYMPTOMATIC TREATMENT AND FOLLOW UP IS MUST. ADVISE BIOPSY.,,
UlcerroundWhiteIrregularL1MarblewhiteDarkSNOYesHnoGingiva,TRAUMATICULCER ,ORAL SQUAMOUS CELL CARCINOMA & CARCINOMA IN SITU,ADVISE SYMPTOMATIC TREATMENT AND FOLLOW UP IS MUST. ADVISE BIOPSY.,,
UlcerroundWhiteIrregularL1MarblewhiteDarkSNOYesHnoRetromolararea,TRAUMATICULCER ,ORAL SQUAMOUS CELL CARCINOMA & CARCINOMA IN SITU,ADVISE SYMPTOMATIC TREATMENT AND FOLLOW UP IS MUST. ADVISE BIOPSY.,,
UlcerroundWhiteIrregularL1MarblewhiteDarkSharpYesHyesBmucosa,TRAUMATICULCER ,ORAL SQUAMOUS CELL CARCINOMA & CARCINOMA IN SITU,ADVISE SYMPTOMATIC TREATMENT AND TO STOP THE HABIT. FOLLOW UP IS MUST. REFER TO A SPECIALIST FOR ADVISE ON BIOPSY.,,
UlcerroundWhiteIrregularL1MarblewhiteDarkSharpYesHyesBsulcus,TRAUMATICULCER ,ORAL SQUAMOUS CELL CARCINOMA & CARCINOMA IN SITU,ADVISE SYMPTOMATIC TREATMENT AND TO STOP THE HABIT. FOLLOW UP IS MUST. REFER TO A SPECIALIST FOR ADVISE ON BIOPSY.,,
UlcerroundWhiteIrregularL1MarblewhiteDarkSharpYesHyesPalate,TRAUMATICULCER ,ORAL SQUAMOUS CELL CARCINOMA & CARCINOMA IN SITU,ADVISE SYMPTOMATIC TREATMENT AND TO STOP THE HABIT. FOLLOW UP IS MUST. REFER TO A SPECIALIST FOR ADVISE ON BIOPSY.,,
UlcerroundWhiteIrregularL1MarblewhiteDarkSharpYesHyesFloor,TRAUMATICULCER ,ORAL SQUAMOUS CELL CARCINOMA & CARCINOMA IN SITU,ADVISE SYMPTOMATIC TREATMENT AND TO STOP THE HABIT. FOLLOW UP IS MUST. REFER TO A SPECIALIST FOR ADVISE ON BIOPSY.,,
UlcerroundWhiteIrregularL1MarblewhiteDarkSharpYesHyesLateraltongue,TRAUMATICULCER ,ORAL SQUAMOUS CELL CARCINOMA & CARCINOMA IN SITU,ADVISE SYMPTOMATIC TREATMENT AND TO STOP THE HABIT. FOLLOW UP IS MUST. REFER TO A SPECIALIST FOR ADVISE ON BIOPSY.,,
UlcerroundWhiteIrregularL1MarblewhiteDarkSharpYesHyesDorsumtongue,TRAUMATICULCER ,ORAL SQUAMOUS CELL CARCINOMA & CARCINOMA IN SITU,ADVISE SYMPTOMATIC TREATMENT AND TO STOP THE HABIT. FOLLOW UP IS MUST. REFER TO A SPECIALIST FOR ADVISE ON BIOPSY.,,
UlcerroundWhiteIrregularL1MarblewhiteDarkSharpYesHyesLip,TRAUMATICULCER ,ORAL SQUAMOUS CELL CARCINOMA & CARCINOMA IN SITU,ADVISE SYMPTOMATIC TREATMENT AND TO STOP THE HABIT. FOLLOW UP IS MUST. REFER TO A SPECIALIST FOR ADVISE ON BIOPSY.,,
UlcerroundWhiteIrregularL1MarblewhiteDarkSharpYesHyesGingiva,TRAUMATICULCER ,ORAL SQUAMOUS CELL CARCINOMA & CARCINOMA IN SITU,ADVISE SYMPTOMATIC TREATMENT AND TO STOP THE HABIT. FOLLOW UP IS MUST. REFER TO A SPECIALIST FOR ADVISE ON BIOPSY.,,
UlcerroundWhiteIrregularL1MarblewhiteDarkSharpYesHyesRetromolararea,TRAUMATICULCER ,ORAL SQUAMOUS CELL CARCINOMA & CARCINOMA IN SITU,ADVISE SYMPTOMATIC TREATMENT AND TO STOP THE HABIT. FOLLOW UP IS MUST. REFER TO A SPECIALIST FOR ADVISE ON BIOPSY.,,
UlcerroundWhiteIrregularM1MNADPiNADSNOYesHnoBmucosa,ORAL SQUAMOUS CELL CARCINOMA,TRAUMATICULCER & CARCINOMA IN SITU,ADVISE SYMPTOMATIC TREATMENT AND FOLLOW UP IS MUST. ADVISE BIOPSY.,,
UlcerroundWhiteIrregularM1MNADPiNADSNOYesHnoBsulcus,ORAL SQUAMOUS CELL CARCINOMA,TRAUMATICULCER & CARCINOMA IN SITU,ADVISE SYMPTOMATIC TREATMENT AND FOLLOW UP IS MUST. ADVISE BIOPSY.,,
UlcerroundWhiteIrregularM1MNADPiNADSNOYesHnoPalate,ORAL SQUAMOUS CELL CARCINOMA,TRAUMATICULCER & CARCINOMA IN SITU,ADVISE SYMPTOMATIC TREATMENT AND FOLLOW UP IS MUST. ADVISE BIOPSY.,,
UlcerroundWhiteIrregularM1MNADPiNADSNOYesHnoFloor,ORAL SQUAMOUS CELL CARCINOMA,TRAUMATICULCER & CARCINOMA IN SITU,ADVISE SYMPTOMATIC TREATMENT AND FOLLOW UP IS MUST. ADVISE BIOPSY.,,
UlcerroundWhiteIrregularM1MNADPiNADSNOYesHnoLateraltongue,ORAL SQUAMOUS CELL CARCINOMA,TRAUMATICULCER & CARCINOMA IN SITU,ADVISE SYMPTOMATIC TREATMENT AND FOLLOW UP IS MUST. ADVISE BIOPSY.,,
UlcerroundWhiteIrregularM1MNADPiNADSNOYesHnoDorsumtongue,ORAL SQUAMOUS CELL CARCINOMA,TRAUMATICULCER & CARCINOMA IN SITU,ADVISE SYMPTOMATIC TREATMENT AND FOLLOW UP IS MUST. ADVISE BIOPSY.,,
UlcerroundWhiteIrregularM1MNADPiNADSNOYesHnoLip,ORAL SQUAMOUS CELL CARCINOMA,TRAUMATICULCER & CARCINOMA IN SITU,ADVISE SYMPTOMATIC TREATMENT AND FOLLOW UP IS MUST. ADVISE BIOPSY.,,
UlcerroundWhiteIrregularM1MNADPiNADSNOYesHnoGingiva,ORAL SQUAMOUS CELL CARCINOMA,TRAUMATICULCER & CARCINOMA IN SITU,ADVISE SYMPTOMATIC TREATMENT AND FOLLOW UP IS MUST. ADVISE BIOPSY.,,
UlcerroundWhiteIrregularM1MNADPiNADSNOYesHnoRetromolararea,ORAL SQUAMOUS CELL CARCINOMA,TRAUMATICULCER & CARCINOMA IN SITU,ADVISE SYMPTOMATIC TREATMENT AND FOLLOW UP IS MUST. ADVISE BIOPSY.,,
UlcerroundWhiteIrregularM1MNADPiNADSharpYesHyesBmucosa,ORAL SQUAMOUS CELL CARCINOMA,TRAUMATICULCER & CARCINOMA IN SITU,ADVISE SYMPTOMATIC TREATMENT AND TO STOP THE HABIT. FOLLOW UP IS MUST. REFER TO A SPECIALIST FOR ADVISE ON BIOPSY.,,
UlcerroundWhiteIrregularM1MNADPiNADSharpYesHyesBsulcus,ORAL SQUAMOUS CELL CARCINOMA,TRAUMATICULCER & CARCINOMA IN SITU,ADVISE SYMPTOMATIC TREATMENT AND TO STOP THE HABIT. FOLLOW UP IS MUST. REFER TO A SPECIALIST FOR ADVISE ON BIOPSY.,,
UlcerroundWhiteIrregularM1MNADPiNADSharpYesHyesPalate,ORAL SQUAMOUS CELL CARCINOMA,TRAUMATICULCER & CARCINOMA IN SITU,ADVISE SYMPTOMATIC TREATMENT AND TO STOP THE HABIT. FOLLOW UP IS MUST. REFER TO A SPECIALIST FOR ADVISE ON BIOPSY.,,
UlcerroundWhiteIrregularM1MNADPiNADSharpYesHyesFloor,ORAL SQUAMOUS CELL CARCINOMA,TRAUMATICULCER & CARCINOMA IN SITU,ADVISE SYMPTOMATIC TREATMENT AND TO STOP THE HABIT. FOLLOW UP IS MUST. REFER TO A SPECIALIST FOR ADVISE ON BIOPSY.,,
UlcerroundWhiteIrregularM1MNADPiNADSharpYesHyesLateraltongue,ORAL SQUAMOUS CELL CARCINOMA,TRAUMATICULCER & CARCINOMA IN SITU,ADVISE SYMPTOMATIC TREATMENT AND TO STOP THE HABIT. FOLLOW UP IS MUST. REFER TO A SPECIALIST FOR ADVISE ON BIOPSY.,,
UlcerroundWhiteIrregularM1MNADPiNADSharpYesHyesDorsumtongue,ORAL SQUAMOUS CELL CARCINOMA,TRAUMATICULCER & CARCINOMA IN SITU,ADVISE SYMPTOMATIC TREATMENT AND TO STOP THE HABIT. FOLLOW UP IS MUST. REFER TO A SPECIALIST FOR ADVISE ON BIOPSY.,,
UlcerroundWhiteIrregularM1MNADPiNADSharpYesHyesLip,ORAL SQUAMOUS CELL CARCINOMA,TRAUMATICULCER & CARCINOMA IN SITU,ADVISE SYMPTOMATIC TREATMENT AND TO STOP THE HABIT. FOLLOW UP IS MUST. REFER TO A SPECIALIST FOR ADVISE ON BIOPSY.,,
UlcerroundWhiteIrregularM1MNADPiNADSharpYesHyesGingiva,ORAL SQUAMOUS CELL CARCINOMA,TRAUMATICULCER & CARCINOMA IN SITU,ADVISE SYMPTOMATIC TREATMENT AND TO STOP THE HABIT. FOLLOW UP IS MUST. REFER TO A SPECIALIST FOR ADVISE ON BIOPSY.,,
UlcerroundWhiteIrregularM1MNADPiNADSharpYesHyesRetromolararea,ORAL SQUAMOUS CELL CARCINOMA,TRAUMATICULCER & CARCINOMA IN SITU,ADVISE SYMPTOMATIC TREATMENT AND TO STOP THE HABIT. FOLLOW UP IS MUST. REFER TO A SPECIALIST FOR ADVISE ON BIOPSY.,,
UlcerroundWhiteIrregularM1MNADDarkSNOYesHnoBmucosa,ORAL SQUAMOUS CELL CARCINOMA,TRAUMATICULCER & CARCINOMA IN SITU,ADVISE SYMPTOMATIC TREATMENT AND FOLLOW UP IS MUST. ADVISE BIOPSY.,,
UlcerroundWhiteIrregularM1MNADDarkSNOYesHnoBsulcus,ORAL SQUAMOUS CELL CARCINOMA,TRAUMATICULCER & CARCINOMA IN SITU,ADVISE SYMPTOMATIC TREATMENT AND FOLLOW UP IS MUST. ADVISE BIOPSY.,,
UlcerroundWhiteIrregularM1MNADDarkSNOYesHnoPalate,ORAL SQUAMOUS CELL CARCINOMA,TRAUMATICULCER & CARCINOMA IN SITU,ADVISE SYMPTOMATIC TREATMENT AND FOLLOW UP IS MUST. ADVISE BIOPSY.,,
UlcerroundWhiteIrregularM1MNADDarkSNOYesHnoFloor,ORAL SQUAMOUS CELL CARCINOMA,TRAUMATICULCER & CARCINOMA IN SITU,ADVISE SYMPTOMATIC TREATMENT AND FOLLOW UP IS MUST. ADVISE BIOPSY.,,
UlcerroundWhiteIrregularM1MNADDarkSNOYesHnoLateraltongue,ORAL SQUAMOUS CELL CARCINOMA,TRAUMATICULCER & CARCINOMA IN SITU,ADVISE SYMPTOMATIC TREATMENT AND FOLLOW UP IS MUST. ADVISE BIOPSY.,,
UlcerroundWhiteIrregularM1MNADDarkSNOYesHnoDorsumtongue,ORAL SQUAMOUS CELL CARCINOMA,TRAUMATICULCER & CARCINOMA IN SITU,ADVISE SYMPTOMATIC TREATMENT AND FOLLOW UP IS MUST. ADVISE BIOPSY.,,
UlcerroundWhiteIrregularM1MNADDarkSNOYesHnoLip,ORAL SQUAMOUS CELL CARCINOMA,TRAUMATICULCER & CARCINOMA IN SITU,ADVISE SYMPTOMATIC TREATMENT AND FOLLOW UP IS MUST. ADVISE BIOPSY.,,
UlcerroundWhiteIrregularM1MNADDarkSNOYesHnoGingiva,ORAL SQUAMOUS CELL CARCINOMA,TRAUMATICULCER & CARCINOMA IN SITU,ADVISE SYMPTOMATIC TREATMENT AND FOLLOW UP IS MUST. ADVISE BIOPSY.,,
UlcerroundWhiteIrregularM1MNADDarkSNOYesHnoRetromolararea,ORAL SQUAMOUS CELL CARCINOMA,TRAUMATICULCER & CARCINOMA IN SITU,ADVISE SYMPTOMATIC TREATMENT AND FOLLOW UP IS MUST. ADVISE BIOPSY.,,
UlcerroundWhiteIrregularM1MNADDarkSharpYesHyesBmucosa,ORAL SQUAMOUS CELL CARCINOMA,TRAUMATICULCER & CARCINOMA IN SITU,ADVISE SYMPTOMATIC TREATMENT AND TO STOP THE HABIT. FOLLOW UP IS MUST. REFER TO A SPECIALIST FOR ADVISE ON BIOPSY.,,
UlcerroundWhiteIrregularM1MNADDarkSharpYesHyesBsulcus,ORAL SQUAMOUS CELL CARCINOMA,TRAUMATICULCER & CARCINOMA IN SITU,ADVISE SYMPTOMATIC TREATMENT AND TO STOP THE HABIT. FOLLOW UP IS MUST. REFER TO A SPECIALIST FOR ADVISE ON BIOPSY.,,
UlcerroundWhiteIrregularM1MNADDarkSharpYesHyesPalate,ORAL SQUAMOUS CELL CARCINOMA,TRAUMATICULCER & CARCINOMA IN SITU,ADVISE SYMPTOMATIC TREATMENT AND TO STOP THE HABIT. FOLLOW UP IS MUST. REFER TO A SPECIALIST FOR ADVISE ON BIOPSY.,,
UlcerroundWhiteIrregularM1MNADDarkSharpYesHyesFloor,ORAL SQUAMOUS CELL CARCINOMA,TRAUMATICULCER & CARCINOMA IN SITU,ADVISE SYMPTOMATIC TREATMENT AND TO STOP THE HABIT. FOLLOW UP IS MUST. REFER TO A SPECIALIST FOR ADVISE ON BIOPSY.,,
UlcerroundWhiteIrregularM1MNADDarkSharpYesHyesLateraltongue,ORAL SQUAMOUS CELL CARCINOMA,TRAUMATICULCER & CARCINOMA IN SITU,ADVISE SYMPTOMATIC TREATMENT AND TO STOP THE HABIT. FOLLOW UP IS MUST. REFER TO A SPECIALIST FOR ADVISE ON BIOPSY.,,
UlcerroundWhiteIrregularM1MNADDarkSharpYesHyesDorsumtongue,ORAL SQUAMOUS CELL CARCINOMA,TRAUMATICULCER & CARCINOMA IN SITU,ADVISE SYMPTOMATIC TREATMENT AND TO STOP THE HABIT. FOLLOW UP IS MUST. REFER TO A SPECIALIST FOR ADVISE ON BIOPSY.,,
UlcerroundWhiteIrregularM1MNADDarkSharpYesHyesLip,ORAL SQUAMOUS CELL CARCINOMA,TRAUMATICULCER & CARCINOMA IN SITU,ADVISE SYMPTOMATIC TREATMENT AND TO STOP THE HABIT. FOLLOW UP IS MUST. REFER TO A SPECIALIST FOR ADVISE ON BIOPSY.,,
UlcerroundWhiteIrregularM1MNADDarkSharpYesHyesGingiva,ORAL SQUAMOUS CELL CARCINOMA,TRAUMATICULCER & CARCINOMA IN SITU,ADVISE SYMPTOMATIC TREATMENT AND TO STOP THE HABIT. FOLLOW UP IS MUST. REFER TO A SPECIALIST FOR ADVISE ON BIOPSY.,,
UlcerroundWhiteIrregularM1MNADDarkSharpYesHyesRetromolararea,ORAL SQUAMOUS CELL CARCINOMA,TRAUMATICULCER & CARCINOMA IN SITU,ADVISE SYMPTOMATIC TREATMENT AND TO STOP THE HABIT. FOLLOW UP IS MUST. REFER TO A SPECIALIST FOR ADVISE ON BIOPSY.,,
UlcerroundWhiteIrregularL1MNADPiNADSNOYesHnoBmucosa,TRAUMATICULCER ,ORAL SQUAMOUS CELL CARCINOMA & CARCINOMA IN SITU,ADVISE SYMPTOMATIC TREATMENT AND FOLLOW UP IS MUST. ADVISE BIOPSY.,,
UlcerroundWhiteIrregularL1MNADPiNADSNOYesHnoBsulcus,TRAUMATICULCER ,ORAL SQUAMOUS CELL CARCINOMA & CARCINOMA IN SITU,ADVISE SYMPTOMATIC TREATMENT AND FOLLOW UP IS MUST. ADVISE BIOPSY.,,
UlcerroundWhiteIrregularL1MNADPiNADSNOYesHnoPalate,TRAUMATICULCER ,ORAL SQUAMOUS CELL CARCINOMA & CARCINOMA IN SITU,ADVISE SYMPTOMATIC TREATMENT AND FOLLOW UP IS MUST. ADVISE BIOPSY.,,
UlcerroundWhiteIrregularL1MNADPiNADSNOYesHnoFloor,TRAUMATICULCER ,ORAL SQUAMOUS CELL CARCINOMA & CARCINOMA IN SITU,ADVISE SYMPTOMATIC TREATMENT AND FOLLOW UP IS MUST. ADVISE BIOPSY.,,
UlcerroundWhiteIrregularL1MNADPiNADSNOYesHnoLateraltongue,TRAUMATICULCER ,ORAL SQUAMOUS CELL CARCINOMA & CARCINOMA IN SITU,ADVISE SYMPTOMATIC TREATMENT AND FOLLOW UP IS MUST. ADVISE BIOPSY.,,
UlcerroundWhiteIrregularL1MNADPiNADSNOYesHnoDorsumtongue,TRAUMATICULCER ,ORAL SQUAMOUS CELL CARCINOMA & CARCINOMA IN SITU,ADVISE SYMPTOMATIC TREATMENT AND FOLLOW UP IS MUST. ADVISE BIOPSY.,,
UlcerroundWhiteIrregularL1MNADPiNADSNOYesHnoLip,TRAUMATICULCER ,ORAL SQUAMOUS CELL CARCINOMA & CARCINOMA IN SITU,ADVISE SYMPTOMATIC TREATMENT AND FOLLOW UP IS MUST. ADVISE BIOPSY.,,
UlcerroundWhiteIrregularL1MNADPiNADSNOYesHnoGingiva,TRAUMATICULCER ,ORAL SQUAMOUS CELL CARCINOMA & CARCINOMA IN SITU,ADVISE SYMPTOMATIC TREATMENT AND FOLLOW UP IS MUST. ADVISE BIOPSY.,,
UlcerroundWhiteIrregularL1MNADPiNADSNOYesHnoRetromolararea,TRAUMATICULCER ,ORAL SQUAMOUS CELL CARCINOMA & CARCINOMA IN SITU,ADVISE SYMPTOMATIC TREATMENT AND FOLLOW UP IS MUST. ADVISE BIOPSY.,,
UlcerroundWhiteIrregularL1MNADPiNADSharpYesHyesBmucosa,TRAUMATICULCER ,ORAL SQUAMOUS CELL CARCINOMA & CARCINOMA IN SITU,ADVISE SYMPTOMATIC TREATMENT AND TO STOP THE HABIT. FOLLOW UP IS MUST. REFER TO A SPECIALIST FOR ADVISE ON BIOPSY.,,
UlcerroundWhiteIrregularL1MNADPiNADSharpYesHyesBsulcus,TRAUMATICULCER ,ORAL SQUAMOUS CELL CARCINOMA & CARCINOMA IN SITU,ADVISE SYMPTOMATIC TREATMENT AND TO STOP THE HABIT. FOLLOW UP IS MUST. REFER TO A SPECIALIST FOR ADVISE ON BIOPSY.,,
UlcerroundWhiteIrregularL1MNADPiNADSharpYesHyesPalate,TRAUMATICULCER ,ORAL SQUAMOUS CELL CARCINOMA & CARCINOMA IN SITU,ADVISE SYMPTOMATIC TREATMENT AND TO STOP THE HABIT. FOLLOW UP IS MUST. REFER TO A SPECIALIST FOR ADVISE ON BIOPSY.,,
UlcerroundWhiteIrregularL1MNADPiNADSharpYesHyesFloor,TRAUMATICULCER ,ORAL SQUAMOUS CELL CARCINOMA & CARCINOMA IN SITU,ADVISE SYMPTOMATIC TREATMENT AND TO STOP THE HABIT. FOLLOW UP IS MUST. REFER TO A SPECIALIST FOR ADVISE ON BIOPSY.,,
UlcerroundWhiteIrregularL1MNADPiNADSharpYesHyesLateraltongue,TRAUMATICULCER ,ORAL SQUAMOUS CELL CARCINOMA & CARCINOMA IN SITU,ADVISE SYMPTOMATIC TREATMENT AND TO STOP THE HABIT. FOLLOW UP IS MUST. REFER TO A SPECIALIST FOR ADVISE ON BIOPSY.,,
UlcerroundWhiteIrregularL1MNADPiNADSharpYesHyesDorsumtongue,TRAUMATICULCER ,ORAL SQUAMOUS CELL CARCINOMA & CARCINOMA IN SITU,ADVISE SYMPTOMATIC TREATMENT AND TO STOP THE HABIT. FOLLOW UP IS MUST. REFER TO A SPECIALIST FOR ADVISE ON BIOPSY.,,
UlcerroundWhiteIrregularL1MNADPiNADSharpYesHyesLip,TRAUMATICULCER ,ORAL SQUAMOUS CELL CARCINOMA & CARCINOMA IN SITU,ADVISE SYMPTOMATIC TREATMENT AND TO STOP THE HABIT. FOLLOW UP IS MUST. REFER TO A SPECIALIST FOR ADVISE ON BIOPSY.,,
UlcerroundWhiteIrregularL1MNADPiNADSharpYesHyesGingiva,TRAUMATICULCER ,ORAL SQUAMOUS CELL CARCINOMA & CARCINOMA IN SITU,ADVISE SYMPTOMATIC TREATMENT AND TO STOP THE HABIT. FOLLOW UP IS MUST. REFER TO A SPECIALIST FOR ADVISE ON BIOPSY.,,
UlcerroundWhiteIrregularL1MNADPiNADSharpYesHyesRetromolararea,TRAUMATICULCER ,ORAL SQUAMOUS CELL CARCINOMA & CARCINOMA IN SITU,ADVISE SYMPTOMATIC TREATMENT AND TO STOP THE HABIT. FOLLOW UP IS MUST. REFER TO A SPECIALIST FOR ADVISE ON BIOPSY.,,
UlcerroundWhiteIrregularL1MNADDarkSNOYesHnoBmucosa,TRAUMATICULCER ,ORAL SQUAMOUS CELL CARCINOMA & CARCINOMA IN SITU,ADVISE SYMPTOMATIC TREATMENT AND FOLLOW UP IS MUST. ADVISE BIOPSY.,,
UlcerroundWhiteIrregularL1MNADDarkSNOYesHnoBsulcus,TRAUMATICULCER ,ORAL SQUAMOUS CELL CARCINOMA & CARCINOMA IN SITU,ADVISE SYMPTOMATIC TREATMENT AND FOLLOW UP IS MUST. ADVISE BIOPSY.,,
UlcerroundWhiteIrregularL1MNADDarkSNOYesHnoPalate,TRAUMATICULCER ,ORAL SQUAMOUS CELL CARCINOMA & CARCINOMA IN SITU,ADVISE SYMPTOMATIC TREATMENT AND FOLLOW UP IS MUST. ADVISE BIOPSY.,,
UlcerroundWhiteIrregularL1MNADDarkSNOYesHnoFloor,TRAUMATICULCER ,ORAL SQUAMOUS CELL CARCINOMA & CARCINOMA IN SITU,ADVISE SYMPTOMATIC TREATMENT AND FOLLOW UP IS MUST. ADVISE BIOPSY.,,
UlcerroundWhiteIrregularL1MNADDarkSNOYesHnoLateraltongue,TRAUMATICULCER ,ORAL SQUAMOUS CELL CARCINOMA & CARCINOMA IN SITU,ADVISE SYMPTOMATIC TREATMENT AND FOLLOW UP IS MUST. ADVISE BIOPSY.,,
UlcerroundWhiteIrregularL1MNADDarkSNOYesHnoDorsumtongue,TRAUMATICULCER ,ORAL SQUAMOUS CELL CARCINOMA & CARCINOMA IN SITU,ADVISE SYMPTOMATIC TREATMENT AND FOLLOW UP IS MUST. ADVISE BIOPSY.,,
UlcerroundWhiteIrregularL1MNADDarkSNOYesHnoLip,TRAUMATICULCER ,ORAL SQUAMOUS CELL CARCINOMA & CARCINOMA IN SITU,ADVISE SYMPTOMATIC TREATMENT AND FOLLOW UP IS MUST. ADVISE BIOPSY.,,
UlcerroundWhiteIrregularL1MNADDarkSNOYesHnoGingiva,TRAUMATICULCER ,ORAL SQUAMOUS CELL CARCINOMA & CARCINOMA IN SITU,ADVISE SYMPTOMATIC TREATMENT AND FOLLOW UP IS MUST. ADVISE BIOPSY.,,
UlcerroundWhiteIrregularL1MNADDarkSNOYesHnoRetromolararea,TRAUMATICULCER ,ORAL SQUAMOUS CELL CARCINOMA & CARCINOMA IN SITU,ADVISE SYMPTOMATIC TREATMENT AND FOLLOW UP IS MUST. ADVISE BIOPSY.,,
UlcerroundWhiteIrregularL1MNADDarkSharpYesHyesBmucosa,TRAUMATICULCER ,ORAL SQUAMOUS CELL CARCINOMA & CARCINOMA IN SITU,ADVISE SYMPTOMATIC TREATMENT AND TO STOP THE HABIT. FOLLOW UP IS MUST. REFER TO A SPECIALIST FOR ADVISE ON BIOPSY.,,
UlcerroundWhiteIrregularL1MNADDarkSharpYesHyesBsulcus,TRAUMATICULCER ,ORAL SQUAMOUS CELL CARCINOMA & CARCINOMA IN SITU,ADVISE SYMPTOMATIC TREATMENT AND TO STOP THE HABIT. FOLLOW UP IS MUST. REFER TO A SPECIALIST FOR ADVISE ON BIOPSY.,,
UlcerroundWhiteIrregularL1MNADDarkSharpYesHyesPalate,TRAUMATICULCER ,ORAL SQUAMOUS CELL CARCINOMA & CARCINOMA IN SITU,ADVISE SYMPTOMATIC TREATMENT AND TO STOP THE HABIT. FOLLOW UP IS MUST. REFER TO A SPECIALIST FOR ADVISE ON BIOPSY.,,
UlcerroundWhiteIrregularL1MNADDarkSharpYesHyesFloor,TRAUMATICULCER ,ORAL SQUAMOUS CELL CARCINOMA & CARCINOMA IN SITU,ADVISE SYMPTOMATIC TREATMENT AND TO STOP THE HABIT. FOLLOW UP IS MUST. REFER TO A SPECIALIST FOR ADVISE ON BIOPSY.,,
UlcerroundWhiteIrregularL1MNADDarkSharpYesHyesLateraltongue,TRAUMATICULCER ,ORAL SQUAMOUS CELL CARCINOMA & CARCINOMA IN SITU,ADVISE SYMPTOMATIC TREATMENT AND TO STOP THE HABIT. FOLLOW UP IS MUST. REFER TO A SPECIALIST FOR ADVISE ON BIOPSY.,,
UlcerroundWhiteIrregularL1MNADDarkSharpYesHyesDorsumtongue,TRAUMATICULCER ,ORAL SQUAMOUS CELL CARCINOMA & CARCINOMA IN SITU,ADVISE SYMPTOMATIC TREATMENT AND TO STOP THE HABIT. FOLLOW UP IS MUST. REFER TO A SPECIALIST FOR ADVISE ON BIOPSY.,,
UlcerroundWhiteIrregularL1MNADDarkSharpYesHyesLip,TRAUMATICULCER ,ORAL SQUAMOUS CELL CARCINOMA & CARCINOMA IN SITU,ADVISE SYMPTOMATIC TREATMENT AND TO STOP THE HABIT. FOLLOW UP IS MUST. REFER TO A SPECIALIST FOR ADVISE ON BIOPSY.,,
UlcerroundWhiteIrregularL1MNADDarkSharpYesHyesGingiva,TRAUMATICULCER ,ORAL SQUAMOUS CELL CARCINOMA & CARCINOMA IN SITU,ADVISE SYMPTOMATIC TREATMENT AND TO STOP THE HABIT. FOLLOW UP IS MUST. REFER TO A SPECIALIST FOR ADVISE ON BIOPSY.,,
UlcerroundWhiteIrregularL1MNADDarkSharpYesHyesRetromolararea,TRAUMATICULCER ,ORAL SQUAMOUS CELL CARCINOMA & CARCINOMA IN SITU,ADVISE SYMPTOMATIC TREATMENT AND TO STOP THE HABIT. FOLLOW UP IS MUST. REFER TO A SPECIALIST FOR ADVISE ON BIOPSY.,,
39,,,,,
UNADWhiteIrregularM1MarblewhitePiNADSharpYesHnoBmucosa,SPECKLED LEUKOPLAKIA,FIBROEPITHELIAL POLYP & CARCINOMA IN  SITU,ADVISE SYMPTOMATIC TREATMENT AND FOLLOW UP IS MUST. REFER TO A SPECIALIST FOR ADVISE ON BIOPSY.,,
UNADWhiteIrregularM1MarblewhitePiNADSharpYesHnoBsulcus,SPECKLED LEUKOPLAKIA,FIBROEPITHELIAL POLYP & CARCINOMA IN  SITU,ADVISE SYMPTOMATIC TREATMENT AND FOLLOW UP IS MUST. REFER TO A SPECIALIST FOR ADVISE ON BIOPSY.,,
UNADWhiteIrregularM1MarblewhitePiNADSharpYesHnoPalate,SPECKLED LEUKOPLAKIA,FIBROEPITHELIAL POLYP & CARCINOMA IN  SITU,ADVISE SYMPTOMATIC TREATMENT AND FOLLOW UP IS MUST. REFER TO A SPECIALIST FOR ADVISE ON BIOPSY.,,
UNADWhiteIrregularM1MarblewhitePiNADSharpYesHnoFloor,SPECKLED LEUKOPLAKIA,FIBROEPITHELIAL POLYP & CARCINOMA IN  SITU,ADVISE SYMPTOMATIC TREATMENT AND FOLLOW UP IS MUST. REFER TO A SPECIALIST FOR ADVISE ON BIOPSY.,,
UNADWhiteIrregularM1MarblewhitePiNADSharpYesHnoLateraltongue,SPECKLED LEUKOPLAKIA,FIBROEPITHELIAL POLYP & CARCINOMA IN  SITU,ADVISE SYMPTOMATIC TREATMENT AND FOLLOW UP IS MUST. REFER TO A SPECIALIST FOR ADVISE ON BIOPSY.,,
UNADWhiteIrregularM1MarblewhitePiNADSharpYesHnoDorsumtongue,SPECKLED LEUKOPLAKIA,FIBROEPITHELIAL POLYP & CARCINOMA IN  SITU,ADVISE SYMPTOMATIC TREATMENT AND FOLLOW UP IS MUST. REFER TO A SPECIALIST FOR ADVISE ON BIOPSY.,,
UNADWhiteIrregularM1MarblewhitePiNADSharpYesHnoLip,SPECKLED LEUKOPLAKIA,FIBROEPITHELIAL POLYP & CARCINOMA IN  SITU,ADVISE SYMPTOMATIC TREATMENT AND FOLLOW UP IS MUST. REFER TO A SPECIALIST FOR ADVISE ON BIOPSY.,,
UNADWhiteIrregularM1MarblewhitePiNADSharpYesHnoGingiva,SPECKLED LEUKOPLAKIA,FIBROEPITHELIAL POLYP & CARCINOMA IN  SITU,ADVISE SYMPTOMATIC TREATMENT AND FOLLOW UP IS MUST. REFER TO A SPECIALIST FOR ADVISE ON BIOPSY.,,
UNADWhiteIrregularM1MarblewhitePiNADSharpYesHnoRetromolararea,SPECKLED LEUKOPLAKIA,FIBROEPITHELIAL POLYP & CARCINOMA IN  SITU,ADVISE SYMPTOMATIC TREATMENT AND FOLLOW UP IS MUST. REFER TO A SPECIALIST FOR ADVISE ON BIOPSY.,,
UNADRedIrregularM1MarblewhitePiNADSharpYesHnoBmucosa,SPECKLED LEUKOPLAKIA,FIBROEPITHELIAL POLYP & CARCINOMA IN  SITU,ADVISE SYMPTOMATIC TREATMENT AND FOLLOW UP IS MUST. REFER TO A SPECIALIST FOR ADVISE ON BIOPSY.,,
UNADRedIrregularM1MarblewhitePiNADSharpYesHnoBsulcus,SPECKLED LEUKOPLAKIA,FIBROEPITHELIAL POLYP & CARCINOMA IN  SITU,ADVISE SYMPTOMATIC TREATMENT AND FOLLOW UP IS MUST. REFER TO A SPECIALIST FOR ADVISE ON BIOPSY.,,
UNADRedIrregularM1MarblewhitePiNADSharpYesHnoPalate,SPECKLED LEUKOPLAKIA,FIBROEPITHELIAL POLYP & CARCINOMA IN  SITU,ADVISE SYMPTOMATIC TREATMENT AND FOLLOW UP IS MUST. REFER TO A SPECIALIST FOR ADVISE ON BIOPSY.,,
UNADRedIrregularM1MarblewhitePiNADSharpYesHnoFloor,SPECKLED LEUKOPLAKIA,FIBROEPITHELIAL POLYP & CARCINOMA IN  SITU,ADVISE SYMPTOMATIC TREATMENT AND FOLLOW UP IS MUST. REFER TO A SPECIALIST FOR ADVISE ON BIOPSY.,,
UNADRedIrregularM1MarblewhitePiNADSharpYesHnoLateraltongue,SPECKLED LEUKOPLAKIA,FIBROEPITHELIAL POLYP & CARCINOMA IN  SITU,ADVISE SYMPTOMATIC TREATMENT AND FOLLOW UP IS MUST. REFER TO A SPECIALIST FOR ADVISE ON BIOPSY.,,
UNADRedIrregularM1MarblewhitePiNADSharpYesHnoDorsumtongue,SPECKLED LEUKOPLAKIA,FIBROEPITHELIAL POLYP & CARCINOMA IN  SITU,ADVISE SYMPTOMATIC TREATMENT AND FOLLOW UP IS MUST. REFER TO A SPECIALIST FOR ADVISE ON BIOPSY.,,
UNADRedIrregularM1MarblewhitePiNADSharpYesHnoLip,SPECKLED LEUKOPLAKIA,FIBROEPITHELIAL POLYP & CARCINOMA IN  SITU,ADVISE SYMPTOMATIC TREATMENT AND FOLLOW UP IS MUST. REFER TO A SPECIALIST FOR ADVISE ON BIOPSY.,,
UNADRedIrregularM1MarblewhitePiNADSharpYesHnoGingiva,SPECKLED LEUKOPLAKIA,FIBROEPITHELIAL POLYP & CARCINOMA IN  SITU,ADVISE SYMPTOMATIC TREATMENT AND FOLLOW UP IS MUST. REFER TO A SPECIALIST FOR ADVISE ON BIOPSY.,,
UNADRedIrregularM1MarblewhitePiNADSharpYesHnoRetromolararea,SPECKLED LEUKOPLAKIA,FIBROEPITHELIAL POLYP & CARCINOMA IN  SITU,ADVISE SYMPTOMATIC TREATMENT AND FOLLOW UP IS MUST. REFER TO A SPECIALIST FOR ADVISE ON BIOPSY.,,
UNADWhiteIrregularL1MarblewhitePiNADSharpYesHnoBmucosa,FIBROEPITHELIAL POLYP,VERRUCOUS LEUKOPLAKIA & CARCINOMA IN  SITU,ADVISE SYMPTOMATIC TREATMENT AND FOLLOW UP IS MUST. REFER TO A SPECIALIST FOR ADVISE ON BIOPSY.,,
UNADWhiteIrregularL1MarblewhitePiNADSharpYesHnoBsulcus,FIBROEPITHELIAL POLYP,VERRUCOUS LEUKOPLAKIA & CARCINOMA IN  SITU,ADVISE SYMPTOMATIC TREATMENT AND FOLLOW UP IS MUST. REFER TO A SPECIALIST FOR ADVISE ON BIOPSY.,,
UNADWhiteIrregularL1MarblewhitePiNADSharpYesHnoPalate,FIBROEPITHELIAL POLYP,VERRUCOUS LEUKOPLAKIA & CARCINOMA IN  SITU,ADVISE SYMPTOMATIC TREATMENT AND FOLLOW UP IS MUST. REFER TO A SPECIALIST FOR ADVISE ON BIOPSY.,,
UNADWhiteIrregularL1MarblewhitePiNADSharpYesHnoFloor,FIBROEPITHELIAL POLYP,VERRUCOUS LEUKOPLAKIA & CARCINOMA IN  SITU,ADVISE SYMPTOMATIC TREATMENT AND FOLLOW UP IS MUST. REFER TO A SPECIALIST FOR ADVISE ON BIOPSY.,,
UNADWhiteIrregularL1MarblewhitePiNADSharpYesHnoLateraltongue,FIBROEPITHELIAL POLYP,VERRUCOUS LEUKOPLAKIA & CARCINOMA IN  SITU,ADVISE SYMPTOMATIC TREATMENT AND FOLLOW UP IS MUST. REFER TO A SPECIALIST FOR ADVISE ON BIOPSY.,,
UNADWhiteIrregularL1MarblewhitePiNADSharpYesHnoDorsumtongue,FIBROEPITHELIAL POLYP,VERRUCOUS LEUKOPLAKIA & CARCINOMA IN  SITU,ADVISE SYMPTOMATIC TREATMENT AND FOLLOW UP IS MUST. REFER TO A SPECIALIST FOR ADVISE ON BIOPSY.,,
UNADWhiteIrregularL1MarblewhitePiNADSharpYesHnoLip,FIBROEPITHELIAL POLYP,VERRUCOUS LEUKOPLAKIA & CARCINOMA IN  SITU,ADVISE SYMPTOMATIC TREATMENT AND FOLLOW UP IS MUST. REFER TO A SPECIALIST FOR ADVISE ON BIOPSY.,,
UNADWhiteIrregularL1MarblewhitePiNADSharpYesHnoGingiva,FIBROEPITHELIAL POLYP,VERRUCOUS LEUKOPLAKIA & CARCINOMA IN  SITU,ADVISE SYMPTOMATIC TREATMENT AND FOLLOW UP IS MUST. REFER TO A SPECIALIST FOR ADVISE ON BIOPSY.,,
UNADWhiteIrregularL1MarblewhitePiNADSharpYesHnoRetromolararea,FIBROEPITHELIAL POLYP,VERRUCOUS LEUKOPLAKIA & CARCINOMA IN  SITU,ADVISE SYMPTOMATIC TREATMENT AND FOLLOW UP IS MUST. REFER TO A SPECIALIST FOR ADVISE ON BIOPSY.,,
UNADRedIrregularL1MarblewhitePiNADSharpYesHnoBmucosa,FIBROEPITHELIAL POLYP,SPECKLED LEUKOPLAKIA & CARCINOMA IN  SITU,ADVISE SYMPTOMATIC TREATMENT AND FOLLOW UP IS MUST. REFER TO A SPECIALIST FOR ADVISE ON BIOPSY.,,
UNADRedIrregularL1MarblewhitePiNADSharpYesHnoBsulcus,FIBROEPITHELIAL POLYP,SPECKLED LEUKOPLAKIA & CARCINOMA IN  SITU,ADVISE SYMPTOMATIC TREATMENT AND FOLLOW UP IS MUST. REFER TO A SPECIALIST FOR ADVISE ON BIOPSY.,,
UNADRedIrregularL1MarblewhitePiNADSharpYesHnoPalate,FIBROEPITHELIAL POLYP,SPECKLED LEUKOPLAKIA & CARCINOMA IN  SITU,ADVISE SYMPTOMATIC TREATMENT AND FOLLOW UP IS MUST. REFER TO A SPECIALIST FOR ADVISE ON BIOPSY.,,
UNADRedIrregularL1MarblewhitePiNADSharpYesHnoFloor,FIBROEPITHELIAL POLYP,SPECKLED LEUKOPLAKIA & CARCINOMA IN  SITU,ADVISE SYMPTOMATIC TREATMENT AND FOLLOW UP IS MUST. REFER TO A SPECIALIST FOR ADVISE ON BIOPSY.,,
UNADRedIrregularL1MarblewhitePiNADSharpYesHnoLateraltongue,FIBROEPITHELIAL POLYP,SPECKLED LEUKOPLAKIA & CARCINOMA IN  SITU,ADVISE SYMPTOMATIC TREATMENT AND FOLLOW UP IS MUST. REFER TO A SPECIALIST FOR ADVISE ON BIOPSY.,,
UNADRedIrregularL1MarblewhitePiNADSharpYesHnoDorsumtongue,FIBROEPITHELIAL POLYP,SPECKLED LEUKOPLAKIA & CARCINOMA IN  SITU,ADVISE SYMPTOMATIC TREATMENT AND FOLLOW UP IS MUST. REFER TO A SPECIALIST FOR ADVISE ON BIOPSY.,,
UNADRedIrregularL1MarblewhitePiNADSharpYesHnoLip,FIBROEPITHELIAL POLYP,SPECKLED LEUKOPLAKIA & CARCINOMA IN  SITU,ADVISE SYMPTOMATIC TREATMENT AND FOLLOW UP IS MUST. REFER TO A SPECIALIST FOR ADVISE ON BIOPSY.,,
UNADRedIrregularL1MarblewhitePiNADSharpYesHnoGingiva,FIBROEPITHELIAL POLYP,SPECKLED LEUKOPLAKIA & CARCINOMA IN  SITU,ADVISE SYMPTOMATIC TREATMENT AND FOLLOW UP IS MUST. REFER TO A SPECIALIST FOR ADVISE ON BIOPSY.,,
UNADRedIrregularL1MarblewhitePiNADSharpYesHnoRetromolararea,FIBROEPITHELIAL POLYP,SPECKLED LEUKOPLAKIA & CARCINOMA IN  SITU,ADVISE SYMPTOMATIC TREATMENT AND FOLLOW UP IS MUST. REFER TO A SPECIALIST FOR ADVISE ON BIOPSY.,,
UNADWhiteGNADMarblewhitePiNADSharpYesHnoBmucosa,ORAL LEUKOPLAKIA,OSMF,ADVISE SYMPTOMATIC TREATMENT AND FOLLOW UP IS MUST. REFER TO A SPECIALIST FOR ADVISE ON BIOPSY.,,
UNADWhiteGNADMarblewhitePiNADSharpYesHnoBsulcus,ORAL LEUKOPLAKIA,OSMF,ADVISE SYMPTOMATIC TREATMENT AND FOLLOW UP IS MUST. REFER TO A SPECIALIST FOR ADVISE ON BIOPSY.,,
UNADWhiteGNADMarblewhitePiNADSharpYesHnoPalate,ORAL LEUKOPLAKIA,OSMF,ADVISE SYMPTOMATIC TREATMENT AND FOLLOW UP IS MUST. REFER TO A SPECIALIST FOR ADVISE ON BIOPSY.,,
UNADWhiteGNADMarblewhitePiNADSharpYesHnoFloor,ORAL LEUKOPLAKIA,OSMF,ADVISE SYMPTOMATIC TREATMENT AND FOLLOW UP IS MUST. REFER TO A SPECIALIST FOR ADVISE ON BIOPSY.,,
UNADWhiteGNADMarblewhitePiNADSharpYesHnoLateraltongue,ORAL LEUKOPLAKIA,OSMF,ADVISE SYMPTOMATIC TREATMENT AND FOLLOW UP IS MUST. REFER TO A SPECIALIST FOR ADVISE ON BIOPSY.,,
UNADWhiteGNADMarblewhitePiNADSharpYesHnoDorsumtongue,ORAL LEUKOPLAKIA,OSMF,ADVISE SYMPTOMATIC TREATMENT AND FOLLOW UP IS MUST. REFER TO A SPECIALIST FOR ADVISE ON BIOPSY.,,
UNADWhiteGNADMarblewhitePiNADSharpYesHnoLip,ORAL LEUKOPLAKIA,OSMF,ADVISE SYMPTOMATIC TREATMENT AND FOLLOW UP IS MUST. REFER TO A SPECIALIST FOR ADVISE ON BIOPSY.,,
UNADWhiteGNADMarblewhitePiNADSharpYesHnoGingiva,ORAL LEUKOPLAKIA,OSMF,ADVISE SYMPTOMATIC TREATMENT AND FOLLOW UP IS MUST. REFER TO A SPECIALIST FOR ADVISE ON BIOPSY.,,
UNADWhiteGNADMarblewhitePiNADSharpYesHnoRetromolararea,ORAL LEUKOPLAKIA,OSMF,ADVISE SYMPTOMATIC TREATMENT AND FOLLOW UP IS MUST. REFER TO A SPECIALIST FOR ADVISE ON BIOPSY.,,
UNADRedGNADMarblewhitePiNADSharpYesHnoBmucosa,SPECKLED LEUKOPLAKIA,OSMF & CARCINOMA IN SITU,ADVISE SYMPTOMATIC TREATMENT AND FOLLOW UP IS MUST. REFER TO A SPECIALIST FOR ADVISE ON BIOPSY.,,
UNADRedGNADMarblewhitePiNADSharpYesHnoBsulcus,SPECKLED LEUKOPLAKIA,OSMF & CARCINOMA IN SITU,ADVISE SYMPTOMATIC TREATMENT AND FOLLOW UP IS MUST. REFER TO A SPECIALIST FOR ADVISE ON BIOPSY.,,
UNADRedGNADMarblewhitePiNADSharpYesHnoPalate,SPECKLED LEUKOPLAKIA,OSMF & CARCINOMA IN SITU,ADVISE SYMPTOMATIC TREATMENT AND FOLLOW UP IS MUST. REFER TO A SPECIALIST FOR ADVISE ON BIOPSY.,,
UNADRedGNADMarblewhitePiNADSharpYesHnoFloor,SPECKLED LEUKOPLAKIA,OSMF & CARCINOMA IN SITU,ADVISE SYMPTOMATIC TREATMENT AND FOLLOW UP IS MUST. REFER TO A SPECIALIST FOR ADVISE ON BIOPSY.,,
UNADRedGNADMarblewhitePiNADSharpYesHnoLateraltongue,SPECKLED LEUKOPLAKIA,OSMF & CARCINOMA IN SITU,ADVISE SYMPTOMATIC TREATMENT AND FOLLOW UP IS MUST. REFER TO A SPECIALIST FOR ADVISE ON BIOPSY.,,
UNADRedGNADMarblewhitePiNADSharpYesHnoDorsumtongue,SPECKLED LEUKOPLAKIA,OSMF & CARCINOMA IN SITU,ADVISE SYMPTOMATIC TREATMENT AND FOLLOW UP IS MUST. REFER TO A SPECIALIST FOR ADVISE ON BIOPSY.,,
UNADRedGNADMarblewhitePiNADSharpYesHnoLip,SPECKLED LEUKOPLAKIA,OSMF & CARCINOMA IN SITU,ADVISE SYMPTOMATIC TREATMENT AND FOLLOW UP IS MUST. REFER TO A SPECIALIST FOR ADVISE ON BIOPSY.,,
UNADRedGNADMarblewhitePiNADSharpYesHnoGingiva,SPECKLED LEUKOPLAKIA,OSMF & CARCINOMA IN SITU,ADVISE SYMPTOMATIC TREATMENT AND FOLLOW UP IS MUST. REFER TO A SPECIALIST FOR ADVISE ON BIOPSY.,,
UNADRedGNADMarblewhitePiNADSharpYesHnoRetromolararea,SPECKLED LEUKOPLAKIA,OSMF & CARCINOMA IN SITU,ADVISE SYMPTOMATIC TREATMENT AND FOLLOW UP IS MUST. REFER TO A SPECIALIST FOR ADVISE ON BIOPSY.,,
UNADWhiteIrregularM1MNADPiNADSharpYesHnoBmucosa,VERRUCOUS LEUKOPLAKIA,TRAUMATICULCER & CARCINOMA IN SITU,ADVISE SYMPTOMATIC TREATMENT AND FOLLOW UP IS MUST. REFER TO A SPECIALIST FOR ADVISE ON BIOPSY.,,
UNADWhiteIrregularM1MNADPiNADSharpYesHnoBsulcus,VERRUCOUS LEUKOPLAKIA,TRAUMATICULCER & CARCINOMA IN SITU,ADVISE SYMPTOMATIC TREATMENT AND FOLLOW UP IS MUST. REFER TO A SPECIALIST FOR ADVISE ON BIOPSY.,,
UNADWhiteIrregularM1MNADPiNADSharpYesHnoPalate,VERRUCOUS LEUKOPLAKIA,TRAUMATICULCER & CARCINOMA IN SITU,ADVISE SYMPTOMATIC TREATMENT AND FOLLOW UP IS MUST. REFER TO A SPECIALIST FOR ADVISE ON BIOPSY.,,
UNADWhiteIrregularM1MNADPiNADSharpYesHnoFloor,VERRUCOUS LEUKOPLAKIA,TRAUMATICULCER & CARCINOMA IN SITU,ADVISE SYMPTOMATIC TREATMENT AND FOLLOW UP IS MUST. REFER TO A SPECIALIST FOR ADVISE ON BIOPSY.,,
UNADWhiteIrregularM1MNADPiNADSharpYesHnoLateraltongue,VERRUCOUS LEUKOPLAKIA,TRAUMATICULCER & CARCINOMA IN SITU,ADVISE SYMPTOMATIC TREATMENT AND FOLLOW UP IS MUST. REFER TO A SPECIALIST FOR ADVISE ON BIOPSY.,,
UNADWhiteIrregularM1MNADPiNADSharpYesHnoDorsumtongue,VERRUCOUS LEUKOPLAKIA,TRAUMATICULCER & CARCINOMA IN SITU,ADVISE SYMPTOMATIC TREATMENT AND FOLLOW UP IS MUST. REFER TO A SPECIALIST FOR ADVISE ON BIOPSY.,,
UNADWhiteIrregularM1MNADPiNADSharpYesHnoLip,VERRUCOUS LEUKOPLAKIA,TRAUMATICULCER & CARCINOMA IN SITU,ADVISE SYMPTOMATIC TREATMENT AND FOLLOW UP IS MUST. REFER TO A SPECIALIST FOR ADVISE ON BIOPSY.,,
UNADWhiteIrregularM1MNADPiNADSharpYesHnoGingiva,VERRUCOUS LEUKOPLAKIA,TRAUMATICULCER & CARCINOMA IN SITU,ADVISE SYMPTOMATIC TREATMENT AND FOLLOW UP IS MUST. REFER TO A SPECIALIST FOR ADVISE ON BIOPSY.,,
UNADWhiteIrregularM1MNADPiNADSharpYesHnoRetromolararea,VERRUCOUS LEUKOPLAKIA,TRAUMATICULCER & CARCINOMA IN SITU,ADVISE SYMPTOMATIC TREATMENT AND FOLLOW UP IS MUST. REFER TO A SPECIALIST FOR ADVISE ON BIOPSY.,,
UNADRedIrregularM1MNADPiNADSharpYesHnoBmucosa,SPECKLED LEUKOPLAKIA,TRAUMATICULCER & CARCINOMA IN SITU,ADVISE SYMPTOMATIC TREATMENT AND FOLLOW UP IS MUST. REFER TO A SPECIALIST FOR ADVISE ON BIOPSY.,,
UNADRedIrregularM1MNADPiNADSharpYesHnoBsulcus,SPECKLED LEUKOPLAKIA,TRAUMATICULCER & CARCINOMA IN SITU,ADVISE SYMPTOMATIC TREATMENT AND FOLLOW UP IS MUST. REFER TO A SPECIALIST FOR ADVISE ON BIOPSY.,,
UNADRedIrregularM1MNADPiNADSharpYesHnoPalate,SPECKLED LEUKOPLAKIA,TRAUMATICULCER & CARCINOMA IN SITU,ADVISE SYMPTOMATIC TREATMENT AND FOLLOW UP IS MUST. REFER TO A SPECIALIST FOR ADVISE ON BIOPSY.,,
UNADRedIrregularM1MNADPiNADSharpYesHnoFloor,SPECKLED LEUKOPLAKIA,TRAUMATICULCER & CARCINOMA IN SITU,ADVISE SYMPTOMATIC TREATMENT AND FOLLOW UP IS MUST. REFER TO A SPECIALIST FOR ADVISE ON BIOPSY.,,
UNADRedIrregularM1MNADPiNADSharpYesHnoLateraltongue,SPECKLED LEUKOPLAKIA,TRAUMATICULCER & CARCINOMA IN SITU,ADVISE SYMPTOMATIC TREATMENT AND FOLLOW UP IS MUST. REFER TO A SPECIALIST FOR ADVISE ON BIOPSY.,,
UNADRedIrregularM1MNADPiNADSharpYesHnoDorsumtongue,SPECKLED LEUKOPLAKIA,TRAUMATICULCER & CARCINOMA IN SITU,ADVISE SYMPTOMATIC TREATMENT AND FOLLOW UP IS MUST. REFER TO A SPECIALIST FOR ADVISE ON BIOPSY.,,
UNADRedIrregularM1MNADPiNADSharpYesHnoLip,SPECKLED LEUKOPLAKIA,TRAUMATICULCER & CARCINOMA IN SITU,ADVISE SYMPTOMATIC TREATMENT AND FOLLOW UP IS MUST. REFER TO A SPECIALIST FOR ADVISE ON BIOPSY.,,
UNADRedIrregularM1MNADPiNADSharpYesHnoGingiva,SPECKLED LEUKOPLAKIA,TRAUMATICULCER & CARCINOMA IN SITU,ADVISE SYMPTOMATIC TREATMENT AND FOLLOW UP IS MUST. REFER TO A SPECIALIST FOR ADVISE ON BIOPSY.,,
UNADRedIrregularM1MNADPiNADSharpYesHnoRetromolararea,SPECKLED LEUKOPLAKIA,TRAUMATICULCER & CARCINOMA IN SITU,ADVISE SYMPTOMATIC TREATMENT AND FOLLOW UP IS MUST. REFER TO A SPECIALIST FOR ADVISE ON BIOPSY.,,
UNADWhiteIrregularL1MNADPiNADSharpYesHnoBmucosa,TRAUMATICULCER ,VERRUCOUS LEUKOPLAKIA & CARCINOMA INSITU,ADVISE SYMPTOMATIC TREATMENT AND FOLLOW UP IS MUST. REFER TO A SPECIALIST FOR ADVISE ON BIOPSY.,,
UNADWhiteIrregularL1MNADPiNADSharpYesHnoBsulcus,TRAUMATICULCER ,VERRUCOUS LEUKOPLAKIA & CARCINOMA INSITU,ADVISE SYMPTOMATIC TREATMENT AND FOLLOW UP IS MUST. REFER TO A SPECIALIST FOR ADVISE ON BIOPSY.,,
UNADWhiteIrregularL1MNADPiNADSharpYesHnoPalate,TRAUMATICULCER ,VERRUCOUS LEUKOPLAKIA & CARCINOMA INSITU,ADVISE SYMPTOMATIC TREATMENT AND FOLLOW UP IS MUST. REFER TO A SPECIALIST FOR ADVISE ON BIOPSY.,,
UNADWhiteIrregularL1MNADPiNADSharpYesHnoFloor,TRAUMATICULCER ,VERRUCOUS LEUKOPLAKIA & CARCINOMA INSITU,ADVISE SYMPTOMATIC TREATMENT AND FOLLOW UP IS MUST. REFER TO A SPECIALIST FOR ADVISE ON BIOPSY.,,
UNADWhiteIrregularL1MNADPiNADSharpYesHnoLateraltongue,TRAUMATICULCER ,VERRUCOUS LEUKOPLAKIA & CARCINOMA INSITU,ADVISE SYMPTOMATIC TREATMENT AND FOLLOW UP IS MUST. REFER TO A SPECIALIST FOR ADVISE ON BIOPSY.,,
UNADWhiteIrregularL1MNADPiNADSharpYesHnoDorsumtongue,TRAUMATICULCER ,VERRUCOUS LEUKOPLAKIA & CARCINOMA INSITU,ADVISE SYMPTOMATIC TREATMENT AND FOLLOW UP IS MUST. REFER TO A SPECIALIST FOR ADVISE ON BIOPSY.,,
UNADWhiteIrregularL1MNADPiNADSharpYesHnoLip,TRAUMATICULCER ,VERRUCOUS LEUKOPLAKIA & CARCINOMA INSITU,ADVISE SYMPTOMATIC TREATMENT AND FOLLOW UP IS MUST. REFER TO A SPECIALIST FOR ADVISE ON BIOPSY.,,
UNADWhiteIrregularL1MNADPiNADSharpYesHnoGingiva,TRAUMATICULCER ,VERRUCOUS LEUKOPLAKIA & CARCINOMA INSITU,ADVISE SYMPTOMATIC TREATMENT AND FOLLOW UP IS MUST. REFER TO A SPECIALIST FOR ADVISE ON BIOPSY.,,
UNADWhiteIrregularL1MNADPiNADSharpYesHnoRetromolararea,TRAUMATICULCER ,VERRUCOUS LEUKOPLAKIA & CARCINOMA INSITU,ADVISE SYMPTOMATIC TREATMENT AND FOLLOW UP IS MUST. REFER TO A SPECIALIST FOR ADVISE ON BIOPSY.,,
UNADRedIrregularL1MNADPiNADSharpYesHnoBmucosa,TRAUMATICULCER ,SPECKLED LEUKOPLAKIA & CARCINOMA INSITU,ADVISE SYMPTOMATIC TREATMENT AND FOLLOW UP IS MUST. REFER TO A SPECIALIST FOR ADVISE ON BIOPSY.,,
UNADRedIrregularL1MNADPiNADSharpYesHnoBsulcus,TRAUMATICULCER ,SPECKLED LEUKOPLAKIA & CARCINOMA INSITU,ADVISE SYMPTOMATIC TREATMENT AND FOLLOW UP IS MUST. REFER TO A SPECIALIST FOR ADVISE ON BIOPSY.,,
UNADRedIrregularL1MNADPiNADSharpYesHnoPalate,TRAUMATICULCER ,SPECKLED LEUKOPLAKIA & CARCINOMA INSITU,ADVISE SYMPTOMATIC TREATMENT AND FOLLOW UP IS MUST. REFER TO A SPECIALIST FOR ADVISE ON BIOPSY.,,
UNADRedIrregularL1MNADPiNADSharpYesHnoFloor,TRAUMATICULCER ,SPECKLED LEUKOPLAKIA & CARCINOMA INSITU,ADVISE SYMPTOMATIC TREATMENT AND FOLLOW UP IS MUST. REFER TO A SPECIALIST FOR ADVISE ON BIOPSY.,,
UNADRedIrregularL1MNADPiNADSharpYesHnoLateraltongue,TRAUMATICULCER ,SPECKLED LEUKOPLAKIA & CARCINOMA INSITU,ADVISE SYMPTOMATIC TREATMENT AND FOLLOW UP IS MUST. REFER TO A SPECIALIST FOR ADVISE ON BIOPSY.,,
UNADRedIrregularL1MNADPiNADSharpYesHnoDorsumtongue,TRAUMATICULCER ,SPECKLED LEUKOPLAKIA & CARCINOMA INSITU,ADVISE SYMPTOMATIC TREATMENT AND FOLLOW UP IS MUST. REFER TO A SPECIALIST FOR ADVISE ON BIOPSY.,,
UNADRedIrregularL1MNADPiNADSharpYesHnoLip,TRAUMATICULCER ,SPECKLED LEUKOPLAKIA & CARCINOMA INSITU,ADVISE SYMPTOMATIC TREATMENT AND FOLLOW UP IS MUST. REFER TO A SPECIALIST FOR ADVISE ON BIOPSY.,,
UNADRedIrregularL1MNADPiNADSharpYesHnoGingiva,TRAUMATICULCER ,SPECKLED LEUKOPLAKIA & CARCINOMA INSITU,ADVISE SYMPTOMATIC TREATMENT AND FOLLOW UP IS MUST. REFER TO A SPECIALIST FOR ADVISE ON BIOPSY.,,
UNADRedIrregularL1MNADPiNADSharpYesHnoRetromolararea,TRAUMATICULCER ,SPECKLED LEUKOPLAKIA & CARCINOMA INSITU,ADVISE SYMPTOMATIC TREATMENT AND FOLLOW UP IS MUST. REFER TO A SPECIALIST FOR ADVISE ON BIOPSY.,,
UNADWhiteGNADMNADPiNADSharpYesHnoBmucosa,CANDIDIASIS,ORAL LEUKOPLAKIA,ADVISE SYMPTOMATIC TREATMENT AND FOLLOW UP IS MUST. REFER TO A SPECIALIST FOR ADVISE ON BIOPSY.,,
UNADWhiteGNADMNADPiNADSharpYesHnoBsulcus,CANDIDIASIS,ORAL LEUKOPLAKIA,ADVISE SYMPTOMATIC TREATMENT AND FOLLOW UP IS MUST. REFER TO A SPECIALIST FOR ADVISE ON BIOPSY.,,
UNADWhiteGNADMNADPiNADSharpYesHnoPalate,CANDIDIASIS,ORAL LEUKOPLAKIA,ADVISE SYMPTOMATIC TREATMENT AND FOLLOW UP IS MUST. REFER TO A SPECIALIST FOR ADVISE ON BIOPSY.,,
UNADWhiteGNADMNADPiNADSharpYesHnoFloor,CANDIDIASIS,ORAL LEUKOPLAKIA,ADVISE SYMPTOMATIC TREATMENT AND FOLLOW UP IS MUST. REFER TO A SPECIALIST FOR ADVISE ON BIOPSY.,,
UNADWhiteGNADMNADPiNADSharpYesHnoLateraltongue,CANDIDIASIS,ORAL LEUKOPLAKIA,ADVISE SYMPTOMATIC TREATMENT AND FOLLOW UP IS MUST. REFER TO A SPECIALIST FOR ADVISE ON BIOPSY.,,
UNADWhiteGNADMNADPiNADSharpYesHnoDorsumtongue,CANDIDIASIS,ORAL LEUKOPLAKIA,ADVISE SYMPTOMATIC TREATMENT AND FOLLOW UP IS MUST. REFER TO A SPECIALIST FOR ADVISE ON BIOPSY.,,
UNADWhiteGNADMNADPiNADSharpYesHnoLip,CANDIDIASIS,ORAL LEUKOPLAKIA,ADVISE SYMPTOMATIC TREATMENT AND FOLLOW UP IS MUST. REFER TO A SPECIALIST FOR ADVISE ON BIOPSY.,,
UNADWhiteGNADMNADPiNADSharpYesHnoGingiva,CANDIDIASIS,ORAL LEUKOPLAKIA,ADVISE SYMPTOMATIC TREATMENT AND FOLLOW UP IS MUST. REFER TO A SPECIALIST FOR ADVISE ON BIOPSY.,,
UNADWhiteGNADMNADPiNADSharpYesHnoRetromolararea,CANDIDIASIS,ORAL LEUKOPLAKIA,ADVISE SYMPTOMATIC TREATMENT AND FOLLOW UP IS MUST. REFER TO A SPECIALIST FOR ADVISE ON BIOPSY.,,
UNADRedGNADMNADPiNADSharpYesHnoBmucosa,TRAUMATICULCER ,SPECKLED LEUKOPLAKIA & CARCINOMA INSITU,ADVISE SYMPTOMATIC TREATMENT AND FOLLOW UP IS MUST. REFER TO A SPECIALIST FOR ADVISE ON BIOPSY.,,
UNADRedGNADMNADPiNADSharpYesHnoBsulcus,TRAUMATICULCER ,SPECKLED LEUKOPLAKIA & CARCINOMA INSITU,ADVISE SYMPTOMATIC TREATMENT AND FOLLOW UP IS MUST. REFER TO A SPECIALIST FOR ADVISE ON BIOPSY.,,
UNADRedGNADMNADPiNADSharpYesHnoPalate,TRAUMATICULCER ,SPECKLED LEUKOPLAKIA & CARCINOMA INSITU,ADVISE SYMPTOMATIC TREATMENT AND FOLLOW UP IS MUST. REFER TO A SPECIALIST FOR ADVISE ON BIOPSY.,,
UNADRedGNADMNADPiNADSharpYesHnoFloor,TRAUMATICULCER ,SPECKLED LEUKOPLAKIA & CARCINOMA INSITU,ADVISE SYMPTOMATIC TREATMENT AND FOLLOW UP IS MUST. REFER TO A SPECIALIST FOR ADVISE ON BIOPSY.,,
UNADRedGNADMNADPiNADSharpYesHnoLateraltongue,TRAUMATICULCER ,SPECKLED LEUKOPLAKIA & CARCINOMA INSITU,ADVISE SYMPTOMATIC TREATMENT AND FOLLOW UP IS MUST. REFER TO A SPECIALIST FOR ADVISE ON BIOPSY.,,
UNADRedGNADMNADPiNADSharpYesHnoDorsumtongue,TRAUMATICULCER ,SPECKLED LEUKOPLAKIA & CARCINOMA INSITU,ADVISE SYMPTOMATIC TREATMENT AND FOLLOW UP IS MUST. REFER TO A SPECIALIST FOR ADVISE ON BIOPSY.,,
UNADRedGNADMNADPiNADSharpYesHnoLip,TRAUMATICULCER ,SPECKLED LEUKOPLAKIA & CARCINOMA INSITU,ADVISE SYMPTOMATIC TREATMENT AND FOLLOW UP IS MUST. REFER TO A SPECIALIST FOR ADVISE ON BIOPSY.,,
UNADRedGNADMNADPiNADSharpYesHnoGingiva,TRAUMATICULCER ,SPECKLED LEUKOPLAKIA & CARCINOMA INSITU,ADVISE SYMPTOMATIC TREATMENT AND FOLLOW UP IS MUST. REFER TO A SPECIALIST FOR ADVISE ON BIOPSY.,,
UNADRedGNADMNADPiNADSharpYesHnoRetromolararea,TRAUMATICULCER ,SPECKLED LEUKOPLAKIA & CARCINOMA INSITU,ADVISE SYMPTOMATIC TREATMENT AND FOLLOW UP IS MUST. REFER TO A SPECIALIST FOR ADVISE ON BIOPSY.,,
UNADWhiteIrregularM1MarblewhitePiNADSharpNOHnoBmucosa,TRAUMATICULCER ,VERRUCOUS LEUKOPLAKIA & CARCINOMA IN SITU,ADVISE SYMPTOMATIC TREATMENT AND FOLLOW UP IS MUST. REFER TO A SPECIALIST FOR ADVISE ON BIOPSY.,,
UNADWhiteIrregularM1MarblewhitePiNADSharpNOHnoBsulcus,TRAUMATICULCER ,VERRUCOUS LEUKOPLAKIA & CARCINOMA IN SITU,ADVISE SYMPTOMATIC TREATMENT AND FOLLOW UP IS MUST. REFER TO A SPECIALIST FOR ADVISE ON BIOPSY.,,
UNADWhiteIrregularM1MarblewhitePiNADSharpNOHnoPalate,TRAUMATICULCER ,VERRUCOUS LEUKOPLAKIA & CARCINOMA IN SITU,ADVISE SYMPTOMATIC TREATMENT AND FOLLOW UP IS MUST. REFER TO A SPECIALIST FOR ADVISE ON BIOPSY.,,
UNADWhiteIrregularM1MarblewhitePiNADSharpNOHnoFloor,TRAUMATICULCER ,VERRUCOUS LEUKOPLAKIA & CARCINOMA IN SITU,ADVISE SYMPTOMATIC TREATMENT AND FOLLOW UP IS MUST. REFER TO A SPECIALIST FOR ADVISE ON BIOPSY.,,
UNADWhiteIrregularM1MarblewhitePiNADSharpNOHnoLateraltongue,TRAUMATICULCER ,VERRUCOUS LEUKOPLAKIA & CARCINOMA IN SITU,ADVISE SYMPTOMATIC TREATMENT AND FOLLOW UP IS MUST. REFER TO A SPECIALIST FOR ADVISE ON BIOPSY.,,
UNADWhiteIrregularM1MarblewhitePiNADSharpNOHnoDorsumtongue,TRAUMATICULCER ,VERRUCOUS LEUKOPLAKIA & CARCINOMA IN SITU,ADVISE SYMPTOMATIC TREATMENT AND FOLLOW UP IS MUST. REFER TO A SPECIALIST FOR ADVISE ON BIOPSY.,,
UNADWhiteIrregularM1MarblewhitePiNADSharpNOHnoLip,TRAUMATICULCER ,VERRUCOUS LEUKOPLAKIA & CARCINOMA IN SITU,ADVISE SYMPTOMATIC TREATMENT AND FOLLOW UP IS MUST. REFER TO A SPECIALIST FOR ADVISE ON BIOPSY.,,
UNADWhiteIrregularM1MarblewhitePiNADSharpNOHnoGingiva,TRAUMATICULCER ,VERRUCOUS LEUKOPLAKIA & CARCINOMA IN SITU,ADVISE SYMPTOMATIC TREATMENT AND FOLLOW UP IS MUST. REFER TO A SPECIALIST FOR ADVISE ON BIOPSY.,,
UNADWhiteIrregularM1MarblewhitePiNADSharpNOHnoRetromolararea,TRAUMATICULCER ,VERRUCOUS LEUKOPLAKIA & CARCINOMA IN SITU,ADVISE SYMPTOMATIC TREATMENT AND FOLLOW UP IS MUST. REFER TO A SPECIALIST FOR ADVISE ON BIOPSY.,,
UNADRedIrregularM1MarblewhitePiNADSharpNOHnoBmucosa,SPECKLED LEUKOPLAKIA,TRAUMATICULCER & CARCINOMA IN SITU,ADVISE SYMPTOMATIC TREATMENT AND FOLLOW UP IS MUST. REFER TO A SPECIALIST FOR ADVISE ON BIOPSY.,,
UNADRedIrregularM1MarblewhitePiNADSharpNOHnoBsulcus,SPECKLED LEUKOPLAKIA,TRAUMATICULCER & CARCINOMA IN SITU,ADVISE SYMPTOMATIC TREATMENT AND FOLLOW UP IS MUST. REFER TO A SPECIALIST FOR ADVISE ON BIOPSY.,,
UNADRedIrregularM1MarblewhitePiNADSharpNOHnoPalate,SPECKLED LEUKOPLAKIA,TRAUMATICULCER & CARCINOMA IN SITU,ADVISE SYMPTOMATIC TREATMENT AND FOLLOW UP IS MUST. REFER TO A SPECIALIST FOR ADVISE ON BIOPSY.,,
UNADRedIrregularM1MarblewhitePiNADSharpNOHnoFloor,SPECKLED LEUKOPLAKIA,TRAUMATICULCER & CARCINOMA IN SITU,ADVISE SYMPTOMATIC TREATMENT AND FOLLOW UP IS MUST. REFER TO A SPECIALIST FOR ADVISE ON BIOPSY.,,
UNADRedIrregularM1MarblewhitePiNADSharpNOHnoLateraltongue,SPECKLED LEUKOPLAKIA,TRAUMATICULCER & CARCINOMA IN SITU,ADVISE SYMPTOMATIC TREATMENT AND FOLLOW UP IS MUST. REFER TO A SPECIALIST FOR ADVISE ON BIOPSY.,,
UNADRedIrregularM1MarblewhitePiNADSharpNOHnoDorsumtongue,SPECKLED LEUKOPLAKIA,TRAUMATICULCER & CARCINOMA IN SITU,ADVISE SYMPTOMATIC TREATMENT AND FOLLOW UP IS MUST. REFER TO A SPECIALIST FOR ADVISE ON BIOPSY.,,
UNADRedIrregularM1MarblewhitePiNADSharpNOHnoLip,SPECKLED LEUKOPLAKIA,TRAUMATICULCER & CARCINOMA IN SITU,ADVISE SYMPTOMATIC TREATMENT AND FOLLOW UP IS MUST. REFER TO A SPECIALIST FOR ADVISE ON BIOPSY.,,
UNADRedIrregularM1MarblewhitePiNADSharpNOHnoGingiva,SPECKLED LEUKOPLAKIA,TRAUMATICULCER & CARCINOMA IN SITU,ADVISE SYMPTOMATIC TREATMENT AND FOLLOW UP IS MUST. REFER TO A SPECIALIST FOR ADVISE ON BIOPSY.,,
UNADRedIrregularM1MarblewhitePiNADSharpNOHnoRetromolararea,SPECKLED LEUKOPLAKIA,TRAUMATICULCER & CARCINOMA IN SITU,ADVISE SYMPTOMATIC TREATMENT AND FOLLOW UP IS MUST. REFER TO A SPECIALIST FOR ADVISE ON BIOPSY.,,
UNADWhiteIrregularL1MarblewhitePiNADSharpNOHnoBmucosa,TRAUMATICULCER ,VERRUCOUS LEUKOPLAKIA & CARCINOMA IN SITU,ADVISE SYMPTOMATIC TREATMENT AND FOLLOW UP IS MUST. REFER TO A SPECIALIST FOR ADVISE ON BIOPSY.,,
UNADWhiteIrregularL1MarblewhitePiNADSharpNOHnoBsulcus,TRAUMATICULCER ,VERRUCOUS LEUKOPLAKIA & CARCINOMA IN SITU,ADVISE SYMPTOMATIC TREATMENT AND FOLLOW UP IS MUST. REFER TO A SPECIALIST FOR ADVISE ON BIOPSY.,,
UNADWhiteIrregularL1MarblewhitePiNADSharpNOHnoPalate,TRAUMATICULCER ,VERRUCOUS LEUKOPLAKIA & CARCINOMA IN SITU,ADVISE SYMPTOMATIC TREATMENT AND FOLLOW UP IS MUST. REFER TO A SPECIALIST FOR ADVISE ON BIOPSY.,,
UNADWhiteIrregularL1MarblewhitePiNADSharpNOHnoFloor,TRAUMATICULCER ,VERRUCOUS LEUKOPLAKIA & CARCINOMA IN SITU,ADVISE SYMPTOMATIC TREATMENT AND FOLLOW UP IS MUST. REFER TO A SPECIALIST FOR ADVISE ON BIOPSY.,,
UNADWhiteIrregularL1MarblewhitePiNADSharpNOHnoLateraltongue,TRAUMATICULCER ,VERRUCOUS LEUKOPLAKIA & CARCINOMA IN SITU,ADVISE SYMPTOMATIC TREATMENT AND FOLLOW UP IS MUST. REFER TO A SPECIALIST FOR ADVISE ON BIOPSY.,,
UNADWhiteIrregularL1MarblewhitePiNADSharpNOHnoDorsumtongue,TRAUMATICULCER ,VERRUCOUS LEUKOPLAKIA & CARCINOMA IN SITU,ADVISE SYMPTOMATIC TREATMENT AND FOLLOW UP IS MUST. REFER TO A SPECIALIST FOR ADVISE ON BIOPSY.,,
UNADWhiteIrregularL1MarblewhitePiNADSharpNOHnoLip,TRAUMATICULCER ,VERRUCOUS LEUKOPLAKIA & CARCINOMA IN SITU,ADVISE SYMPTOMATIC TREATMENT AND FOLLOW UP IS MUST. REFER TO A SPECIALIST FOR ADVISE ON BIOPSY.,,
UNADWhiteIrregularL1MarblewhitePiNADSharpNOHnoGingiva,TRAUMATICULCER ,VERRUCOUS LEUKOPLAKIA & CARCINOMA IN SITU,ADVISE SYMPTOMATIC TREATMENT AND FOLLOW UP IS MUST. REFER TO A SPECIALIST FOR ADVISE ON BIOPSY.,,
UNADWhiteIrregularL1MarblewhitePiNADSharpNOHnoRetromolararea,TRAUMATICULCER ,VERRUCOUS LEUKOPLAKIA & CARCINOMA IN SITU,ADVISE SYMPTOMATIC TREATMENT AND FOLLOW UP IS MUST. REFER TO A SPECIALIST FOR ADVISE ON BIOPSY.,,
UNADRedIrregularL1MarblewhitePiNADSharpNOHnoBmucosa,TRAUMATICULCER ,SPECKLED LEUKOPLAKIA & CARCINOMA INSITU,ADVISE SYMPTOMATIC TREATMENT AND FOLLOW UP IS MUST. REFER TO A SPECIALIST FOR ADVISE ON BIOPSY.,,
UNADRedIrregularL1MarblewhitePiNADSharpNOHnoBsulcus,TRAUMATICULCER ,SPECKLED LEUKOPLAKIA & CARCINOMA INSITU,ADVISE SYMPTOMATIC TREATMENT AND FOLLOW UP IS MUST. REFER TO A SPECIALIST FOR ADVISE ON BIOPSY.,,
UNADRedIrregularL1MarblewhitePiNADSharpNOHnoPalate,TRAUMATICULCER ,SPECKLED LEUKOPLAKIA & CARCINOMA INSITU,ADVISE SYMPTOMATIC TREATMENT AND FOLLOW UP IS MUST. REFER TO A SPECIALIST FOR ADVISE ON BIOPSY.,,
UNADRedIrregularL1MarblewhitePiNADSharpNOHnoFloor,TRAUMATICULCER ,SPECKLED LEUKOPLAKIA & CARCINOMA INSITU,ADVISE SYMPTOMATIC TREATMENT AND FOLLOW UP IS MUST. REFER TO A SPECIALIST FOR ADVISE ON BIOPSY.,,
UNADRedIrregularL1MarblewhitePiNADSharpNOHnoLateraltongue,TRAUMATICULCER ,SPECKLED LEUKOPLAKIA & CARCINOMA INSITU,ADVISE SYMPTOMATIC TREATMENT AND FOLLOW UP IS MUST. REFER TO A SPECIALIST FOR ADVISE ON BIOPSY.,,
UNADRedIrregularL1MarblewhitePiNADSharpNOHnoDorsumtongue,TRAUMATICULCER ,SPECKLED LEUKOPLAKIA & CARCINOMA INSITU,ADVISE SYMPTOMATIC TREATMENT AND FOLLOW UP IS MUST. REFER TO A SPECIALIST FOR ADVISE ON BIOPSY.,,
UNADRedIrregularL1MarblewhitePiNADSharpNOHnoLip,TRAUMATICULCER ,SPECKLED LEUKOPLAKIA & CARCINOMA INSITU,ADVISE SYMPTOMATIC TREATMENT AND FOLLOW UP IS MUST. REFER TO A SPECIALIST FOR ADVISE ON BIOPSY.,,
UNADRedIrregularL1MarblewhitePiNADSharpNOHnoGingiva,TRAUMATICULCER ,SPECKLED LEUKOPLAKIA & CARCINOMA INSITU,ADVISE SYMPTOMATIC TREATMENT AND FOLLOW UP IS MUST. REFER TO A SPECIALIST FOR ADVISE ON BIOPSY.,,
UNADRedIrregularL1MarblewhitePiNADSharpNOHnoRetromolararea,TRAUMATICULCER ,SPECKLED LEUKOPLAKIA & CARCINOMA INSITU,ADVISE SYMPTOMATIC TREATMENT AND FOLLOW UP IS MUST. REFER TO A SPECIALIST FOR ADVISE ON BIOPSY.,,
UNADWhiteGNADMarblewhitePiNADSharpNOHnoBmucosa,CANDIDIASIS,FRICTIONAL KERATOSIS,ADVISE SYMPTOMATIC TREATMENT AND FOLLOW UP IS MUST. ,,
UNADWhiteGNADMarblewhitePiNADSharpNOHnoBsulcus,CANDIDIASIS,FRICTIONAL KERATOSIS,ADVISE SYMPTOMATIC TREATMENT AND FOLLOW UP IS MUST. ,,
UNADWhiteGNADMarblewhitePiNADSharpNOHnoPalate,CANDIDIASIS,FRICTIONAL KERATOSIS,ADVISE SYMPTOMATIC TREATMENT AND FOLLOW UP IS MUST. ,,
UNADWhiteGNADMarblewhitePiNADSharpNOHnoFloor,CANDIDIASIS,FRICTIONAL KERATOSIS,ADVISE SYMPTOMATIC TREATMENT AND FOLLOW UP IS MUST. ,,
UNADWhiteGNADMarblewhitePiNADSharpNOHnoLateraltongue,CANDIDIASIS,FRICTIONAL KERATOSIS,ADVISE SYMPTOMATIC TREATMENT AND FOLLOW UP IS MUST. ,,
UNADWhiteGNADMarblewhitePiNADSharpNOHnoDorsumtongue,CANDIDIASIS,FRICTIONAL KERATOSIS,ADVISE SYMPTOMATIC TREATMENT AND FOLLOW UP IS MUST. ,,
UNADWhiteGNADMarblewhitePiNADSharpNOHnoLip,CANDIDIASIS,FRICTIONAL KERATOSIS,ADVISE SYMPTOMATIC TREATMENT AND FOLLOW UP IS MUST. ,,
UNADWhiteGNADMarblewhitePiNADSharpNOHnoGingiva,CANDIDIASIS,FRICTIONAL KERATOSIS,ADVISE SYMPTOMATIC TREATMENT AND FOLLOW UP IS MUST. ,,
UNADWhiteGNADMarblewhitePiNADSharpNOHnoRetromolararea,CANDIDIASIS,FRICTIONAL KERATOSIS,ADVISE SYMPTOMATIC TREATMENT AND FOLLOW UP IS MUST. ,,
UNADRedGNADMarblewhitePiNADSharpNOHnoBmucosa,CANDIDIASIS,TRAUMATICULCER & BURNING MOUTH SYNDROME,ADVISE SYMPTOMATIC TREATMENT AND FOLLOW UP IS MUST. ,,
UNADRedGNADMarblewhitePiNADSharpNOHnoBsulcus,CANDIDIASIS,TRAUMATICULCER & BURNING MOUTH SYNDROME,ADVISE SYMPTOMATIC TREATMENT AND FOLLOW UP IS MUST. ,,
UNADRedGNADMarblewhitePiNADSharpNOHnoPalate,CANDIDIASIS,TRAUMATICULCER & BURNING MOUTH SYNDROME,ADVISE SYMPTOMATIC TREATMENT AND FOLLOW UP IS MUST. ,,
UNADRedGNADMarblewhitePiNADSharpNOHnoFloor,CANDIDIASIS,TRAUMATICULCER & BURNING MOUTH SYNDROME,ADVISE SYMPTOMATIC TREATMENT AND FOLLOW UP IS MUST. ,,
UNADRedGNADMarblewhitePiNADSharpNOHnoLateraltongue,CANDIDIASIS,TRAUMATICULCER & BURNING MOUTH SYNDROME,ADVISE SYMPTOMATIC TREATMENT AND FOLLOW UP IS MUST. ,,
UNADRedGNADMarblewhitePiNADSharpNOHnoDorsumtongue,CANDIDIASIS,TRAUMATICULCER & BURNING MOUTH SYNDROME,ADVISE SYMPTOMATIC TREATMENT AND FOLLOW UP IS MUST. ,,
UNADRedGNADMarblewhitePiNADSharpNOHnoLip,CANDIDIASIS,TRAUMATICULCER & BURNING MOUTH SYNDROME,ADVISE SYMPTOMATIC TREATMENT AND FOLLOW UP IS MUST. ,,
UNADRedGNADMarblewhitePiNADSharpNOHnoGingiva,CANDIDIASIS,TRAUMATICULCER & BURNING MOUTH SYNDROME,ADVISE SYMPTOMATIC TREATMENT AND FOLLOW UP IS MUST. ,,
UNADRedGNADMarblewhitePiNADSharpNOHnoRetromolararea,CANDIDIASIS,TRAUMATICULCER & BURNING MOUTH SYNDROME,ADVISE SYMPTOMATIC TREATMENT AND FOLLOW UP IS MUST. ,,
UNADWhiteIrregularM1MNADPiNADSharpNOHnoBmucosa,SQUAMOUS PAPILLOMA,TRAUMATICULCER & CARCINOMA IN SITU,ADVISE SYMPTOMATIC TREATMENT. FOLLOW UP IS MUST. REFER TO A SPECIALIST FOR ADVISE ON BIOPSY.,,
UNADWhiteIrregularM1MNADPiNADSharpNOHnoBsulcus,SQUAMOUS PAPILLOMA,TRAUMATICULCER & CARCINOMA IN SITU,ADVISE SYMPTOMATIC TREATMENT. FOLLOW UP IS MUST. REFER TO A SPECIALIST FOR ADVISE ON BIOPSY.,,
UNADWhiteIrregularM1MNADPiNADSharpNOHnoPalate,SQUAMOUS PAPILLOMA,TRAUMATICULCER & CARCINOMA IN SITU,ADVISE SYMPTOMATIC TREATMENT. FOLLOW UP IS MUST. REFER TO A SPECIALIST FOR ADVISE ON BIOPSY.,,
UNADWhiteIrregularM1MNADPiNADSharpNOHnoFloor,SQUAMOUS PAPILLOMA,TRAUMATICULCER & CARCINOMA IN SITU,ADVISE SYMPTOMATIC TREATMENT. FOLLOW UP IS MUST. REFER TO A SPECIALIST FOR ADVISE ON BIOPSY.,,
UNADWhiteIrregularM1MNADPiNADSharpNOHnoLateraltongue,SQUAMOUS PAPILLOMA,TRAUMATICULCER & CARCINOMA IN SITU,ADVISE SYMPTOMATIC TREATMENT. FOLLOW UP IS MUST. REFER TO A SPECIALIST FOR ADVISE ON BIOPSY.,,
UNADWhiteIrregularM1MNADPiNADSharpNOHnoDorsumtongue,SQUAMOUS PAPILLOMA,TRAUMATICULCER & CARCINOMA IN SITU,ADVISE SYMPTOMATIC TREATMENT. FOLLOW UP IS MUST. REFER TO A SPECIALIST FOR ADVISE ON BIOPSY.,,
UNADWhiteIrregularM1MNADPiNADSharpNOHnoLip,SQUAMOUS PAPILLOMA,TRAUMATICULCER & CARCINOMA IN SITU,ADVISE SYMPTOMATIC TREATMENT. FOLLOW UP IS MUST. REFER TO A SPECIALIST FOR ADVISE ON BIOPSY.,,
UNADWhiteIrregularM1MNADPiNADSharpNOHnoGingiva,SQUAMOUS PAPILLOMA,TRAUMATICULCER & CARCINOMA IN SITU,ADVISE SYMPTOMATIC TREATMENT. FOLLOW UP IS MUST. REFER TO A SPECIALIST FOR ADVISE ON BIOPSY.,,
UNADWhiteIrregularM1MNADPiNADSharpNOHnoRetromolararea,SQUAMOUS PAPILLOMA,TRAUMATICULCER & CARCINOMA IN SITU,ADVISE SYMPTOMATIC TREATMENT. FOLLOW UP IS MUST. REFER TO A SPECIALIST FOR ADVISE ON BIOPSY.,,
UNADRedIrregularM1MNADPiNADSharpNOHnoBmucosa,TRAUMATICULCER ,ORAL SQUMAOUS CELL CARCINOMA & CARCINOMA IN SITU,ADVISE SYMPTOMATIC TREATMENT. FOLLOW UP IS MUST. REFER TO A SPECIALIST FOR ADVISE ON BIOPSY.,,
UNADRedIrregularM1MNADPiNADSharpNOHnoBsulcus,TRAUMATICULCER ,ORAL SQUMAOUS CELL CARCINOMA & CARCINOMA IN SITU,ADVISE SYMPTOMATIC TREATMENT. FOLLOW UP IS MUST. REFER TO A SPECIALIST FOR ADVISE ON BIOPSY.,,
UNADRedIrregularM1MNADPiNADSharpNOHnoPalate,TRAUMATICULCER ,ORAL SQUMAOUS CELL CARCINOMA & CARCINOMA IN SITU,ADVISE SYMPTOMATIC TREATMENT. FOLLOW UP IS MUST. REFER TO A SPECIALIST FOR ADVISE ON BIOPSY.,,
UNADRedIrregularM1MNADPiNADSharpNOHnoFloor,TRAUMATICULCER ,ORAL SQUMAOUS CELL CARCINOMA & CARCINOMA IN SITU,ADVISE SYMPTOMATIC TREATMENT. FOLLOW UP IS MUST. REFER TO A SPECIALIST FOR ADVISE ON BIOPSY.,,
UNADRedIrregularM1MNADPiNADSharpNOHnoLateraltongue,TRAUMATICULCER ,ORAL SQUMAOUS CELL CARCINOMA & CARCINOMA IN SITU,ADVISE SYMPTOMATIC TREATMENT. FOLLOW UP IS MUST. REFER TO A SPECIALIST FOR ADVISE ON BIOPSY.,,
UNADRedIrregularM1MNADPiNADSharpNOHnoDorsumtongue,TRAUMATICULCER ,ORAL SQUMAOUS CELL CARCINOMA & CARCINOMA IN SITU,ADVISE SYMPTOMATIC TREATMENT. FOLLOW UP IS MUST. REFER TO A SPECIALIST FOR ADVISE ON BIOPSY.,,
UNADRedIrregularM1MNADPiNADSharpNOHnoLip,TRAUMATICULCER ,ORAL SQUMAOUS CELL CARCINOMA & CARCINOMA IN SITU,ADVISE SYMPTOMATIC TREATMENT. FOLLOW UP IS MUST. REFER TO A SPECIALIST FOR ADVISE ON BIOPSY.,,
UNADRedIrregularM1MNADPiNADSharpNOHnoGingiva,TRAUMATICULCER ,ORAL SQUMAOUS CELL CARCINOMA & CARCINOMA IN SITU,ADVISE SYMPTOMATIC TREATMENT. FOLLOW UP IS MUST. REFER TO A SPECIALIST FOR ADVISE ON BIOPSY.,,
UNADRedIrregularM1MNADPiNADSharpNOHnoRetromolararea,TRAUMATICULCER ,ORAL SQUMAOUS CELL CARCINOMA & CARCINOMA IN SITU,ADVISE SYMPTOMATIC TREATMENT. FOLLOW UP IS MUST. REFER TO A SPECIALIST FOR ADVISE ON BIOPSY.,,
UNADWhiteIrregularL1MNADPiNADSharpNOHnoBmucosa,TRAUMATICULCER ,SQUAMOUS PAPILLOMA & CARCINOMA IN SITU,ADVISE SYMPTOMATIC TREATMENT. FOLLOW UP IS MUST. REFER TO A SPECIALIST FOR ADVISE ON BIOPSY.,,
UNADWhiteIrregularL1MNADPiNADSharpNOHnoBsulcus,TRAUMATICULCER ,SQUAMOUS PAPILLOMA & CARCINOMA IN SITU,ADVISE SYMPTOMATIC TREATMENT. FOLLOW UP IS MUST. REFER TO A SPECIALIST FOR ADVISE ON BIOPSY.,,
UNADWhiteIrregularL1MNADPiNADSharpNOHnoPalate,TRAUMATICULCER ,SQUAMOUS PAPILLOMA & CARCINOMA IN SITU,ADVISE SYMPTOMATIC TREATMENT. FOLLOW UP IS MUST. REFER TO A SPECIALIST FOR ADVISE ON BIOPSY.,,
UNADWhiteIrregularL1MNADPiNADSharpNOHnoFloor,TRAUMATICULCER ,SQUAMOUS PAPILLOMA & CARCINOMA IN SITU,ADVISE SYMPTOMATIC TREATMENT. FOLLOW UP IS MUST. REFER TO A SPECIALIST FOR ADVISE ON BIOPSY.,,
UNADWhiteIrregularL1MNADPiNADSharpNOHnoLateraltongue,TRAUMATICULCER ,SQUAMOUS PAPILLOMA & CARCINOMA IN SITU,ADVISE SYMPTOMATIC TREATMENT. FOLLOW UP IS MUST. REFER TO A SPECIALIST FOR ADVISE ON BIOPSY.,,
UNADWhiteIrregularL1MNADPiNADSharpNOHnoDorsumtongue,TRAUMATICULCER ,SQUAMOUS PAPILLOMA & CARCINOMA IN SITU,ADVISE SYMPTOMATIC TREATMENT. FOLLOW UP IS MUST. REFER TO A SPECIALIST FOR ADVISE ON BIOPSY.,,
UNADWhiteIrregularL1MNADPiNADSharpNOHnoLip,TRAUMATICULCER ,SQUAMOUS PAPILLOMA & CARCINOMA IN SITU,ADVISE SYMPTOMATIC TREATMENT. FOLLOW UP IS MUST. REFER TO A SPECIALIST FOR ADVISE ON BIOPSY.,,
UNADWhiteIrregularL1MNADPiNADSharpNOHnoGingiva,TRAUMATICULCER ,SQUAMOUS PAPILLOMA & CARCINOMA IN SITU,ADVISE SYMPTOMATIC TREATMENT. FOLLOW UP IS MUST. REFER TO A SPECIALIST FOR ADVISE ON BIOPSY.,,
UNADWhiteIrregularL1MNADPiNADSharpNOHnoRetromolararea,TRAUMATICULCER ,SQUAMOUS PAPILLOMA & CARCINOMA IN SITU,ADVISE SYMPTOMATIC TREATMENT. FOLLOW UP IS MUST. REFER TO A SPECIALIST FOR ADVISE ON BIOPSY.,,
UNADRedIrregularL1MNADPiNADSharpNOHnoBmucosa,TRAUMATICULCER ,ORAL SQUAMOUS CELL CARCINOMA & CARCINOMA IN SITU,ADVISE SYMPTOMATIC TREATMENT. FOLLOW UP IS MUST. REFER TO A SPECIALIST FOR ADVISE ON BIOPSY.,,
UNADRedIrregularL1MNADPiNADSharpNOHnoBsulcus,TRAUMATICULCER ,ORAL SQUAMOUS CELL CARCINOMA & CARCINOMA IN SITU,ADVISE SYMPTOMATIC TREATMENT. FOLLOW UP IS MUST. REFER TO A SPECIALIST FOR ADVISE ON BIOPSY.,,
UNADRedIrregularL1MNADPiNADSharpNOHnoPalate,TRAUMATICULCER ,ORAL SQUAMOUS CELL CARCINOMA & CARCINOMA IN SITU,ADVISE SYMPTOMATIC TREATMENT. FOLLOW UP IS MUST. REFER TO A SPECIALIST FOR ADVISE ON BIOPSY.,,
UNADRedIrregularL1MNADPiNADSharpNOHnoFloor,TRAUMATICULCER ,ORAL SQUAMOUS CELL CARCINOMA & CARCINOMA IN SITU,ADVISE SYMPTOMATIC TREATMENT. FOLLOW UP IS MUST. REFER TO A SPECIALIST FOR ADVISE ON BIOPSY.,,
UNADRedIrregularL1MNADPiNADSharpNOHnoLateraltongue,TRAUMATICULCER ,ORAL SQUAMOUS CELL CARCINOMA & CARCINOMA IN SITU,ADVISE SYMPTOMATIC TREATMENT. FOLLOW UP IS MUST. REFER TO A SPECIALIST FOR ADVISE ON BIOPSY.,,
UNADRedIrregularL1MNADPiNADSharpNOHnoDorsumtongue,TRAUMATICULCER ,ORAL SQUAMOUS CELL CARCINOMA & CARCINOMA IN SITU,ADVISE SYMPTOMATIC TREATMENT. FOLLOW UP IS MUST. REFER TO A SPECIALIST FOR ADVISE ON BIOPSY.,,
UNADRedIrregularL1MNADPiNADSharpNOHnoLip,TRAUMATICULCER ,ORAL SQUAMOUS CELL CARCINOMA & CARCINOMA IN SITU,ADVISE SYMPTOMATIC TREATMENT. FOLLOW UP IS MUST. REFER TO A SPECIALIST FOR ADVISE ON BIOPSY.,,
UNADRedIrregularL1MNADPiNADSharpNOHnoGingiva,TRAUMATICULCER ,ORAL SQUAMOUS CELL CARCINOMA & CARCINOMA IN SITU,ADVISE SYMPTOMATIC TREATMENT. FOLLOW UP IS MUST. REFER TO A SPECIALIST FOR ADVISE ON BIOPSY.,,
UNADRedIrregularL1MNADPiNADSharpNOHnoRetromolararea,TRAUMATICULCER ,ORAL SQUAMOUS CELL CARCINOMA & CARCINOMA IN SITU,ADVISE SYMPTOMATIC TREATMENT. FOLLOW UP IS MUST. REFER TO A SPECIALIST FOR ADVISE ON BIOPSY.,,
UNADWhiteGNADMNADPiNADSharpNOHnoBmucosa,TRAUMATICULCER ,FRICTIONAL KERATOSIS & CARCINOMA IN SITU,ADVISE SYMPTOMATIC TREATMENT. FOLLOW UP IS MUST. REFER TO A SPECIALIST FOR ADVISE ON BIOPSY.,,
UNADWhiteGNADMNADPiNADSharpNOHnoBsulcus,TRAUMATICULCER ,FRICTIONAL KERATOSIS & CARCINOMA IN SITU,ADVISE SYMPTOMATIC TREATMENT. FOLLOW UP IS MUST. REFER TO A SPECIALIST FOR ADVISE ON BIOPSY.,,
UNADWhiteGNADMNADPiNADSharpNOHnoPalate,TRAUMATICULCER ,FRICTIONAL KERATOSIS & CARCINOMA IN SITU,ADVISE SYMPTOMATIC TREATMENT. FOLLOW UP IS MUST. REFER TO A SPECIALIST FOR ADVISE ON BIOPSY.,,
UNADWhiteGNADMNADPiNADSharpNOHnoFloor,TRAUMATICULCER ,FRICTIONAL KERATOSIS & CARCINOMA IN SITU,ADVISE SYMPTOMATIC TREATMENT. FOLLOW UP IS MUST. REFER TO A SPECIALIST FOR ADVISE ON BIOPSY.,,
UNADWhiteGNADMNADPiNADSharpNOHnoLateraltongue,TRAUMATICULCER ,FRICTIONAL KERATOSIS & CARCINOMA IN SITU,ADVISE SYMPTOMATIC TREATMENT. FOLLOW UP IS MUST. REFER TO A SPECIALIST FOR ADVISE ON BIOPSY.,,
UNADWhiteGNADMNADPiNADSharpNOHnoDorsumtongue,TRAUMATICULCER ,FRICTIONAL KERATOSIS & CARCINOMA IN SITU,ADVISE SYMPTOMATIC TREATMENT. FOLLOW UP IS MUST. REFER TO A SPECIALIST FOR ADVISE ON BIOPSY.,,
UNADWhiteGNADMNADPiNADSharpNOHnoLip,TRAUMATICULCER ,FRICTIONAL KERATOSIS & CARCINOMA IN SITU,ADVISE SYMPTOMATIC TREATMENT. FOLLOW UP IS MUST. REFER TO A SPECIALIST FOR ADVISE ON BIOPSY.,,
UNADWhiteGNADMNADPiNADSharpNOHnoGingiva,TRAUMATICULCER ,FRICTIONAL KERATOSIS & CARCINOMA IN SITU,ADVISE SYMPTOMATIC TREATMENT. FOLLOW UP IS MUST. REFER TO A SPECIALIST FOR ADVISE ON BIOPSY.,,
UNADWhiteGNADMNADPiNADSharpNOHnoRetromolararea,TRAUMATICULCER ,FRICTIONAL KERATOSIS & CARCINOMA IN SITU,ADVISE SYMPTOMATIC TREATMENT. FOLLOW UP IS MUST. REFER TO A SPECIALIST FOR ADVISE ON BIOPSY.,,
UNADRedGNADMNADPiNADSharpNOHnoBmucosa,CANDIDIASIS,TRAUMATICULCER & SPECKLED LEUKOPLAKIA,ADVISE SYMPTOMATIC TREATMENT. FOLLOW UP IS MUST. REFER TO A SPECIALIST FOR ADVISE ON BIOPSY.,,
UNADRedGNADMNADPiNADSharpNOHnoBsulcus,CANDIDIASIS,TRAUMATICULCER & SPECKLED LEUKOPLAKIA,ADVISE SYMPTOMATIC TREATMENT. FOLLOW UP IS MUST. REFER TO A SPECIALIST FOR ADVISE ON BIOPSY.,,
UNADRedGNADMNADPiNADSharpNOHnoPalate,CANDIDIASIS,TRAUMATICULCER & SPECKLED LEUKOPLAKIA,ADVISE SYMPTOMATIC TREATMENT. FOLLOW UP IS MUST. REFER TO A SPECIALIST FOR ADVISE ON BIOPSY.,,
UNADRedGNADMNADPiNADSharpNOHnoFloor,CANDIDIASIS,TRAUMATICULCER & SPECKLED LEUKOPLAKIA,ADVISE SYMPTOMATIC TREATMENT. FOLLOW UP IS MUST. REFER TO A SPECIALIST FOR ADVISE ON BIOPSY.,,
UNADRedGNADMNADPiNADSharpNOHnoLateraltongue,CANDIDIASIS,TRAUMATICULCER & SPECKLED LEUKOPLAKIA,ADVISE SYMPTOMATIC TREATMENT. FOLLOW UP IS MUST. REFER TO A SPECIALIST FOR ADVISE ON BIOPSY.,,
UNADRedGNADMNADPiNADSharpNOHnoDorsumtongue,CANDIDIASIS,TRAUMATICULCER & SPECKLED LEUKOPLAKIA,ADVISE SYMPTOMATIC TREATMENT. FOLLOW UP IS MUST. REFER TO A SPECIALIST FOR ADVISE ON BIOPSY.,,
UNADRedGNADMNADPiNADSharpNOHnoLip,CANDIDIASIS,TRAUMATICULCER & SPECKLED LEUKOPLAKIA,ADVISE SYMPTOMATIC TREATMENT. FOLLOW UP IS MUST. REFER TO A SPECIALIST FOR ADVISE ON BIOPSY.,,
UNADRedGNADMNADPiNADSharpNOHnoGingiva,CANDIDIASIS,TRAUMATICULCER & SPECKLED LEUKOPLAKIA,ADVISE SYMPTOMATIC TREATMENT. FOLLOW UP IS MUST. REFER TO A SPECIALIST FOR ADVISE ON BIOPSY.,,
UNADRedGNADMNADPiNADSharpNOHnoRetromolararea,CANDIDIASIS,TRAUMATICULCER & SPECKLED LEUKOPLAKIA,ADVISE SYMPTOMATIC TREATMENT. FOLLOW UP IS MUST. REFER TO A SPECIALIST FOR ADVISE ON BIOPSY.,,
40,,,,,
IrregularL1whiteRoundMNADPiNADSNOYesHyesBmucosa,TRAUMATICULCER ,FIBROEPITHELIAL POLYP & CARCINOMA IN  SITU,ADVISE SYMPTOMATIC TREATMENT AND TO STOP THE HABIT. FOLLOW UP IS MUST. REFER TO A SPECIALIST FOR ADVISE ON BIOPSY.,,
IrregularL1whiteRoundMNADDarkSNOYesHyesBmucosa,TRAUMATICULCER ,FIBROEPITHELIAL POLYP & CARCINOMA IN  SITU,ADVISE SYMPTOMATIC TREATMENT AND TO STOP THE HABIT. FOLLOW UP IS MUST. REFER TO A SPECIALIST FOR ADVISE ON BIOPSY.,,
IrregularL1RedRoundMNADPiNADSNOYesHyesBmucosa,SPECKLED LEUKOPLAKIA,TRAUMATICULCER & CARCINOMA IN SITU,ADVISE SYMPTOMATIC TREATMENT AND TO STOP THE HABIT. FOLLOW UP IS MUST. REFER TO A SPECIALIST FOR ADVISE ON BIOPSY.,,
IrregularL1RedRoundMNADDarkSNOYesHyesBmucosa,SPECKLED LEUKOPLAKIA,TRAUMATICULCER & CARCINOMA IN SITU,ADVISE SYMPTOMATIC TREATMENT AND TO STOP THE HABIT. FOLLOW UP IS MUST. REFER TO A SPECIALIST FOR ADVISE ON BIOPSY.,,
UNADWhiteRoundMNADPiNADSNOYesHyesBmucosa,ORAL LEUKOPLAKIA,FRICTIONAL KERATOSIS & CARCINOMA IN SITU,ADVISE SYMPTOMATIC TREATMENT AND TO STOP THE HABIT. FOLLOW UP IS MUST. REFER TO A SPECIALIST FOR ADVISE ON BIOPSY.,,
UNADWhiteRoundMNADDarkSNOYesHyesBmucosa,ORAL LEUKOPLAKIA,FRICTIONAL KERATOSIS & CARCINOMA IN SITU,ADVISE SYMPTOMATIC TREATMENT AND TO STOP THE HABIT. FOLLOW UP IS MUST. REFER TO A SPECIALIST FOR ADVISE ON BIOPSY.,,
UNADRedRoundMNADPiNADSNOYesHyesBmucosa,SPECKLED LEUKOPLAKIA,FRICTIONAL KERATOSIS & CARCINOMA IN SITU,ADVISE SYMPTOMATIC TREATMENT AND TO STOP THE HABIT. FOLLOW UP IS MUST. REFER TO A SPECIALIST FOR ADVISE ON BIOPSY.,,
UNADRedRoundMNADDarkSNOYesHyesBmucosa,SPECKLED LEUKOPLAKIA,FRICTIONAL KERATOSIS & CARCINOMA IN SITU,ADVISE SYMPTOMATIC TREATMENT AND TO STOP THE HABIT. FOLLOW UP IS MUST. REFER TO A SPECIALIST FOR ADVISE ON BIOPSY.,,
IrregularL1whiteRoundMNADPiNADSNONOHYesBmucosa,TRAUMATICULCER ,FIBROEPITHELIAL POLYP & CARCINOMA IN  SITU,ADVISE SYMPTOMATIC TREATMENT AND TO STOP THE HABIT. FOLLOW UP IS MUST. REFER TO A SPECIALIST FOR ADVISE ON BIOPSY.,,
IrregularL1whiteRoundMNADDarkSNONOHYesBmucosa,TRAUMATICULCER ,FIBROEPITHELIAL POLYP & CARCINOMA IN  SITU,ADVISE SYMPTOMATIC TREATMENT AND TO STOP THE HABIT. FOLLOW UP IS MUST. REFER TO A SPECIALIST FOR ADVISE ON BIOPSY.,,
IrregularL1RedRoundMNADPiNADSNONOHYesBmucosa,SPECKLED LEUKOPLAKIA,TRAUMATICULCER & CARCINOMA IN SITU,ADVISE SYMPTOMATIC TREATMENT AND TO STOP THE HABIT. FOLLOW UP IS MUST. REFER TO A SPECIALIST FOR ADVISE ON BIOPSY.,,
IrregularL1RedRoundMNADDarkSNONOHYesBmucosa,SPECKLED LEUKOPLAKIA,TRAUMATICULCER & CARCINOMA IN SITU,ADVISE SYMPTOMATIC TREATMENT AND TO STOP THE HABIT. FOLLOW UP IS MUST. REFER TO A SPECIALIST FOR ADVISE ON BIOPSY.,,
UNADWhiteRoundMNADPiNADSNONOHYesBmucosa,ORAL LEUKOPLAKIA,FRICTIONAL KERATOSIS & CARCINOMA IN SITU,ADVISE SYMPTOMATIC TREATMENT AND TO STOP THE HABIT. FOLLOW UP IS MUST. REFER TO A SPECIALIST FOR ADVISE ON BIOPSY.,,
UNADWhiteRoundMNADDarkSNONOHYesBmucosa,ORAL LEUKOPLAKIA,FRICTIONAL KERATOSIS & CARCINOMA IN SITU,ADVISE SYMPTOMATIC TREATMENT AND TO STOP THE HABIT. FOLLOW UP IS MUST. REFER TO A SPECIALIST FOR ADVISE ON BIOPSY.,,
UNADRedRoundMNADPiNADSNONOHYesBmucosa,SPECKLED LEUKOPLAKIA,FRICTIONAL KERATOSIS & CARCINOMA IN SITU,ADVISE SYMPTOMATIC TREATMENT AND TO STOP THE HABIT. FOLLOW UP IS MUST. REFER TO A SPECIALIST FOR ADVISE ON BIOPSY.,,
UNADRedRoundMNADDarkSNONOHYesBmucosa,SPECKLED LEUKOPLAKIA,FRICTIONAL KERATOSIS & CARCINOMA IN SITU,ADVISE SYMPTOMATIC TREATMENT AND TO STOP THE HABIT. FOLLOW UP IS MUST. REFER TO A SPECIALIST FOR ADVISE ON BIOPSY.,,
41,,,,,
IrregularM1M2RedRoundMarblewhitePiNADSharpYes MouthHyesBmucosa,SPECKLED LEUKOPLAKIA,OSMF & CARCINOMA IN SITU,ADVISE SYMPTOMATIC TREATMENT AND TO STOP THE HABIT. FOLLOW UP IS MUST. REFER TO A SPECIALIST FOR ADVISE ON BIOPSY.,,
IrregularM1M2RedRoundMarblewhitePiNADSharpYes MouthHyesBsulcus,SPECKLED LEUKOPLAKIA,OSMF & CARCINOMA IN SITU,ADVISE SYMPTOMATIC TREATMENT AND TO STOP THE HABIT. FOLLOW UP IS MUST. REFER TO A SPECIALIST FOR ADVISE ON BIOPSY.,,
IrregularM1M2RedRoundMarblewhitePiNADSharpYes MouthHyesPalate,SPECKLED LEUKOPLAKIA,OSMF & CARCINOMA IN SITU,ADVISE SYMPTOMATIC TREATMENT AND TO STOP THE HABIT. FOLLOW UP IS MUST. REFER TO A SPECIALIST FOR ADVISE ON BIOPSY.,,
IrregularM1M2RedRoundMarblewhitePiNADSharpYes MouthHyesFloor,SPECKLED LEUKOPLAKIA,OSMF & CARCINOMA IN SITU,ADVISE SYMPTOMATIC TREATMENT AND TO STOP THE HABIT. FOLLOW UP IS MUST. REFER TO A SPECIALIST FOR ADVISE ON BIOPSY.,,
IrregularM1M2RedRoundMarblewhitePiNADSharpYes MouthHyesLateraltongue,SPECKLED LEUKOPLAKIA,OSMF & CARCINOMA IN SITU,ADVISE SYMPTOMATIC TREATMENT AND TO STOP THE HABIT. FOLLOW UP IS MUST. REFER TO A SPECIALIST FOR ADVISE ON BIOPSY.,,
IrregularM1M2RedRoundMarblewhitePiNADSharpYes MouthHyesDorsumtongue,SPECKLED LEUKOPLAKIA,OSMF & CARCINOMA IN SITU,ADVISE SYMPTOMATIC TREATMENT AND TO STOP THE HABIT. FOLLOW UP IS MUST. REFER TO A SPECIALIST FOR ADVISE ON BIOPSY.,,
IrregularM1M2RedRoundMarblewhitePiNADSharpYes MouthHyesLip,SPECKLED LEUKOPLAKIA,OSMF & CARCINOMA IN SITU,ADVISE SYMPTOMATIC TREATMENT AND TO STOP THE HABIT. FOLLOW UP IS MUST. REFER TO A SPECIALIST FOR ADVISE ON BIOPSY.,,
IrregularM1M2RedRoundMarblewhitePiNADSharpYes MouthHyesGingiva,SPECKLED LEUKOPLAKIA,OSMF & CARCINOMA IN SITU,ADVISE SYMPTOMATIC TREATMENT AND TO STOP THE HABIT. FOLLOW UP IS MUST. REFER TO A SPECIALIST FOR ADVISE ON BIOPSY.,,
IrregularM1M2RedRoundMarblewhitePiNADSharpYes MouthHyesRetromolararea,SPECKLED LEUKOPLAKIA,OSMF & CARCINOMA IN SITU,ADVISE SYMPTOMATIC TREATMENT AND TO STOP THE HABIT. FOLLOW UP IS MUST. REFER TO A SPECIALIST FOR ADVISE ON BIOPSY.,,
IrregularM1M2WhiteRoundMarblewhitePiNADSharpYes MouthHyesBmucosa,TRAUMATICULCER ,OSMF & CARCINOMA IN SITU,ADVISE SYMPTOMATIC TREATMENT AND TO STOP THE HABIT. FOLLOW UP IS MUST. REFER TO A SPECIALIST FOR ADVISE ON BIOPSY.,,
IrregularM1M2WhiteRoundMarblewhitePiNADSharpYes MouthHyesBsulcus,TRAUMATICULCER ,OSMF & CARCINOMA IN SITU,ADVISE SYMPTOMATIC TREATMENT AND TO STOP THE HABIT. FOLLOW UP IS MUST. REFER TO A SPECIALIST FOR ADVISE ON BIOPSY.,,
IrregularM1M2WhiteRoundMarblewhitePiNADSharpYes MouthHyesPalate,TRAUMATICULCER ,OSMF & CARCINOMA IN SITU,ADVISE SYMPTOMATIC TREATMENT AND TO STOP THE HABIT. FOLLOW UP IS MUST. REFER TO A SPECIALIST FOR ADVISE ON BIOPSY.,,
IrregularM1M2WhiteRoundMarblewhitePiNADSharpYes MouthHyesFloor,TRAUMATICULCER ,OSMF & CARCINOMA IN SITU,ADVISE SYMPTOMATIC TREATMENT AND TO STOP THE HABIT. FOLLOW UP IS MUST. REFER TO A SPECIALIST FOR ADVISE ON BIOPSY.,,
IrregularM1M2WhiteRoundMarblewhitePiNADSharpYes MouthHyesLateraltongue,TRAUMATICULCER ,OSMF & CARCINOMA IN SITU,ADVISE SYMPTOMATIC TREATMENT AND TO STOP THE HABIT. FOLLOW UP IS MUST. REFER TO A SPECIALIST FOR ADVISE ON BIOPSY.,,
IrregularM1M2WhiteRoundMarblewhitePiNADSharpYes MouthHyesDorsumtongue,TRAUMATICULCER ,OSMF & CARCINOMA IN SITU,ADVISE SYMPTOMATIC TREATMENT AND TO STOP THE HABIT. FOLLOW UP IS MUST. REFER TO A SPECIALIST FOR ADVISE ON BIOPSY.,,
IrregularM1M2WhiteRoundMarblewhitePiNADSharpYes MouthHyesLip,TRAUMATICULCER ,OSMF & CARCINOMA IN SITU,ADVISE SYMPTOMATIC TREATMENT AND TO STOP THE HABIT. FOLLOW UP IS MUST. REFER TO A SPECIALIST FOR ADVISE ON BIOPSY.,,
IrregularM1M2WhiteRoundMarblewhitePiNADSharpYes MouthHyesGingiva,TRAUMATICULCER ,OSMF & CARCINOMA IN SITU,ADVISE SYMPTOMATIC TREATMENT AND TO STOP THE HABIT. FOLLOW UP IS MUST. REFER TO A SPECIALIST FOR ADVISE ON BIOPSY.,,
IrregularM1M2WhiteRoundMarblewhitePiNADSharpYes MouthHyesRetromolararea,TRAUMATICULCER ,OSMF & CARCINOMA IN SITU,ADVISE SYMPTOMATIC TREATMENT AND TO STOP THE HABIT. FOLLOW UP IS MUST. REFER TO A SPECIALIST FOR ADVISE ON BIOPSY.,,
IrregularM1M2PNADRoundMarblewhitePiNADSharpYes MouthHyesBmucosa,TRAUMATICULCER ,OSMF & CARCINOMA IN SITU,ADVISE SYMPTOMATIC TREATMENT AND TO STOP THE HABIT. FOLLOW UP IS MUST. REFER TO A SPECIALIST FOR ADVISE ON BIOPSY.,,
IrregularM1M2PNADRoundMarblewhitePiNADSharpYes MouthHyesBsulcus,TRAUMATICULCER ,OSMF & CARCINOMA IN SITU,ADVISE SYMPTOMATIC TREATMENT AND TO STOP THE HABIT. FOLLOW UP IS MUST. REFER TO A SPECIALIST FOR ADVISE ON BIOPSY.,,
IrregularM1M2PNADRoundMarblewhitePiNADSharpYes MouthHyesPalate,TRAUMATICULCER ,OSMF & CARCINOMA IN SITU,ADVISE SYMPTOMATIC TREATMENT AND TO STOP THE HABIT. FOLLOW UP IS MUST. REFER TO A SPECIALIST FOR ADVISE ON BIOPSY.,,
IrregularM1M2PNADRoundMarblewhitePiNADSharpYes MouthHyesFloor,TRAUMATICULCER ,OSMF & CARCINOMA IN SITU,ADVISE SYMPTOMATIC TREATMENT AND TO STOP THE HABIT. FOLLOW UP IS MUST. REFER TO A SPECIALIST FOR ADVISE ON BIOPSY.,,
IrregularM1M2PNADRoundMarblewhitePiNADSharpYes MouthHyesLateraltongue,TRAUMATICULCER ,OSMF & CARCINOMA IN SITU,ADVISE SYMPTOMATIC TREATMENT AND TO STOP THE HABIT. FOLLOW UP IS MUST. REFER TO A SPECIALIST FOR ADVISE ON BIOPSY.,,
IrregularM1M2PNADRoundMarblewhitePiNADSharpYes MouthHyesDorsumtongue,TRAUMATICULCER ,OSMF & CARCINOMA IN SITU,ADVISE SYMPTOMATIC TREATMENT AND TO STOP THE HABIT. FOLLOW UP IS MUST. REFER TO A SPECIALIST FOR ADVISE ON BIOPSY.,,
IrregularM1M2PNADRoundMarblewhitePiNADSharpYes MouthHyesLip,TRAUMATICULCER ,OSMF & CARCINOMA IN SITU,ADVISE SYMPTOMATIC TREATMENT AND TO STOP THE HABIT. FOLLOW UP IS MUST. REFER TO A SPECIALIST FOR ADVISE ON BIOPSY.,,
IrregularM1M2PNADRoundMarblewhitePiNADSharpYes MouthHyesGingiva,TRAUMATICULCER ,OSMF & CARCINOMA IN SITU,ADVISE SYMPTOMATIC TREATMENT AND TO STOP THE HABIT. FOLLOW UP IS MUST. REFER TO A SPECIALIST FOR ADVISE ON BIOPSY.,,
IrregularM1M2PNADRoundMarblewhitePiNADSharpYes MouthHyesRetromolararea,TRAUMATICULCER ,OSMF & CARCINOMA IN SITU,ADVISE SYMPTOMATIC TREATMENT AND TO STOP THE HABIT. FOLLOW UP IS MUST. REFER TO A SPECIALIST FOR ADVISE ON BIOPSY.,,
IrregularM1M2RedRoundMNADPiNADSharpYes MouthHyesBmucosa,SPECKLED LEUKOPLAKIA,TRAUMATICULCER & CARCINOMA IN SITU,ADVISE SYMPTOMATIC TREATMENT AND TO STOP THE HABIT. FOLLOW UP IS MUST. REFER TO A SPECIALIST FOR ADVISE ON BIOPSY.,,
IrregularM1M2RedRoundMNADPiNADSharpYes MouthHyesBsulcus,SPECKLED LEUKOPLAKIA,TRAUMATICULCER & CARCINOMA IN SITU,ADVISE SYMPTOMATIC TREATMENT AND TO STOP THE HABIT. FOLLOW UP IS MUST. REFER TO A SPECIALIST FOR ADVISE ON BIOPSY.,,
IrregularM1M2RedRoundMNADPiNADSharpYes MouthHyesPalate,SPECKLED LEUKOPLAKIA,TRAUMATICULCER & CARCINOMA IN SITU,ADVISE SYMPTOMATIC TREATMENT AND TO STOP THE HABIT. FOLLOW UP IS MUST. REFER TO A SPECIALIST FOR ADVISE ON BIOPSY.,,
IrregularM1M2RedRoundMNADPiNADSharpYes MouthHyesFloor,SPECKLED LEUKOPLAKIA,TRAUMATICULCER & CARCINOMA IN SITU,ADVISE SYMPTOMATIC TREATMENT AND TO STOP THE HABIT. FOLLOW UP IS MUST. REFER TO A SPECIALIST FOR ADVISE ON BIOPSY.,,
IrregularM1M2WhiteRoundMNADPiNADSharpYes MouthHyesLateraltongue,SPECKLED LEUKOPLAKIA,TRAUMATICULCER & CARCINOMA IN SITU,ADVISE SYMPTOMATIC TREATMENT AND TO STOP THE HABIT. FOLLOW UP IS MUST. REFER TO A SPECIALIST FOR ADVISE ON BIOPSY.,,
IrregularM1M2RedRoundMNADPiNADSharpYes MouthHyesDorsumtongue,SPECKLED LEUKOPLAKIA,TRAUMATICULCER & CARCINOMA IN SITU,ADVISE SYMPTOMATIC TREATMENT AND TO STOP THE HABIT. FOLLOW UP IS MUST. REFER TO A SPECIALIST FOR ADVISE ON BIOPSY.,,
IrregularM1M2RedRoundMNADPiNADSharpYes MouthHyesLip,SPECKLED LEUKOPLAKIA,TRAUMATICULCER & CARCINOMA IN SITU,ADVISE SYMPTOMATIC TREATMENT AND TO STOP THE HABIT. FOLLOW UP IS MUST. REFER TO A SPECIALIST FOR ADVISE ON BIOPSY.,,
IrregularM1M2RedRoundMNADPiNADSharpYes MouthHyesGingiva,SPECKLED LEUKOPLAKIA,TRAUMATICULCER & CARCINOMA IN SITU,ADVISE SYMPTOMATIC TREATMENT AND TO STOP THE HABIT. FOLLOW UP IS MUST. REFER TO A SPECIALIST FOR ADVISE ON BIOPSY.,,
IrregularM1M2RedRoundMNADPiNADSharpYes MouthHyesRetromolararea,SPECKLED LEUKOPLAKIA,TRAUMATICULCER & CARCINOMA IN SITU,ADVISE SYMPTOMATIC TREATMENT AND TO STOP THE HABIT. FOLLOW UP IS MUST. REFER TO A SPECIALIST FOR ADVISE ON BIOPSY.,,
IrregularM1M2WhiteRoundMNADPiNADSharpYes MouthHyesBmucosa,TRAUMATICULCER ,ORAL SQUAMOUS CELL CARCINOMA & CARCINOMA IN SITU,ADVISE SYMPTOMATIC TREATMENT AND TO STOP THE HABIT. FOLLOW UP IS MUST. REFER TO A SPECIALIST FOR ADVISE ON BIOPSY.,,
IrregularM1M2WhiteRoundMNADPiNADSharpYes MouthHyesBsulcus,TRAUMATICULCER ,ORAL SQUAMOUS CELL CARCINOMA & CARCINOMA IN SITU,ADVISE SYMPTOMATIC TREATMENT AND TO STOP THE HABIT. FOLLOW UP IS MUST. REFER TO A SPECIALIST FOR ADVISE ON BIOPSY.,,
IrregularM1M2WhiteRoundMNADPiNADSharpYes MouthHyesPalate,TRAUMATICULCER ,ORAL SQUAMOUS CELL CARCINOMA & CARCINOMA IN SITU,ADVISE SYMPTOMATIC TREATMENT AND TO STOP THE HABIT. FOLLOW UP IS MUST. REFER TO A SPECIALIST FOR ADVISE ON BIOPSY.,,
IrregularM1M2WhiteRoundMNADPiNADSharpYes MouthHyesFloor,TRAUMATICULCER ,ORAL SQUAMOUS CELL CARCINOMA & CARCINOMA IN SITU,ADVISE SYMPTOMATIC TREATMENT AND TO STOP THE HABIT. FOLLOW UP IS MUST. REFER TO A SPECIALIST FOR ADVISE ON BIOPSY.,,
IrregularM1M2WhiteRoundMNADPiNADSharpYes MouthHyesLateraltongue,TRAUMATICULCER ,ORAL SQUAMOUS CELL CARCINOMA & CARCINOMA IN SITU,ADVISE SYMPTOMATIC TREATMENT AND TO STOP THE HABIT. FOLLOW UP IS MUST. REFER TO A SPECIALIST FOR ADVISE ON BIOPSY.,,
IrregularM1M2WhiteRoundMNADPiNADSharpYes MouthHyesDorsumtongue,TRAUMATICULCER ,ORAL SQUAMOUS CELL CARCINOMA & CARCINOMA IN SITU,ADVISE SYMPTOMATIC TREATMENT AND TO STOP THE HABIT. FOLLOW UP IS MUST. REFER TO A SPECIALIST FOR ADVISE ON BIOPSY.,,
IrregularM1M2WhiteRoundMNADPiNADSharpYes MouthHyesLip,TRAUMATICULCER ,ORAL SQUAMOUS CELL CARCINOMA & CARCINOMA IN SITU,ADVISE SYMPTOMATIC TREATMENT AND TO STOP THE HABIT. FOLLOW UP IS MUST. REFER TO A SPECIALIST FOR ADVISE ON BIOPSY.,,
IrregularM1M2WhiteRoundMNADPiNADSharpYes MouthHyesGingiva,TRAUMATICULCER ,ORAL SQUAMOUS CELL CARCINOMA & CARCINOMA IN SITU,ADVISE SYMPTOMATIC TREATMENT AND TO STOP THE HABIT. FOLLOW UP IS MUST. REFER TO A SPECIALIST FOR ADVISE ON BIOPSY.,,
IrregularM1M2WhiteRoundMNADPiNADSharpYes MouthHyesRetromolararea,TRAUMATICULCER ,ORAL SQUAMOUS CELL CARCINOMA & CARCINOMA IN SITU,ADVISE SYMPTOMATIC TREATMENT AND TO STOP THE HABIT. FOLLOW UP IS MUST. REFER TO A SPECIALIST FOR ADVISE ON BIOPSY.,,
IrregularM1M2PNADRoundMNADPiNADSharpYes MouthHyesBmucosa,TRAUMATICULCER ,FIBROEPITHELIAL POLYP & CARCINOMA IN  SITU,ADVISE SYMPTOMATIC TREATMENT AND TO STOP THE HABIT. FOLLOW UP IS MUST. REFER TO A SPECIALIST FOR ADVISE ON BIOPSY.,,
IrregularM1M2PNADRoundMNADPiNADSharpYes MouthHyesBsulcus,TRAUMATICULCER ,FIBROEPITHELIAL POLYP & CARCINOMA IN  SITU,ADVISE SYMPTOMATIC TREATMENT AND TO STOP THE HABIT. FOLLOW UP IS MUST. REFER TO A SPECIALIST FOR ADVISE ON BIOPSY.,,
IrregularM1M2PNADRoundMNADPiNADSharpYes MouthHyesPalate,TRAUMATICULCER ,FIBROEPITHELIAL POLYP & CARCINOMA IN  SITU,ADVISE SYMPTOMATIC TREATMENT AND TO STOP THE HABIT. FOLLOW UP IS MUST. REFER TO A SPECIALIST FOR ADVISE ON BIOPSY.,,
IrregularM1M2PNADRoundMNADPiNADSharpYes MouthHyesFloor,TRAUMATICULCER ,FIBROEPITHELIAL POLYP & CARCINOMA IN  SITU,ADVISE SYMPTOMATIC TREATMENT AND TO STOP THE HABIT. FOLLOW UP IS MUST. REFER TO A SPECIALIST FOR ADVISE ON BIOPSY.,,
IrregularM1M2PNADRoundMNADPiNADSharpYes MouthHyesLateraltongue,TRAUMATICULCER ,FIBROEPITHELIAL POLYP & CARCINOMA IN  SITU,ADVISE SYMPTOMATIC TREATMENT AND TO STOP THE HABIT. FOLLOW UP IS MUST. REFER TO A SPECIALIST FOR ADVISE ON BIOPSY.,,
IrregularM1M2PNADRoundMNADPiNADSharpYes MouthHyesDorsumtongue,TRAUMATICULCER ,FIBROEPITHELIAL POLYP & CARCINOMA IN  SITU,ADVISE SYMPTOMATIC TREATMENT AND TO STOP THE HABIT. FOLLOW UP IS MUST. REFER TO A SPECIALIST FOR ADVISE ON BIOPSY.,,
IrregularM1M2PNADRoundMNADPiNADSharpYes MouthHyesLip,TRAUMATICULCER ,FIBROEPITHELIAL POLYP & CARCINOMA IN  SITU,ADVISE SYMPTOMATIC TREATMENT AND TO STOP THE HABIT. FOLLOW UP IS MUST. REFER TO A SPECIALIST FOR ADVISE ON BIOPSY.,,
IrregularM1M2PNADRoundMNADPiNADSharpYes MouthHyesGingiva,TRAUMATICULCER ,FIBROEPITHELIAL POLYP & CARCINOMA IN  SITU,ADVISE SYMPTOMATIC TREATMENT AND TO STOP THE HABIT. FOLLOW UP IS MUST. REFER TO A SPECIALIST FOR ADVISE ON BIOPSY.,,
IrregularM1M2PNADRoundMNADPiNADSharpYes MouthHyesRetromolararea,TRAUMATICULCER ,FIBROEPITHELIAL POLYP & CARCINOMA IN  SITU,ADVISE SYMPTOMATIC TREATMENT AND TO STOP THE HABIT. FOLLOW UP IS MUST. REFER TO A SPECIALIST FOR ADVISE ON BIOPSY.,,
IrregularM1M2RedRoundMarblewhitePiNADSNOYes MouthHnoBmucosa,TRAUMATICULCER ,BURNING MOUTH SYNDROME & CARCINOMA IN SITU,ADVISE SYMPTOMATIC TREATMENT. FOLLOW UP IS MUST. REFER TO A SPECIALIST FOR ADVISE ON BIOPSY.,,
IrregularM1M2RedRoundMarblewhitePiNADSNOYes MouthHnoBsulcus,TRAUMATICULCER ,BURNING MOUTH SYNDROME & CARCINOMA IN SITU,ADVISE SYMPTOMATIC TREATMENT. FOLLOW UP IS MUST. REFER TO A SPECIALIST FOR ADVISE ON BIOPSY.,,
IrregularM1M2RedRoundMarblewhitePiNADSNOYes MouthHnoPalate,TRAUMATICULCER ,BURNING MOUTH SYNDROME & CARCINOMA IN SITU,ADVISE SYMPTOMATIC TREATMENT. FOLLOW UP IS MUST. REFER TO A SPECIALIST FOR ADVISE ON BIOPSY.,,
IrregularM1M2RedRoundMarblewhitePiNADSNOYes MouthHnoFloor,TRAUMATICULCER ,BURNING MOUTH SYNDROME & CARCINOMA IN SITU,ADVISE SYMPTOMATIC TREATMENT. FOLLOW UP IS MUST. REFER TO A SPECIALIST FOR ADVISE ON BIOPSY.,,
IrregularM1M2WhiteRoundMarblewhitePiNADSNOYes MouthHnoLateraltongue,TRAUMATICULCER ,BURNING MOUTH SYNDROME & CARCINOMA IN SITU,ADVISE SYMPTOMATIC TREATMENT. FOLLOW UP IS MUST. REFER TO A SPECIALIST FOR ADVISE ON BIOPSY.,,
IrregularM1M2RedRoundMarblewhitePiNADSNOYes MouthHnoDorsumtongue,TRAUMATICULCER ,BURNING MOUTH SYNDROME & CARCINOMA IN SITU,ADVISE SYMPTOMATIC TREATMENT. FOLLOW UP IS MUST. REFER TO A SPECIALIST FOR ADVISE ON BIOPSY.,,
IrregularM1M2RedRoundMarblewhitePiNADSNOYes MouthHnoLip,TRAUMATICULCER ,BURNING MOUTH SYNDROME & CARCINOMA IN SITU,ADVISE SYMPTOMATIC TREATMENT. FOLLOW UP IS MUST. REFER TO A SPECIALIST FOR ADVISE ON BIOPSY.,,
IrregularM1M2RedRoundMarblewhitePiNADSNOYes MouthHnoGingiva,TRAUMATICULCER ,BURNING MOUTH SYNDROME & CARCINOMA IN SITU,ADVISE SYMPTOMATIC TREATMENT. FOLLOW UP IS MUST. REFER TO A SPECIALIST FOR ADVISE ON BIOPSY.,,
IrregularM1M2RedRoundMarblewhitePiNADSNOYes MouthHnoRetromolararea,TRAUMATICULCER ,BURNING MOUTH SYNDROME & CARCINOMA IN SITU,ADVISE SYMPTOMATIC TREATMENT. FOLLOW UP IS MUST. REFER TO A SPECIALIST FOR ADVISE ON BIOPSY.,,
IrregularM1M2WhiteRoundMarblewhitePiNADSNOYes MouthHnoBmucosa,TRAUMATICULCER ,CANDIDIASIS & FIBROEPITHELIAL POLYP,ADVISE SYMPTOMATIC TREATMENT. FOLLOW UP IS MUST. REFER TO A SPECIALIST FOR ADVISE ON BIOPSY.,,
IrregularM1M2WhiteRoundMarblewhitePiNADSNOYes MouthHnoBsulcus,TRAUMATICULCER ,CANDIDIASIS & FIBROEPITHELIAL POLYP,ADVISE SYMPTOMATIC TREATMENT. FOLLOW UP IS MUST. REFER TO A SPECIALIST FOR ADVISE ON BIOPSY.,,
IrregularM1M2WhiteRoundMarblewhitePiNADSNOYes MouthHnoPalate,TRAUMATICULCER ,CANDIDIASIS & FIBROEPITHELIAL POLYP,ADVISE SYMPTOMATIC TREATMENT. FOLLOW UP IS MUST. REFER TO A SPECIALIST FOR ADVISE ON BIOPSY.,,
IrregularM1M2WhiteRoundMarblewhitePiNADSNOYes MouthHnoFloor,TRAUMATICULCER ,CANDIDIASIS & FIBROEPITHELIAL POLYP,ADVISE SYMPTOMATIC TREATMENT. FOLLOW UP IS MUST. REFER TO A SPECIALIST FOR ADVISE ON BIOPSY.,,
IrregularM1M2WhiteRoundMarblewhitePiNADSNOYes MouthHnoLateraltongue,TRAUMATICULCER ,CANDIDIASIS & FIBROEPITHELIAL POLYP,ADVISE SYMPTOMATIC TREATMENT. FOLLOW UP IS MUST. REFER TO A SPECIALIST FOR ADVISE ON BIOPSY.,,
IrregularM1M2WhiteRoundMarblewhitePiNADSNOYes MouthHnoDorsumtongue,TRAUMATICULCER ,CANDIDIASIS & FIBROEPITHELIAL POLYP,ADVISE SYMPTOMATIC TREATMENT. FOLLOW UP IS MUST. REFER TO A SPECIALIST FOR ADVISE ON BIOPSY.,,
IrregularM1M2WhiteRoundMarblewhitePiNADSNOYes MouthHnoLip,TRAUMATICULCER ,CANDIDIASIS & FIBROEPITHELIAL POLYP,ADVISE SYMPTOMATIC TREATMENT. FOLLOW UP IS MUST. REFER TO A SPECIALIST FOR ADVISE ON BIOPSY.,,
IrregularM1M2WhiteRoundMarblewhitePiNADSNOYes MouthHnoGingiva,TRAUMATICULCER ,CANDIDIASIS & FIBROEPITHELIAL POLYP,ADVISE SYMPTOMATIC TREATMENT. FOLLOW UP IS MUST. REFER TO A SPECIALIST FOR ADVISE ON BIOPSY.,,
IrregularM1M2WhiteRoundMarblewhitePiNADSNOYes MouthHnoRetromolararea,TRAUMATICULCER ,CANDIDIASIS & FIBROEPITHELIAL POLYP,ADVISE SYMPTOMATIC TREATMENT. FOLLOW UP IS MUST. REFER TO A SPECIALIST FOR ADVISE ON BIOPSY.,,
IrregularM1M2PNADRoundMarblewhitePiNADSNOYes MouthHnoBmucosa,TRAUMATICULCER ,FIBROEPITHELIAL POLYP & CARCINOMA IN  SITU,ADVISE SYMPTOMATIC TREATMENT. FOLLOW UP IS MUST. REFER TO A SPECIALIST FOR ADVISE ON BIOPSY.,,
IrregularM1M2PNADRoundMarblewhitePiNADSNOYes MouthHnoBsulcus,TRAUMATICULCER ,FIBROEPITHELIAL POLYP & CARCINOMA IN  SITU,ADVISE SYMPTOMATIC TREATMENT. FOLLOW UP IS MUST. REFER TO A SPECIALIST FOR ADVISE ON BIOPSY.,,
IrregularM1M2PNADRoundMarblewhitePiNADSNOYes MouthHnoPalate,TRAUMATICULCER ,FIBROEPITHELIAL POLYP & CARCINOMA IN  SITU,ADVISE SYMPTOMATIC TREATMENT. FOLLOW UP IS MUST. REFER TO A SPECIALIST FOR ADVISE ON BIOPSY.,,
IrregularM1M2PNADRoundMarblewhitePiNADSNOYes MouthHnoFloor,TRAUMATICULCER ,FIBROEPITHELIAL POLYP & CARCINOMA IN  SITU,ADVISE SYMPTOMATIC TREATMENT. FOLLOW UP IS MUST. REFER TO A SPECIALIST FOR ADVISE ON BIOPSY.,,
IrregularM1M2PNADRoundMarblewhitePiNADSNOYes MouthHnoLateraltongue,TRAUMATICULCER ,FIBROEPITHELIAL POLYP & CARCINOMA IN  SITU,ADVISE SYMPTOMATIC TREATMENT. FOLLOW UP IS MUST. REFER TO A SPECIALIST FOR ADVISE ON BIOPSY.,,
IrregularM1M2PNADRoundMarblewhitePiNADSNOYes MouthHnoDorsumtongue,TRAUMATICULCER ,FIBROEPITHELIAL POLYP & CARCINOMA IN  SITU,ADVISE SYMPTOMATIC TREATMENT. FOLLOW UP IS MUST. REFER TO A SPECIALIST FOR ADVISE ON BIOPSY.,,
IrregularM1M2PNADRoundMarblewhitePiNADSNOYes MouthHnoLip,TRAUMATICULCER ,FIBROEPITHELIAL POLYP & CARCINOMA IN  SITU,ADVISE SYMPTOMATIC TREATMENT. FOLLOW UP IS MUST. REFER TO A SPECIALIST FOR ADVISE ON BIOPSY.,,
IrregularM1M2PNADRoundMarblewhitePiNADSNOYes MouthHnoGingiva,TRAUMATICULCER ,FIBROEPITHELIAL POLYP & CARCINOMA IN  SITU,ADVISE SYMPTOMATIC TREATMENT. FOLLOW UP IS MUST. REFER TO A SPECIALIST FOR ADVISE ON BIOPSY.,,
IrregularM1M2PNADRoundMarblewhitePiNADSNOYes MouthHnoRetromolararea,TRAUMATICULCER ,FIBROEPITHELIAL POLYP & CARCINOMA IN  SITU,ADVISE SYMPTOMATIC TREATMENT. FOLLOW UP IS MUST. REFER TO A SPECIALIST FOR ADVISE ON BIOPSY.,,
IrregularM1M2RedRoundMNADPiNADSNOYes MouthHnoBmucosa,TRAUMATICULCER ,FIBROEPITHELIAL POLYP & CARCINOMA IN  SITU,ADVISE SYMPTOMATIC TREATMENT. FOLLOW UP IS MUST. REFER TO A SPECIALIST FOR ADVISE ON BIOPSY.,,
IrregularM1M2RedRoundMNADPiNADSNOYes MouthHnoBsulcus,TRAUMATICULCER ,FIBROEPITHELIAL POLYP & CARCINOMA IN  SITU,ADVISE SYMPTOMATIC TREATMENT. FOLLOW UP IS MUST. REFER TO A SPECIALIST FOR ADVISE ON BIOPSY.,,
IrregularM1M2RedRoundMNADPiNADSNOYes MouthHnoPalate,TRAUMATICULCER ,FIBROEPITHELIAL POLYP & CARCINOMA IN  SITU,ADVISE SYMPTOMATIC TREATMENT. FOLLOW UP IS MUST. REFER TO A SPECIALIST FOR ADVISE ON BIOPSY.,,
IrregularM1M2RedRoundMNADPiNADSNOYes MouthHnoFloor,TRAUMATICULCER ,FIBROEPITHELIAL POLYP & CARCINOMA IN  SITU,ADVISE SYMPTOMATIC TREATMENT. FOLLOW UP IS MUST. REFER TO A SPECIALIST FOR ADVISE ON BIOPSY.,,
IrregularM1M2WhiteRoundMNADPiNADSNOYes MouthHnoLateraltongue,TRAUMATICULCER ,FIBROEPITHELIAL POLYP & CARCINOMA IN  SITU,ADVISE SYMPTOMATIC TREATMENT. FOLLOW UP IS MUST. REFER TO A SPECIALIST FOR ADVISE ON BIOPSY.,,
IrregularM1M2RedRoundMNADPiNADSNOYes MouthHnoDorsumtongue,TRAUMATICULCER ,FIBROEPITHELIAL POLYP & CARCINOMA IN  SITU,ADVISE SYMPTOMATIC TREATMENT. FOLLOW UP IS MUST. REFER TO A SPECIALIST FOR ADVISE ON BIOPSY.,,
IrregularM1M2RedRoundMNADPiNADSNOYes MouthHnoLip,TRAUMATICULCER ,FIBROEPITHELIAL POLYP & CARCINOMA IN  SITU,ADVISE SYMPTOMATIC TREATMENT. FOLLOW UP IS MUST. REFER TO A SPECIALIST FOR ADVISE ON BIOPSY.,,
IrregularM1M2RedRoundMNADPiNADSNOYes MouthHnoGingiva,TRAUMATICULCER ,FIBROEPITHELIAL POLYP & CARCINOMA IN  SITU,ADVISE SYMPTOMATIC TREATMENT. FOLLOW UP IS MUST. REFER TO A SPECIALIST FOR ADVISE ON BIOPSY.,,
IrregularM1M2RedRoundMNADPiNADSNOYes MouthHnoRetromolararea,TRAUMATICULCER ,FIBROEPITHELIAL POLYP & CARCINOMA IN  SITU,ADVISE SYMPTOMATIC TREATMENT. FOLLOW UP IS MUST. REFER TO A SPECIALIST FOR ADVISE ON BIOPSY.,,
IrregularM1M2WhiteRoundMNADPiNADSNOYes MouthHnoBmucosa,TRAUMATICULCER ,CANDIDIASIS & FIBROEPITHELIAL POLYP,ADVISE SYMPTOMATIC TREATMENT. FOLLOW UP IS MUST. REFER TO A SPECIALIST FOR ADVISE ON BIOPSY.,,
IrregularM1M2WhiteRoundMNADPiNADSNOYes MouthHnoBsulcus,TRAUMATICULCER ,CANDIDIASIS & FIBROEPITHELIAL POLYP,ADVISE SYMPTOMATIC TREATMENT. FOLLOW UP IS MUST. REFER TO A SPECIALIST FOR ADVISE ON BIOPSY.,,
IrregularM1M2WhiteRoundMNADPiNADSNOYes MouthHnoPalate,TRAUMATICULCER ,CANDIDIASIS & FIBROEPITHELIAL POLYP,ADVISE SYMPTOMATIC TREATMENT. FOLLOW UP IS MUST. REFER TO A SPECIALIST FOR ADVISE ON BIOPSY.,,
IrregularM1M2WhiteRoundMNADPiNADSNOYes MouthHnoFloor,TRAUMATICULCER ,CANDIDIASIS & FIBROEPITHELIAL POLYP,ADVISE SYMPTOMATIC TREATMENT. FOLLOW UP IS MUST. REFER TO A SPECIALIST FOR ADVISE ON BIOPSY.,,
IrregularM1M2WhiteRoundMNADPiNADSNOYes MouthHnoLateraltongue,TRAUMATICULCER ,CANDIDIASIS & FIBROEPITHELIAL POLYP,ADVISE SYMPTOMATIC TREATMENT. FOLLOW UP IS MUST. REFER TO A SPECIALIST FOR ADVISE ON BIOPSY.,,
IrregularM1M2WhiteRoundMNADPiNADSNOYes MouthHnoDorsumtongue,TRAUMATICULCER ,CANDIDIASIS & FIBROEPITHELIAL POLYP,ADVISE SYMPTOMATIC TREATMENT. FOLLOW UP IS MUST. REFER TO A SPECIALIST FOR ADVISE ON BIOPSY.,,
IrregularM1M2WhiteRoundMNADPiNADSNOYes MouthHnoLip,TRAUMATICULCER ,CANDIDIASIS & FIBROEPITHELIAL POLYP,ADVISE SYMPTOMATIC TREATMENT. FOLLOW UP IS MUST. REFER TO A SPECIALIST FOR ADVISE ON BIOPSY.,,
IrregularM1M2WhiteRoundMNADPiNADSNOYes MouthHnoGingiva,TRAUMATICULCER ,CANDIDIASIS & FIBROEPITHELIAL POLYP,ADVISE SYMPTOMATIC TREATMENT. FOLLOW UP IS MUST. REFER TO A SPECIALIST FOR ADVISE ON BIOPSY.,,
IrregularM1M2WhiteRoundMNADPiNADSNOYes MouthHnoRetromolararea,TRAUMATICULCER ,CANDIDIASIS & FIBROEPITHELIAL POLYP,ADVISE SYMPTOMATIC TREATMENT. FOLLOW UP IS MUST. REFER TO A SPECIALIST FOR ADVISE ON BIOPSY.,,
IrregularM1M2PNADRoundMNADPiNADSNOYes MouthHnoBmucosa,TRAUMATICULCER ,FIBROEPITHELIAL POLYP & CARCINOMA IN  SITU,ADVISE SYMPTOMATIC TREATMENT. FOLLOW UP IS MUST. REFER TO A SPECIALIST FOR ADVISE ON BIOPSY.,,
IrregularM1M2PNADRoundMNADPiNADSNOYes MouthHnoBsulcus,TRAUMATICULCER ,FIBROEPITHELIAL POLYP & CARCINOMA IN  SITU,ADVISE SYMPTOMATIC TREATMENT. FOLLOW UP IS MUST. REFER TO A SPECIALIST FOR ADVISE ON BIOPSY.,,
IrregularM1M2PNADRoundMNADPiNADSNOYes MouthHnoPalate,TRAUMATICULCER ,FIBROEPITHELIAL POLYP & CARCINOMA IN  SITU,ADVISE SYMPTOMATIC TREATMENT. FOLLOW UP IS MUST. REFER TO A SPECIALIST FOR ADVISE ON BIOPSY.,,
IrregularM1M2PNADRoundMNADPiNADSNOYes MouthHnoFloor,TRAUMATICULCER ,FIBROEPITHELIAL POLYP & CARCINOMA IN  SITU,ADVISE SYMPTOMATIC TREATMENT. FOLLOW UP IS MUST. REFER TO A SPECIALIST FOR ADVISE ON BIOPSY.,,
IrregularM1M2PNADRoundMNADPiNADSNOYes MouthHnoLateraltongue,TRAUMATICULCER ,FIBROEPITHELIAL POLYP & CARCINOMA IN  SITU,ADVISE SYMPTOMATIC TREATMENT. FOLLOW UP IS MUST. REFER TO A SPECIALIST FOR ADVISE ON BIOPSY.,,
IrregularM1M2PNADRoundMNADPiNADSNOYes MouthHnoDorsumtongue,TRAUMATICULCER ,FIBROEPITHELIAL POLYP & CARCINOMA IN  SITU,ADVISE SYMPTOMATIC TREATMENT. FOLLOW UP IS MUST. REFER TO A SPECIALIST FOR ADVISE ON BIOPSY.,,
IrregularM1M2PNADRoundMNADPiNADSNOYes MouthHnoLip,TRAUMATICULCER ,FIBROEPITHELIAL POLYP & CARCINOMA IN  SITU,ADVISE SYMPTOMATIC TREATMENT. FOLLOW UP IS MUST. REFER TO A SPECIALIST FOR ADVISE ON BIOPSY.,,
IrregularM1M2PNADRoundMNADPiNADSNOYes MouthHnoGingiva,TRAUMATICULCER ,FIBROEPITHELIAL POLYP & CARCINOMA IN  SITU,ADVISE SYMPTOMATIC TREATMENT. FOLLOW UP IS MUST. REFER TO A SPECIALIST FOR ADVISE ON BIOPSY.,,
IrregularM1M2PNADRoundMNADPiNADSNOYes MouthHnoRetromolararea,TRAUMATICULCER ,FIBROEPITHELIAL POLYP & CARCINOMA IN  SITU,ADVISE SYMPTOMATIC TREATMENT. FOLLOW UP IS MUST. REFER TO A SPECIALIST FOR ADVISE ON BIOPSY.,,
42,,,,,
UNADRedRoundMarblewhiteDarkSharpYes MouthHyesBmucosa,SPECKLED LEUKOPLAKIA,FIBROEPITHELIAL POLYP & CARCINOMA IN  SITU,ADVISE SYMPTOMATIC TREATMENT AND TO STOP THE HABIT. FOLLOW UP IS MUST. REFER TO A SPECIALIST FOR ADVISE ON BIOPSY.,,
UNADRedRoundMarblewhiteDarkSharpYes MouthHyesBsulcus,SPECKLED LEUKOPLAKIA,FIBROEPITHELIAL POLYP & CARCINOMA IN  SITU,ADVISE SYMPTOMATIC TREATMENT AND TO STOP THE HABIT. FOLLOW UP IS MUST. REFER TO A SPECIALIST FOR ADVISE ON BIOPSY.,,
UNADRedRoundMarblewhiteDarkSharpYes MouthHyesPalate,SPECKLED LEUKOPLAKIA,FIBROEPITHELIAL POLYP & CARCINOMA IN  SITU,ADVISE SYMPTOMATIC TREATMENT AND TO STOP THE HABIT. FOLLOW UP IS MUST. REFER TO A SPECIALIST FOR ADVISE ON BIOPSY.,,
UNADRedRoundMarblewhiteDarkSharpYes MouthHyesFloor,SPECKLED LEUKOPLAKIA,FIBROEPITHELIAL POLYP & CARCINOMA IN  SITU,ADVISE SYMPTOMATIC TREATMENT AND TO STOP THE HABIT. FOLLOW UP IS MUST. REFER TO A SPECIALIST FOR ADVISE ON BIOPSY.,,
UNADRedRoundMarblewhiteDarkSharpYes MouthHyesLateraltongue,SPECKLED LEUKOPLAKIA,FIBROEPITHELIAL POLYP & CARCINOMA IN  SITU,ADVISE SYMPTOMATIC TREATMENT AND TO STOP THE HABIT. FOLLOW UP IS MUST. REFER TO A SPECIALIST FOR ADVISE ON BIOPSY.,,
UNADRedRoundMarblewhiteDarkSharpYes MouthHyesDorsumtongue,SPECKLED LEUKOPLAKIA,FIBROEPITHELIAL POLYP & CARCINOMA IN  SITU,ADVISE SYMPTOMATIC TREATMENT AND TO STOP THE HABIT. FOLLOW UP IS MUST. REFER TO A SPECIALIST FOR ADVISE ON BIOPSY.,,
UNADRedRoundMarblewhiteDarkSharpYes MouthHyesLip,SPECKLED LEUKOPLAKIA,FIBROEPITHELIAL POLYP & CARCINOMA IN  SITU,ADVISE SYMPTOMATIC TREATMENT AND TO STOP THE HABIT. FOLLOW UP IS MUST. REFER TO A SPECIALIST FOR ADVISE ON BIOPSY.,,
UNADRedRoundMarblewhiteDarkSharpYes MouthHyesGingiva,SPECKLED LEUKOPLAKIA,FIBROEPITHELIAL POLYP & CARCINOMA IN  SITU,ADVISE SYMPTOMATIC TREATMENT AND TO STOP THE HABIT. FOLLOW UP IS MUST. REFER TO A SPECIALIST FOR ADVISE ON BIOPSY.,,
UNADRedRoundMarblewhiteDarkSharpYes MouthHyesRetromolararea,SPECKLED LEUKOPLAKIA,FIBROEPITHELIAL POLYP & CARCINOMA IN  SITU,ADVISE SYMPTOMATIC TREATMENT AND TO STOP THE HABIT. FOLLOW UP IS MUST. REFER TO A SPECIALIST FOR ADVISE ON BIOPSY.,,
UNADWhiteRoundMarblewhiteDarkSharpYes MouthHyesBmucosa,ORAL LEUKOPLAKIA,FIBROEPITHELIAL POLYP & OSMF,ADVISE SYMPTOMATIC TREATMENT AND TO STOP THE HABIT. FOLLOW UP IS MUST. REFER TO A SPECIALIST FOR ADVISE ON BIOPSY.,,
UNADWhiteRoundMarblewhiteDarkSharpYes MouthHyesBsulcus,ORAL LEUKOPLAKIA,FIBROEPITHELIAL POLYP & OSMF,ADVISE SYMPTOMATIC TREATMENT AND TO STOP THE HABIT. FOLLOW UP IS MUST. REFER TO A SPECIALIST FOR ADVISE ON BIOPSY.,,
UNADWhiteRoundMarblewhiteDarkSharpYes MouthHyesPalate,ORAL LEUKOPLAKIA,FIBROEPITHELIAL POLYP & OSMF,ADVISE SYMPTOMATIC TREATMENT AND TO STOP THE HABIT. FOLLOW UP IS MUST. REFER TO A SPECIALIST FOR ADVISE ON BIOPSY.,,
UNADWhiteRoundMarblewhiteDarkSharpYes MouthHyesFloor,ORAL LEUKOPLAKIA,FIBROEPITHELIAL POLYP & OSMF,ADVISE SYMPTOMATIC TREATMENT AND TO STOP THE HABIT. FOLLOW UP IS MUST. REFER TO A SPECIALIST FOR ADVISE ON BIOPSY.,,
UNADWhiteRoundMarblewhiteDarkSharpYes MouthHyesLateraltongue,ORAL LEUKOPLAKIA,FIBROEPITHELIAL POLYP & OSMF,ADVISE SYMPTOMATIC TREATMENT AND TO STOP THE HABIT. FOLLOW UP IS MUST. REFER TO A SPECIALIST FOR ADVISE ON BIOPSY.,,
UNADWhiteRoundMarblewhiteDarkSharpYes MouthHyesDorsumtongue,ORAL LEUKOPLAKIA,FIBROEPITHELIAL POLYP & OSMF,ADVISE SYMPTOMATIC TREATMENT AND TO STOP THE HABIT. FOLLOW UP IS MUST. REFER TO A SPECIALIST FOR ADVISE ON BIOPSY.,,
UNADWhiteRoundMarblewhiteDarkSharpYes MouthHyesLip,ORAL LEUKOPLAKIA,FIBROEPITHELIAL POLYP & OSMF,ADVISE SYMPTOMATIC TREATMENT AND TO STOP THE HABIT. FOLLOW UP IS MUST. REFER TO A SPECIALIST FOR ADVISE ON BIOPSY.,,
UNADWhiteRoundMarblewhiteDarkSharpYes MouthHyesGingiva,ORAL LEUKOPLAKIA,FIBROEPITHELIAL POLYP & OSMF,ADVISE SYMPTOMATIC TREATMENT AND TO STOP THE HABIT. FOLLOW UP IS MUST. REFER TO A SPECIALIST FOR ADVISE ON BIOPSY.,,
UNADWhiteRoundMarblewhiteDarkSharpYes MouthHyesRetromolararea,ORAL LEUKOPLAKIA,FIBROEPITHELIAL POLYP & OSMF,ADVISE SYMPTOMATIC TREATMENT AND TO STOP THE HABIT. FOLLOW UP IS MUST. REFER TO A SPECIALIST FOR ADVISE ON BIOPSY.,,
UNADRedRoundMarblewhitePiNADSharpYes MouthHyesBmucosa,SPECKLED LEUKOPLAKIA,FIBROEPITHELIAL POLYP & CARCINOMA IN  SITU,ADVISE SYMPTOMATIC TREATMENT AND TO STOP THE HABIT. FOLLOW UP IS MUST. REFER TO A SPECIALIST FOR ADVISE ON BIOPSY.,,
UNADRedRoundMarblewhitePiNADSharpYes MouthHyesBsulcus,SPECKLED LEUKOPLAKIA,FIBROEPITHELIAL POLYP & CARCINOMA IN  SITU,ADVISE SYMPTOMATIC TREATMENT AND TO STOP THE HABIT. FOLLOW UP IS MUST. REFER TO A SPECIALIST FOR ADVISE ON BIOPSY.,,
UNADRedRoundMarblewhitePiNADSharpYes MouthHyesPalate,SPECKLED LEUKOPLAKIA,FIBROEPITHELIAL POLYP & CARCINOMA IN  SITU,ADVISE SYMPTOMATIC TREATMENT AND TO STOP THE HABIT. FOLLOW UP IS MUST. REFER TO A SPECIALIST FOR ADVISE ON BIOPSY.,,
UNADRedRoundMarblewhitePiNADSharpYes MouthHyesFloor,SPECKLED LEUKOPLAKIA,FIBROEPITHELIAL POLYP & CARCINOMA IN  SITU,ADVISE SYMPTOMATIC TREATMENT AND TO STOP THE HABIT. FOLLOW UP IS MUST. REFER TO A SPECIALIST FOR ADVISE ON BIOPSY.,,
UNADRedRoundMarblewhitePiNADSharpYes MouthHyesLateraltongue,SPECKLED LEUKOPLAKIA,FIBROEPITHELIAL POLYP & CARCINOMA IN  SITU,ADVISE SYMPTOMATIC TREATMENT AND TO STOP THE HABIT. FOLLOW UP IS MUST. REFER TO A SPECIALIST FOR ADVISE ON BIOPSY.,,
UNADRedRoundMarblewhitePiNADSharpYes MouthHyesDorsumtongue,SPECKLED LEUKOPLAKIA,FIBROEPITHELIAL POLYP & CARCINOMA IN  SITU,ADVISE SYMPTOMATIC TREATMENT AND TO STOP THE HABIT. FOLLOW UP IS MUST. REFER TO A SPECIALIST FOR ADVISE ON BIOPSY.,,
UNADRedRoundMarblewhitePiNADSharpYes MouthHyesLip,SPECKLED LEUKOPLAKIA,FIBROEPITHELIAL POLYP & CARCINOMA IN  SITU,ADVISE SYMPTOMATIC TREATMENT AND TO STOP THE HABIT. FOLLOW UP IS MUST. REFER TO A SPECIALIST FOR ADVISE ON BIOPSY.,,
UNADRedRoundMarblewhitePiNADSharpYes MouthHyesGingiva,SPECKLED LEUKOPLAKIA,FIBROEPITHELIAL POLYP & CARCINOMA IN  SITU,ADVISE SYMPTOMATIC TREATMENT AND TO STOP THE HABIT. FOLLOW UP IS MUST. REFER TO A SPECIALIST FOR ADVISE ON BIOPSY.,,
UNADRedRoundMarblewhitePiNADSharpYes MouthHyesRetromolararea,SPECKLED LEUKOPLAKIA,FIBROEPITHELIAL POLYP & CARCINOMA IN  SITU,ADVISE SYMPTOMATIC TREATMENT AND TO STOP THE HABIT. FOLLOW UP IS MUST. REFER TO A SPECIALIST FOR ADVISE ON BIOPSY.,,
UNADRedRoundMNADDarkSharpYes MouthHyesBmucosa,SPECKLED LEUKOPLAKIA,FIBROEPITHELIAL POLYP & CARCINOMA IN  SITU,ADVISE SYMPTOMATIC TREATMENT AND TO STOP THE HABIT. FOLLOW UP IS MUST. REFER TO A SPECIALIST FOR ADVISE ON BIOPSY.,,
UNADRedRoundMNADDarkSharpYes MouthHyesBsulcus,SPECKLED LEUKOPLAKIA,FIBROEPITHELIAL POLYP & CARCINOMA IN  SITU,ADVISE SYMPTOMATIC TREATMENT AND TO STOP THE HABIT. FOLLOW UP IS MUST. REFER TO A SPECIALIST FOR ADVISE ON BIOPSY.,,
UNADRedRoundMNADDarkSharpYes MouthHyesPalate,SPECKLED LEUKOPLAKIA,FIBROEPITHELIAL POLYP & CARCINOMA IN  SITU,ADVISE SYMPTOMATIC TREATMENT AND TO STOP THE HABIT. FOLLOW UP IS MUST. REFER TO A SPECIALIST FOR ADVISE ON BIOPSY.,,
UNADRedRoundMNADDarkSharpYes MouthHyesFloor,SPECKLED LEUKOPLAKIA,FIBROEPITHELIAL POLYP & CARCINOMA IN  SITU,ADVISE SYMPTOMATIC TREATMENT AND TO STOP THE HABIT. FOLLOW UP IS MUST. REFER TO A SPECIALIST FOR ADVISE ON BIOPSY.,,
UNADRedRoundMNADDarkSharpYes MouthHyesLateraltongue,SPECKLED LEUKOPLAKIA,FIBROEPITHELIAL POLYP & CARCINOMA IN  SITU,ADVISE SYMPTOMATIC TREATMENT AND TO STOP THE HABIT. FOLLOW UP IS MUST. REFER TO A SPECIALIST FOR ADVISE ON BIOPSY.,,
UNADRedRoundMNADDarkSharpYes MouthHyesDorsumtongue,SPECKLED LEUKOPLAKIA,FIBROEPITHELIAL POLYP & CARCINOMA IN  SITU,ADVISE SYMPTOMATIC TREATMENT AND TO STOP THE HABIT. FOLLOW UP IS MUST. REFER TO A SPECIALIST FOR ADVISE ON BIOPSY.,,
UNADRedRoundMNADDarkSharpYes MouthHyesLip,SPECKLED LEUKOPLAKIA,FIBROEPITHELIAL POLYP & CARCINOMA IN  SITU,ADVISE SYMPTOMATIC TREATMENT AND TO STOP THE HABIT. FOLLOW UP IS MUST. REFER TO A SPECIALIST FOR ADVISE ON BIOPSY.,,
UNADRedRoundMNADDarkSharpYes MouthHyesGingiva,SPECKLED LEUKOPLAKIA,FIBROEPITHELIAL POLYP & CARCINOMA IN  SITU,ADVISE SYMPTOMATIC TREATMENT AND TO STOP THE HABIT. FOLLOW UP IS MUST. REFER TO A SPECIALIST FOR ADVISE ON BIOPSY.,,
UNADRedRoundMNADDarkSharpYes MouthHyesRetromolararea,SPECKLED LEUKOPLAKIA,FIBROEPITHELIAL POLYP & CARCINOMA IN  SITU,ADVISE SYMPTOMATIC TREATMENT AND TO STOP THE HABIT. FOLLOW UP IS MUST. REFER TO A SPECIALIST FOR ADVISE ON BIOPSY.,,
UNADWhiteRoundMNADDarkSharpYes MouthHyesBmucosa,ORAL LEUKOPLAKIA,FIBROEPITHELIAL POLYP & CARCINOMA IN  SITU,ADVISE SYMPTOMATIC TREATMENT AND TO STOP THE HABIT. FOLLOW UP IS MUST. REFER TO A SPECIALIST FOR ADVISE ON BIOPSY.,,
UNADWhiteRoundMNADDarkSharpYes MouthHyesBsulcus,ORAL LEUKOPLAKIA,FIBROEPITHELIAL POLYP & CARCINOMA IN  SITU,ADVISE SYMPTOMATIC TREATMENT AND TO STOP THE HABIT. FOLLOW UP IS MUST. REFER TO A SPECIALIST FOR ADVISE ON BIOPSY.,,
UNADWhiteRoundMNADDarkSharpYes MouthHyesPalate,ORAL LEUKOPLAKIA,FIBROEPITHELIAL POLYP & CARCINOMA IN  SITU,ADVISE SYMPTOMATIC TREATMENT AND TO STOP THE HABIT. FOLLOW UP IS MUST. REFER TO A SPECIALIST FOR ADVISE ON BIOPSY.,,
UNADWhiteRoundMNADDarkSharpYes MouthHyesFloor,ORAL LEUKOPLAKIA,FIBROEPITHELIAL POLYP & CARCINOMA IN  SITU,ADVISE SYMPTOMATIC TREATMENT AND TO STOP THE HABIT. FOLLOW UP IS MUST. REFER TO A SPECIALIST FOR ADVISE ON BIOPSY.,,
UNADWhiteRoundMNADDarkSharpYes MouthHyesLateraltongue,ORAL LEUKOPLAKIA,FIBROEPITHELIAL POLYP & CARCINOMA IN  SITU,ADVISE SYMPTOMATIC TREATMENT AND TO STOP THE HABIT. FOLLOW UP IS MUST. REFER TO A SPECIALIST FOR ADVISE ON BIOPSY.,,
UNADWhiteRoundMNADDarkSharpYes MouthHyesDorsumtongue,ORAL LEUKOPLAKIA,FIBROEPITHELIAL POLYP & CARCINOMA IN  SITU,ADVISE SYMPTOMATIC TREATMENT AND TO STOP THE HABIT. FOLLOW UP IS MUST. REFER TO A SPECIALIST FOR ADVISE ON BIOPSY.,,
UNADWhiteRoundMNADDarkSharpYes MouthHyesLip,ORAL LEUKOPLAKIA,FIBROEPITHELIAL POLYP & CARCINOMA IN  SITU,ADVISE SYMPTOMATIC TREATMENT AND TO STOP THE HABIT. FOLLOW UP IS MUST. REFER TO A SPECIALIST FOR ADVISE ON BIOPSY.,,
UNADWhiteRoundMNADDarkSharpYes MouthHyesGingiva,ORAL LEUKOPLAKIA,FIBROEPITHELIAL POLYP & CARCINOMA IN  SITU,ADVISE SYMPTOMATIC TREATMENT AND TO STOP THE HABIT. FOLLOW UP IS MUST. REFER TO A SPECIALIST FOR ADVISE ON BIOPSY.,,
UNADWhiteRoundMNADDarkSharpYes MouthHyesRetromolararea,ORAL LEUKOPLAKIA,FIBROEPITHELIAL POLYP & CARCINOMA IN  SITU,ADVISE SYMPTOMATIC TREATMENT AND TO STOP THE HABIT. FOLLOW UP IS MUST. REFER TO A SPECIALIST FOR ADVISE ON BIOPSY.,,
UNADRedRoundMNADPiNADSharpYes MouthHyesBmucosa,SPECKLED LEUKOPLAKIA,FIBROEPITHELIAL POLYP & CARCINOMA IN  SITU,ADVISE SYMPTOMATIC TREATMENT AND TO STOP THE HABIT. FOLLOW UP IS MUST. REFER TO A SPECIALIST FOR ADVISE ON BIOPSY.,,
UNADRedRoundMNADPiNADSharpYes MouthHyesBsulcus,SPECKLED LEUKOPLAKIA,FIBROEPITHELIAL POLYP & CARCINOMA IN  SITU,ADVISE SYMPTOMATIC TREATMENT AND TO STOP THE HABIT. FOLLOW UP IS MUST. REFER TO A SPECIALIST FOR ADVISE ON BIOPSY.,,
UNADRedRoundMNADPiNADSharpYes MouthHyesPalate,SPECKLED LEUKOPLAKIA,FIBROEPITHELIAL POLYP & CARCINOMA IN  SITU,ADVISE SYMPTOMATIC TREATMENT AND TO STOP THE HABIT. FOLLOW UP IS MUST. REFER TO A SPECIALIST FOR ADVISE ON BIOPSY.,,
UNADRedRoundMNADPiNADSharpYes MouthHyesFloor,SPECKLED LEUKOPLAKIA,FIBROEPITHELIAL POLYP & CARCINOMA IN  SITU,ADVISE SYMPTOMATIC TREATMENT AND TO STOP THE HABIT. FOLLOW UP IS MUST. REFER TO A SPECIALIST FOR ADVISE ON BIOPSY.,,
UNADRedRoundMNADPiNADSharpYes MouthHyesLateraltongue,SPECKLED LEUKOPLAKIA,FIBROEPITHELIAL POLYP & CARCINOMA IN  SITU,ADVISE SYMPTOMATIC TREATMENT AND TO STOP THE HABIT. FOLLOW UP IS MUST. REFER TO A SPECIALIST FOR ADVISE ON BIOPSY.,,
UNADRedRoundMNADPiNADSharpYes MouthHyesDorsumtongue,SPECKLED LEUKOPLAKIA,FIBROEPITHELIAL POLYP & CARCINOMA IN  SITU,ADVISE SYMPTOMATIC TREATMENT AND TO STOP THE HABIT. FOLLOW UP IS MUST. REFER TO A SPECIALIST FOR ADVISE ON BIOPSY.,,
UNADRedRoundMNADPiNADSharpYes MouthHyesLip,SPECKLED LEUKOPLAKIA,FIBROEPITHELIAL POLYP & CARCINOMA IN  SITU,ADVISE SYMPTOMATIC TREATMENT AND TO STOP THE HABIT. FOLLOW UP IS MUST. REFER TO A SPECIALIST FOR ADVISE ON BIOPSY.,,
UNADRedRoundMNADPiNADSharpYes MouthHyesGingiva,SPECKLED LEUKOPLAKIA,FIBROEPITHELIAL POLYP & CARCINOMA IN  SITU,ADVISE SYMPTOMATIC TREATMENT AND TO STOP THE HABIT. FOLLOW UP IS MUST. REFER TO A SPECIALIST FOR ADVISE ON BIOPSY.,,
UNADRedRoundMNADPiNADSharpYes MouthHyesRetromolararea,SPECKLED LEUKOPLAKIA,FIBROEPITHELIAL POLYP & CARCINOMA IN  SITU,ADVISE SYMPTOMATIC TREATMENT AND TO STOP THE HABIT. FOLLOW UP IS MUST. REFER TO A SPECIALIST FOR ADVISE ON BIOPSY.,,
UNADRedRoundMarblewhiteDarkSNOYes MouthHnoBmucosa,CANDIDIASIS,FIBROEPITHELIAL POLYP & CARCINOMA IN  SITU,ADVISE SYMPTOMATIC TREATMENT. FOLLOW UP IS MUST. REFER TO A SPECIALIST FOR ADVISE ON BIOPSY.,,
UNADRedRoundMarblewhiteDarkSNOYes MouthHnoBsulcus,CANDIDIASIS,FIBROEPITHELIAL POLYP & CARCINOMA IN  SITU,ADVISE SYMPTOMATIC TREATMENT. FOLLOW UP IS MUST. REFER TO A SPECIALIST FOR ADVISE ON BIOPSY.,,
UNADRedRoundMarblewhiteDarkSNOYes MouthHnoPalate,CANDIDIASIS,FIBROEPITHELIAL POLYP & CARCINOMA IN  SITU,ADVISE SYMPTOMATIC TREATMENT. FOLLOW UP IS MUST. REFER TO A SPECIALIST FOR ADVISE ON BIOPSY.,,
UNADRedRoundMarblewhiteDarkSNOYes MouthHnoFloor,CANDIDIASIS,FIBROEPITHELIAL POLYP & CARCINOMA IN  SITU,ADVISE SYMPTOMATIC TREATMENT. FOLLOW UP IS MUST. REFER TO A SPECIALIST FOR ADVISE ON BIOPSY.,,
UNADRedRoundMarblewhiteDarkSNOYes MouthHnoLateraltongue,CANDIDIASIS,FIBROEPITHELIAL POLYP & CARCINOMA IN  SITU,ADVISE SYMPTOMATIC TREATMENT. FOLLOW UP IS MUST. REFER TO A SPECIALIST FOR ADVISE ON BIOPSY.,,
UNADRedRoundMarblewhiteDarkSNOYes MouthHnoDorsumtongue,CANDIDIASIS,FIBROEPITHELIAL POLYP & CARCINOMA IN  SITU,ADVISE SYMPTOMATIC TREATMENT. FOLLOW UP IS MUST. REFER TO A SPECIALIST FOR ADVISE ON BIOPSY.,,
UNADRedRoundMarblewhiteDarkSNOYes MouthHnoLip,CANDIDIASIS,FIBROEPITHELIAL POLYP & CARCINOMA IN  SITU,ADVISE SYMPTOMATIC TREATMENT. FOLLOW UP IS MUST. REFER TO A SPECIALIST FOR ADVISE ON BIOPSY.,,
UNADRedRoundMarblewhiteDarkSNOYes MouthHnoGingiva,CANDIDIASIS,FIBROEPITHELIAL POLYP & CARCINOMA IN  SITU,ADVISE SYMPTOMATIC TREATMENT. FOLLOW UP IS MUST. REFER TO A SPECIALIST FOR ADVISE ON BIOPSY.,,
UNADRedRoundMarblewhiteDarkSNOYes MouthHnoRetromolararea,CANDIDIASIS,FIBROEPITHELIAL POLYP & CARCINOMA IN  SITU,ADVISE SYMPTOMATIC TREATMENT. FOLLOW UP IS MUST. REFER TO A SPECIALIST FOR ADVISE ON BIOPSY.,,
UNADWhiteRoundMarblewhiteDarkSNOYes MouthHnoBmucosa,CANDIDIASIS,FIBROEPITHELIAL POLYP & CARCINOMA IN  SITU,ADVISE SYMPTOMATIC TREATMENT. FOLLOW UP IS MUST. REFER TO A SPECIALIST FOR ADVISE ON BIOPSY.,,
UNADWhiteRoundMarblewhiteDarkSNOYes MouthHnoBsulcus,CANDIDIASIS,FIBROEPITHELIAL POLYP & CARCINOMA IN  SITU,ADVISE SYMPTOMATIC TREATMENT. FOLLOW UP IS MUST. REFER TO A SPECIALIST FOR ADVISE ON BIOPSY.,,
UNADWhiteRoundMarblewhiteDarkSNOYes MouthHnoPalate,CANDIDIASIS,FIBROEPITHELIAL POLYP & CARCINOMA IN  SITU,ADVISE SYMPTOMATIC TREATMENT. FOLLOW UP IS MUST. REFER TO A SPECIALIST FOR ADVISE ON BIOPSY.,,
UNADWhiteRoundMarblewhiteDarkSNOYes MouthHnoFloor,CANDIDIASIS,FIBROEPITHELIAL POLYP & CARCINOMA IN  SITU,ADVISE SYMPTOMATIC TREATMENT. FOLLOW UP IS MUST. REFER TO A SPECIALIST FOR ADVISE ON BIOPSY.,,
UNADWhiteRoundMarblewhiteDarkSNOYes MouthHnoLateraltongue,CANDIDIASIS,FIBROEPITHELIAL POLYP & CARCINOMA IN  SITU,ADVISE SYMPTOMATIC TREATMENT. FOLLOW UP IS MUST. REFER TO A SPECIALIST FOR ADVISE ON BIOPSY.,,
UNADWhiteRoundMarblewhiteDarkSNOYes MouthHnoDorsumtongue,CANDIDIASIS,FIBROEPITHELIAL POLYP & CARCINOMA IN  SITU,ADVISE SYMPTOMATIC TREATMENT. FOLLOW UP IS MUST. REFER TO A SPECIALIST FOR ADVISE ON BIOPSY.,,
UNADWhiteRoundMarblewhiteDarkSNOYes MouthHnoLip,CANDIDIASIS,FIBROEPITHELIAL POLYP & CARCINOMA IN  SITU,ADVISE SYMPTOMATIC TREATMENT. FOLLOW UP IS MUST. REFER TO A SPECIALIST FOR ADVISE ON BIOPSY.,,
UNADWhiteRoundMarblewhiteDarkSNOYes MouthHnoGingiva,CANDIDIASIS,FIBROEPITHELIAL POLYP & CARCINOMA IN  SITU,ADVISE SYMPTOMATIC TREATMENT. FOLLOW UP IS MUST. REFER TO A SPECIALIST FOR ADVISE ON BIOPSY.,,
UNADWhiteRoundMarblewhiteDarkSNOYes MouthHnoRetromolararea,CANDIDIASIS,FIBROEPITHELIAL POLYP & CARCINOMA IN  SITU,ADVISE SYMPTOMATIC TREATMENT. FOLLOW UP IS MUST. REFER TO A SPECIALIST FOR ADVISE ON BIOPSY.,,
UNADRedRoundMarblewhitePiNADSNOYes MouthHnoBmucosa,CANDIDIASIS,FIBROEPITHELIAL POLYP,ADVISE SYMPTOMATIC TREATMENT. FOLLOW UP IS MUST. REFER TO A SPECIALIST FOR ADVISE ON BIOPSY.,,
UNADRedRoundMarblewhitePiNADSNOYes MouthHnoBsulcus,CANDIDIASIS,FIBROEPITHELIAL POLYP,ADVISE SYMPTOMATIC TREATMENT. FOLLOW UP IS MUST. REFER TO A SPECIALIST FOR ADVISE ON BIOPSY.,,
UNADRedRoundMarblewhitePiNADSNOYes MouthHnoPalate,CANDIDIASIS,FIBROEPITHELIAL POLYP,ADVISE SYMPTOMATIC TREATMENT. FOLLOW UP IS MUST. REFER TO A SPECIALIST FOR ADVISE ON BIOPSY.,,
UNADRedRoundMarblewhitePiNADSNOYes MouthHnoFloor,CANDIDIASIS,FIBROEPITHELIAL POLYP,ADVISE SYMPTOMATIC TREATMENT. FOLLOW UP IS MUST. REFER TO A SPECIALIST FOR ADVISE ON BIOPSY.,,
UNADRedRoundMarblewhitePiNADSNOYes MouthHnoLateraltongue,CANDIDIASIS,FIBROEPITHELIAL POLYP,ADVISE SYMPTOMATIC TREATMENT. FOLLOW UP IS MUST. REFER TO A SPECIALIST FOR ADVISE ON BIOPSY.,,
UNADRedRoundMarblewhitePiNADSNOYes MouthHnoDorsumtongue,CANDIDIASIS,FIBROEPITHELIAL POLYP,ADVISE SYMPTOMATIC TREATMENT. FOLLOW UP IS MUST. REFER TO A SPECIALIST FOR ADVISE ON BIOPSY.,,
UNADRedRoundMarblewhitePiNADSNOYes MouthHnoLip,CANDIDIASIS,FIBROEPITHELIAL POLYP,ADVISE SYMPTOMATIC TREATMENT. FOLLOW UP IS MUST. REFER TO A SPECIALIST FOR ADVISE ON BIOPSY.,,
UNADRedRoundMarblewhitePiNADSNOYes MouthHnoGingiva,CANDIDIASIS,FIBROEPITHELIAL POLYP,ADVISE SYMPTOMATIC TREATMENT. FOLLOW UP IS MUST. REFER TO A SPECIALIST FOR ADVISE ON BIOPSY.,,
UNADRedRoundMarblewhitePiNADSNOYes MouthHnoRetromolararea,CANDIDIASIS,FIBROEPITHELIAL POLYP,ADVISE SYMPTOMATIC TREATMENT. FOLLOW UP IS MUST. REFER TO A SPECIALIST FOR ADVISE ON BIOPSY.,,
UNADRedRoundMNADDarkSNOYes MouthHnoBmucosa,CANDIDIASIS,BURNING MOUTH SYNDROME & FIBROEPITHELIAL POLYP,ADVISE SYMPTOMATIC TREATMENT. FOLLOW UP IS MUST. REFER TO A SPECIALIST FOR ADVISE ON BIOPSY.,,
UNADRedRoundMNADDarkSNOYes MouthHnoBsulcus,CANDIDIASIS,BURNING MOUTH SYNDROME & FIBROEPITHELIAL POLYP,ADVISE SYMPTOMATIC TREATMENT. FOLLOW UP IS MUST. REFER TO A SPECIALIST FOR ADVISE ON BIOPSY.,,
UNADRedRoundMNADDarkSNOYes MouthHnoPalate,CANDIDIASIS,BURNING MOUTH SYNDROME & FIBROEPITHELIAL POLYP,ADVISE SYMPTOMATIC TREATMENT. FOLLOW UP IS MUST. REFER TO A SPECIALIST FOR ADVISE ON BIOPSY.,,
UNADRedRoundMNADDarkSNOYes MouthHnoFloor,CANDIDIASIS,BURNING MOUTH SYNDROME & FIBROEPITHELIAL POLYP,ADVISE SYMPTOMATIC TREATMENT. FOLLOW UP IS MUST. REFER TO A SPECIALIST FOR ADVISE ON BIOPSY.,,
UNADRedRoundMNADDarkSNOYes MouthHnoLateraltongue,CANDIDIASIS,BURNING MOUTH SYNDROME & FIBROEPITHELIAL POLYP,ADVISE SYMPTOMATIC TREATMENT. FOLLOW UP IS MUST. REFER TO A SPECIALIST FOR ADVISE ON BIOPSY.,,
UNADRedRoundMNADDarkSNOYes MouthHnoDorsumtongue,CANDIDIASIS,BURNING MOUTH SYNDROME & FIBROEPITHELIAL POLYP,ADVISE SYMPTOMATIC TREATMENT. FOLLOW UP IS MUST. REFER TO A SPECIALIST FOR ADVISE ON BIOPSY.,,
UNADRedRoundMNADDarkSNOYes MouthHnoLip,CANDIDIASIS,BURNING MOUTH SYNDROME & FIBROEPITHELIAL POLYP,ADVISE SYMPTOMATIC TREATMENT. FOLLOW UP IS MUST. REFER TO A SPECIALIST FOR ADVISE ON BIOPSY.,,
UNADRedRoundMNADDarkSNOYes MouthHnoGingiva,CANDIDIASIS,BURNING MOUTH SYNDROME & FIBROEPITHELIAL POLYP,ADVISE SYMPTOMATIC TREATMENT. FOLLOW UP IS MUST. REFER TO A SPECIALIST FOR ADVISE ON BIOPSY.,,
UNADRedRoundMNADDarkSNOYes MouthHnoRetromolararea,CANDIDIASIS,BURNING MOUTH SYNDROME & FIBROEPITHELIAL POLYP,ADVISE SYMPTOMATIC TREATMENT. FOLLOW UP IS MUST. REFER TO A SPECIALIST FOR ADVISE ON BIOPSY.,,
UNADWhiteRoundMNADDarkSNOYes MouthHnoBmucosa,CANDIDIASIS,FIBROEPITHELIAL POLYP,ADVISE SYMPTOMATIC TREATMENT. FOLLOW UP IS MUST. REFER TO A SPECIALIST FOR ADVISE ON BIOPSY.,,
UNADWhiteRoundMNADDarkSNOYes MouthHnoBsulcus,CANDIDIASIS,FIBROEPITHELIAL POLYP,ADVISE SYMPTOMATIC TREATMENT. FOLLOW UP IS MUST. REFER TO A SPECIALIST FOR ADVISE ON BIOPSY.,,
UNADWhiteRoundMNADDarkSNOYes MouthHnoPalate,CANDIDIASIS,FIBROEPITHELIAL POLYP,ADVISE SYMPTOMATIC TREATMENT. FOLLOW UP IS MUST. REFER TO A SPECIALIST FOR ADVISE ON BIOPSY.,,
UNADWhiteRoundMNADDarkSNOYes MouthHnoFloor,CANDIDIASIS,FIBROEPITHELIAL POLYP,ADVISE SYMPTOMATIC TREATMENT. FOLLOW UP IS MUST. REFER TO A SPECIALIST FOR ADVISE ON BIOPSY.,,
UNADWhiteRoundMNADDarkSNOYes MouthHnoLateraltongue,CANDIDIASIS,FIBROEPITHELIAL POLYP,ADVISE SYMPTOMATIC TREATMENT. FOLLOW UP IS MUST. REFER TO A SPECIALIST FOR ADVISE ON BIOPSY.,,
UNADWhiteRoundMNADDarkSNOYes MouthHnoDorsumtongue,CANDIDIASIS,FIBROEPITHELIAL POLYP,ADVISE SYMPTOMATIC TREATMENT. FOLLOW UP IS MUST. REFER TO A SPECIALIST FOR ADVISE ON BIOPSY.,,
UNADWhiteRoundMNADDarkSNOYes MouthHnoLip,CANDIDIASIS,FIBROEPITHELIAL POLYP,ADVISE SYMPTOMATIC TREATMENT. FOLLOW UP IS MUST. REFER TO A SPECIALIST FOR ADVISE ON BIOPSY.,,
UNADWhiteRoundMNADDarkSNOYes MouthHnoGingiva,CANDIDIASIS,FIBROEPITHELIAL POLYP,ADVISE SYMPTOMATIC TREATMENT. FOLLOW UP IS MUST. REFER TO A SPECIALIST FOR ADVISE ON BIOPSY.,,
UNADWhiteRoundMNADDarkSNOYes MouthHnoRetromolararea,CANDIDIASIS,FIBROEPITHELIAL POLYP,ADVISE SYMPTOMATIC TREATMENT. FOLLOW UP IS MUST. REFER TO A SPECIALIST FOR ADVISE ON BIOPSY.,,
UNADRedRoundMNADPiNADSNOYes MouthHnoBmucosa,CANDIDIASIS,BURNING MOUTH SYNDROME & FIBROEPITHELIAL POLYP,ADVISE SYMPTOMATIC TREATMENT. FOLLOW UP IS MUST. REFER TO A SPECIALIST FOR ADVISE ON BIOPSY.,,
UNADRedRoundMNADPiNADSNOYes MouthHnoBsulcus,CANDIDIASIS,BURNING MOUTH SYNDROME & FIBROEPITHELIAL POLYP,ADVISE SYMPTOMATIC TREATMENT. FOLLOW UP IS MUST. REFER TO A SPECIALIST FOR ADVISE ON BIOPSY.,,
UNADRedRoundMNADPiNADSNOYes MouthHnoPalate,CANDIDIASIS,BURNING MOUTH SYNDROME & FIBROEPITHELIAL POLYP,ADVISE SYMPTOMATIC TREATMENT. FOLLOW UP IS MUST. REFER TO A SPECIALIST FOR ADVISE ON BIOPSY.,,
UNADRedRoundMNADPiNADSNOYes MouthHnoFloor,CANDIDIASIS,BURNING MOUTH SYNDROME & FIBROEPITHELIAL POLYP,ADVISE SYMPTOMATIC TREATMENT. FOLLOW UP IS MUST. REFER TO A SPECIALIST FOR ADVISE ON BIOPSY.,,
UNADRedRoundMNADPiNADSNOYes MouthHnoLateraltongue,CANDIDIASIS,BURNING MOUTH SYNDROME & FIBROEPITHELIAL POLYP,ADVISE SYMPTOMATIC TREATMENT. FOLLOW UP IS MUST. REFER TO A SPECIALIST FOR ADVISE ON BIOPSY.,,
UNADRedRoundMNADPiNADSNOYes MouthHnoDorsumtongue,CANDIDIASIS,BURNING MOUTH SYNDROME & FIBROEPITHELIAL POLYP,ADVISE SYMPTOMATIC TREATMENT. FOLLOW UP IS MUST. REFER TO A SPECIALIST FOR ADVISE ON BIOPSY.,,
UNADRedRoundMNADPiNADSNOYes MouthHnoLip,CANDIDIASIS,BURNING MOUTH SYNDROME & FIBROEPITHELIAL POLYP,ADVISE SYMPTOMATIC TREATMENT. FOLLOW UP IS MUST. REFER TO A SPECIALIST FOR ADVISE ON BIOPSY.,,
UNADRedRoundMNADPiNADSNOYes MouthHnoGingiva,CANDIDIASIS,BURNING MOUTH SYNDROME & FIBROEPITHELIAL POLYP,ADVISE SYMPTOMATIC TREATMENT. FOLLOW UP IS MUST. REFER TO A SPECIALIST FOR ADVISE ON BIOPSY.,,
UNADRedRoundMNADPiNADSNOYes MouthHnoRetromolararea,CANDIDIASIS,BURNING MOUTH SYNDROME & FIBROEPITHELIAL POLYP,ADVISE SYMPTOMATIC TREATMENT. FOLLOW UP IS MUST. REFER TO A SPECIALIST FOR ADVISE ON BIOPSY.,,
43,,,,,
IrregularM1M2RedWhiteRoundMNADDarkSharpYes MouthHyesBmucosa,TRAUMATICULCER ,SPECKLED LEUKOPLAKIA & CARCINOMA INSITU,ADVISE SYMPTOMATIC TREATMENT AND TO STOP THE HABIT. FOLLOW UP IS MUST. REFER TO A SPECIALIST FOR ADVISE ON BIOPSY.,,
IrregularM1M2RedWhiteRoundMNADDarkSharpYes MouthHyesBsulcus,TRAUMATICULCER ,SPECKLED LEUKOPLAKIA & CARCINOMA INSITU,ADVISE SYMPTOMATIC TREATMENT AND TO STOP THE HABIT. FOLLOW UP IS MUST. REFER TO A SPECIALIST FOR ADVISE ON BIOPSY.,,
IrregularM1M2RedWhiteRoundMNADDarkSharpYes MouthHyesPalate,TRAUMATICULCER ,SPECKLED LEUKOPLAKIA & CARCINOMA INSITU,ADVISE SYMPTOMATIC TREATMENT AND TO STOP THE HABIT. FOLLOW UP IS MUST. REFER TO A SPECIALIST FOR ADVISE ON BIOPSY.,,
IrregularM1M2RedWhiteRoundMNADDarkSharpYes MouthHyesFloor,TRAUMATICULCER ,SPECKLED LEUKOPLAKIA & CARCINOMA INSITU,ADVISE SYMPTOMATIC TREATMENT AND TO STOP THE HABIT. FOLLOW UP IS MUST. REFER TO A SPECIALIST FOR ADVISE ON BIOPSY.,,
IrregularM1M2RedWhiteRoundMNADDarkSharpYes MouthHyesLateraltongue,TRAUMATICULCER ,SPECKLED LEUKOPLAKIA & CARCINOMA INSITU,ADVISE SYMPTOMATIC TREATMENT AND TO STOP THE HABIT. FOLLOW UP IS MUST. REFER TO A SPECIALIST FOR ADVISE ON BIOPSY.,,
IrregularM1M2RedWhiteRoundMNADDarkSharpYes MouthHyesDorsumtongue,TRAUMATICULCER ,SPECKLED LEUKOPLAKIA & CARCINOMA INSITU,ADVISE SYMPTOMATIC TREATMENT AND TO STOP THE HABIT. FOLLOW UP IS MUST. REFER TO A SPECIALIST FOR ADVISE ON BIOPSY.,,
IrregularM1M2RedWhiteRoundMNADDarkSharpYes MouthHyesLip,TRAUMATICULCER ,SPECKLED LEUKOPLAKIA & CARCINOMA INSITU,ADVISE SYMPTOMATIC TREATMENT AND TO STOP THE HABIT. FOLLOW UP IS MUST. REFER TO A SPECIALIST FOR ADVISE ON BIOPSY.,,
IrregularM1M2RedWhiteRoundMNADDarkSharpYes MouthHyesGingiva,TRAUMATICULCER ,SPECKLED LEUKOPLAKIA & CARCINOMA INSITU,ADVISE SYMPTOMATIC TREATMENT AND TO STOP THE HABIT. FOLLOW UP IS MUST. REFER TO A SPECIALIST FOR ADVISE ON BIOPSY.,,
IrregularM1M2RedWhiteRoundMNADDarkSharpYes MouthHyesRetromolararea,TRAUMATICULCER ,SPECKLED LEUKOPLAKIA & CARCINOMA INSITU,ADVISE SYMPTOMATIC TREATMENT AND TO STOP THE HABIT. FOLLOW UP IS MUST. REFER TO A SPECIALIST FOR ADVISE ON BIOPSY.,,
IrregularM1M2RedWhiteRoundMNADPiNADSharpYes MouthHyesBmucosa,TRAUMATICULCER ,SPECKLED LEUKOPLAKIA & CARCINOMA INSITU,ADVISE SYMPTOMATIC TREATMENT AND TO STOP THE HABIT. FOLLOW UP IS MUST. REFER TO A SPECIALIST FOR ADVISE ON BIOPSY.,,
IrregularM1M2RedWhiteRoundMNADPiNADSharpYes MouthHyesBsulcus,TRAUMATICULCER ,SPECKLED LEUKOPLAKIA & CARCINOMA INSITU,ADVISE SYMPTOMATIC TREATMENT AND TO STOP THE HABIT. FOLLOW UP IS MUST. REFER TO A SPECIALIST FOR ADVISE ON BIOPSY.,,
IrregularM1M2RedWhiteRoundMNADPiNADSharpYes MouthHyesPalate,TRAUMATICULCER ,SPECKLED LEUKOPLAKIA & CARCINOMA INSITU,ADVISE SYMPTOMATIC TREATMENT AND TO STOP THE HABIT. FOLLOW UP IS MUST. REFER TO A SPECIALIST FOR ADVISE ON BIOPSY.,,
IrregularM1M2RedWhiteRoundMNADPiNADSharpYes MouthHyesFloor,TRAUMATICULCER ,SPECKLED LEUKOPLAKIA & CARCINOMA INSITU,ADVISE SYMPTOMATIC TREATMENT AND TO STOP THE HABIT. FOLLOW UP IS MUST. REFER TO A SPECIALIST FOR ADVISE ON BIOPSY.,,
IrregularM1M2RedWhiteRoundMNADPiNADSharpYes MouthHyesLateraltongue,TRAUMATICULCER ,SPECKLED LEUKOPLAKIA & CARCINOMA INSITU,ADVISE SYMPTOMATIC TREATMENT AND TO STOP THE HABIT. FOLLOW UP IS MUST. REFER TO A SPECIALIST FOR ADVISE ON BIOPSY.,,
IrregularM1M2RedWhiteRoundMNADPiNADSharpYes MouthHyesDorsumtongue,TRAUMATICULCER ,SPECKLED LEUKOPLAKIA & CARCINOMA INSITU,ADVISE SYMPTOMATIC TREATMENT AND TO STOP THE HABIT. FOLLOW UP IS MUST. REFER TO A SPECIALIST FOR ADVISE ON BIOPSY.,,
IrregularM1M2RedWhiteRoundMNADPiNADSharpYes MouthHyesLip,TRAUMATICULCER ,SPECKLED LEUKOPLAKIA & CARCINOMA INSITU,ADVISE SYMPTOMATIC TREATMENT AND TO STOP THE HABIT. FOLLOW UP IS MUST. REFER TO A SPECIALIST FOR ADVISE ON BIOPSY.,,
IrregularM1M2RedWhiteRoundMNADPiNADSharpYes MouthHyesGingiva,TRAUMATICULCER ,SPECKLED LEUKOPLAKIA & CARCINOMA INSITU,ADVISE SYMPTOMATIC TREATMENT AND TO STOP THE HABIT. FOLLOW UP IS MUST. REFER TO A SPECIALIST FOR ADVISE ON BIOPSY.,,
IrregularM1M2RedWhiteRoundMNADPiNADSharpYes MouthHyesRetromolararea,TRAUMATICULCER ,SPECKLED LEUKOPLAKIA & CARCINOMA INSITU,ADVISE SYMPTOMATIC TREATMENT AND TO STOP THE HABIT. FOLLOW UP IS MUST. REFER TO A SPECIALIST FOR ADVISE ON BIOPSY.,,
IrregularM1M2RedWhiteRoundMNADDarkSNOYes MouthHNoBmucosa,TRAUMATICULCER ,SPECKLED LEUKOPLAKIA & CARCINOMA INSITU,ADVISE SYMPTOMATIC TREATMENT AND TO STOP THE HABIT. FOLLOW UP IS MUST. REFER TO A SPECIALIST FOR ADVISE ON BIOPSY.,,
IrregularM1M2RedWhiteRoundMNADDarkSNOYes MouthHNoBsulcus,TRAUMATICULCER ,SPECKLED LEUKOPLAKIA & CARCINOMA INSITU,ADVISE SYMPTOMATIC TREATMENT AND TO STOP THE HABIT. FOLLOW UP IS MUST. REFER TO A SPECIALIST FOR ADVISE ON BIOPSY.,,
IrregularM1M2RedWhiteRoundMNADDarkSNOYes MouthHNoPalate,TRAUMATICULCER ,SPECKLED LEUKOPLAKIA & CARCINOMA INSITU,ADVISE SYMPTOMATIC TREATMENT AND TO STOP THE HABIT. FOLLOW UP IS MUST. REFER TO A SPECIALIST FOR ADVISE ON BIOPSY.,,
IrregularM1M2RedWhiteRoundMNADDarkSNOYes MouthHNoFloor,TRAUMATICULCER ,SPECKLED LEUKOPLAKIA & CARCINOMA INSITU,ADVISE SYMPTOMATIC TREATMENT AND TO STOP THE HABIT. FOLLOW UP IS MUST. REFER TO A SPECIALIST FOR ADVISE ON BIOPSY.,,
IrregularM1M2RedWhiteRoundMNADDarkSNOYes MouthHNoLateraltongue,TRAUMATICULCER ,SPECKLED LEUKOPLAKIA & CARCINOMA INSITU,ADVISE SYMPTOMATIC TREATMENT AND TO STOP THE HABIT. FOLLOW UP IS MUST. REFER TO A SPECIALIST FOR ADVISE ON BIOPSY.,,
IrregularM1M2RedWhiteRoundMNADDarkSNOYes MouthHNoDorsumtongue,TRAUMATICULCER ,SPECKLED LEUKOPLAKIA & CARCINOMA INSITU,ADVISE SYMPTOMATIC TREATMENT AND TO STOP THE HABIT. FOLLOW UP IS MUST. REFER TO A SPECIALIST FOR ADVISE ON BIOPSY.,,
IrregularM1M2RedWhiteRoundMNADDarkSNOYes MouthHNoLip,TRAUMATICULCER ,SPECKLED LEUKOPLAKIA & CARCINOMA INSITU,ADVISE SYMPTOMATIC TREATMENT AND TO STOP THE HABIT. FOLLOW UP IS MUST. REFER TO A SPECIALIST FOR ADVISE ON BIOPSY.,,
IrregularM1M2RedWhiteRoundMNADDarkSNOYes MouthHNoGingiva,TRAUMATICULCER ,SPECKLED LEUKOPLAKIA & CARCINOMA INSITU,ADVISE SYMPTOMATIC TREATMENT AND TO STOP THE HABIT. FOLLOW UP IS MUST. REFER TO A SPECIALIST FOR ADVISE ON BIOPSY.,,
IrregularM1M2RedWhiteRoundMNADDarkSNOYes MouthHNoRetromolararea,TRAUMATICULCER ,SPECKLED LEUKOPLAKIA & CARCINOMA INSITU,ADVISE SYMPTOMATIC TREATMENT AND TO STOP THE HABIT. FOLLOW UP IS MUST. REFER TO A SPECIALIST FOR ADVISE ON BIOPSY.,,
IrregularM1M2RedWhiteRoundMNADPiNADSNOYes MouthHNoBmucosa,TRAUMATICULCER ,SPECKLED LEUKOPLAKIA & CARCINOMA INSITU,ADVISE SYMPTOMATIC TREATMENT AND TO STOP THE HABIT. FOLLOW UP IS MUST. REFER TO A SPECIALIST FOR ADVISE ON BIOPSY.,,
IrregularM1M2RedWhiteRoundMNADPiNADSNOYes MouthHNoBsulcus,TRAUMATICULCER ,SPECKLED LEUKOPLAKIA & CARCINOMA INSITU,ADVISE SYMPTOMATIC TREATMENT AND TO STOP THE HABIT. FOLLOW UP IS MUST. REFER TO A SPECIALIST FOR ADVISE ON BIOPSY.,,
IrregularM1M2RedWhiteRoundMNADPiNADSNOYes MouthHNoPalate,TRAUMATICULCER ,SPECKLED LEUKOPLAKIA & CARCINOMA INSITU,ADVISE SYMPTOMATIC TREATMENT AND TO STOP THE HABIT. FOLLOW UP IS MUST. REFER TO A SPECIALIST FOR ADVISE ON BIOPSY.,,
IrregularM1M2RedWhiteRoundMNADPiNADSNOYes MouthHNoFloor,TRAUMATICULCER ,SPECKLED LEUKOPLAKIA & CARCINOMA INSITU,ADVISE SYMPTOMATIC TREATMENT AND TO STOP THE HABIT. FOLLOW UP IS MUST. REFER TO A SPECIALIST FOR ADVISE ON BIOPSY.,,
IrregularM1M2RedWhiteRoundMNADPiNADSNOYes MouthHNoLateraltongue,TRAUMATICULCER ,SPECKLED LEUKOPLAKIA & CARCINOMA INSITU,ADVISE SYMPTOMATIC TREATMENT AND TO STOP THE HABIT. FOLLOW UP IS MUST. REFER TO A SPECIALIST FOR ADVISE ON BIOPSY.,,
IrregularM1M2RedWhiteRoundMNADPiNADSNOYes MouthHNoDorsumtongue,TRAUMATICULCER ,SPECKLED LEUKOPLAKIA & CARCINOMA INSITU,ADVISE SYMPTOMATIC TREATMENT AND TO STOP THE HABIT. FOLLOW UP IS MUST. REFER TO A SPECIALIST FOR ADVISE ON BIOPSY.,,
IrregularM1M2RedWhiteRoundMNADPiNADSNOYes MouthHNoLip,TRAUMATICULCER ,SPECKLED LEUKOPLAKIA & CARCINOMA INSITU,ADVISE SYMPTOMATIC TREATMENT AND TO STOP THE HABIT. FOLLOW UP IS MUST. REFER TO A SPECIALIST FOR ADVISE ON BIOPSY.,,
IrregularM1M2RedWhiteRoundMNADPiNADSNOYes MouthHNoGingiva,TRAUMATICULCER ,SPECKLED LEUKOPLAKIA & CARCINOMA INSITU,ADVISE SYMPTOMATIC TREATMENT AND TO STOP THE HABIT. FOLLOW UP IS MUST. REFER TO A SPECIALIST FOR ADVISE ON BIOPSY.,,
IrregularM1M2RedWhiteRoundMNADPiNADSNOYes MouthHNoRetromolararea,TRAUMATICULCER ,SPECKLED LEUKOPLAKIA & CARCINOMA INSITU,ADVISE SYMPTOMATIC TREATMENT AND TO STOP THE HABIT. FOLLOW UP IS MUST. REFER TO A SPECIALIST FOR ADVISE ON BIOPSY.,,
IrregularL1M2RedWhiteRoundMNADDarkSharpYes MouthHyesBmucosa,TRAUMATICULCER ,SPECKLED LEUKOPLAKIA & CARCINOMA INSITU,ADVISE SYMPTOMATIC TREATMENT AND TO STOP THE HABIT. FOLLOW UP IS MUST. REFER TO A SPECIALIST FOR ADVISE ON BIOPSY.,,
IrregularL1M2RedWhiteRoundMNADDarkSharpYes MouthHyesBsulcus,TRAUMATICULCER ,SPECKLED LEUKOPLAKIA & CARCINOMA INSITU,ADVISE SYMPTOMATIC TREATMENT AND TO STOP THE HABIT. FOLLOW UP IS MUST. REFER TO A SPECIALIST FOR ADVISE ON BIOPSY.,,
IrregularL1M2RedWhiteRoundMNADDarkSharpYes MouthHyesPalate,TRAUMATICULCER ,SPECKLED LEUKOPLAKIA & CARCINOMA INSITU,ADVISE SYMPTOMATIC TREATMENT AND TO STOP THE HABIT. FOLLOW UP IS MUST. REFER TO A SPECIALIST FOR ADVISE ON BIOPSY.,,
IrregularL1M2RedWhiteRoundMNADDarkSharpYes MouthHyesFloor,TRAUMATICULCER ,SPECKLED LEUKOPLAKIA & CARCINOMA INSITU,ADVISE SYMPTOMATIC TREATMENT AND TO STOP THE HABIT. FOLLOW UP IS MUST. REFER TO A SPECIALIST FOR ADVISE ON BIOPSY.,,
IrregularL1M2RedWhiteRoundMNADDarkSharpYes MouthHyesLateraltongue,TRAUMATICULCER ,SPECKLED LEUKOPLAKIA & CARCINOMA INSITU,ADVISE SYMPTOMATIC TREATMENT AND TO STOP THE HABIT. FOLLOW UP IS MUST. REFER TO A SPECIALIST FOR ADVISE ON BIOPSY.,,
IrregularL1M2RedWhiteRoundMNADDarkSharpYes MouthHyesDorsumtongue,TRAUMATICULCER ,SPECKLED LEUKOPLAKIA & CARCINOMA INSITU,ADVISE SYMPTOMATIC TREATMENT AND TO STOP THE HABIT. FOLLOW UP IS MUST. REFER TO A SPECIALIST FOR ADVISE ON BIOPSY.,,
IrregularL1M2RedWhiteRoundMNADDarkSharpYes MouthHyesLip,TRAUMATICULCER ,SPECKLED LEUKOPLAKIA & CARCINOMA INSITU,ADVISE SYMPTOMATIC TREATMENT AND TO STOP THE HABIT. FOLLOW UP IS MUST. REFER TO A SPECIALIST FOR ADVISE ON BIOPSY.,,
IrregularL1M2RedWhiteRoundMNADDarkSharpYes MouthHyesGingiva,TRAUMATICULCER ,SPECKLED LEUKOPLAKIA & CARCINOMA INSITU,ADVISE SYMPTOMATIC TREATMENT AND TO STOP THE HABIT. FOLLOW UP IS MUST. REFER TO A SPECIALIST FOR ADVISE ON BIOPSY.,,
IrregularL1M2RedWhiteRoundMNADDarkSharpYes MouthHyesRetromolararea,TRAUMATICULCER ,SPECKLED LEUKOPLAKIA & CARCINOMA INSITU,ADVISE SYMPTOMATIC TREATMENT AND TO STOP THE HABIT. FOLLOW UP IS MUST. REFER TO A SPECIALIST FOR ADVISE ON BIOPSY.,,
IrregularL1M2RedWhiteRoundMNADPiNADSharpYes MouthHyesBmucosa,TRAUMATICULCER ,SPECKLED LEUKOPLAKIA & CARCINOMA INSITU,ADVISE SYMPTOMATIC TREATMENT AND TO STOP THE HABIT. FOLLOW UP IS MUST. REFER TO A SPECIALIST FOR ADVISE ON BIOPSY.,,
IrregularL1M2RedWhiteRoundMNADPiNADSharpYes MouthHyesBsulcus,TRAUMATICULCER ,SPECKLED LEUKOPLAKIA & CARCINOMA INSITU,ADVISE SYMPTOMATIC TREATMENT AND TO STOP THE HABIT. FOLLOW UP IS MUST. REFER TO A SPECIALIST FOR ADVISE ON BIOPSY.,,
IrregularL1M2RedWhiteRoundMNADPiNADSharpYes MouthHyesPalate,TRAUMATICULCER ,SPECKLED LEUKOPLAKIA & CARCINOMA INSITU,ADVISE SYMPTOMATIC TREATMENT AND TO STOP THE HABIT. FOLLOW UP IS MUST. REFER TO A SPECIALIST FOR ADVISE ON BIOPSY.,,
IrregularL1M2RedWhiteRoundMNADPiNADSharpYes MouthHyesFloor,TRAUMATICULCER ,SPECKLED LEUKOPLAKIA & CARCINOMA INSITU,ADVISE SYMPTOMATIC TREATMENT AND TO STOP THE HABIT. FOLLOW UP IS MUST. REFER TO A SPECIALIST FOR ADVISE ON BIOPSY.,,
IrregularL1M2RedWhiteRoundMNADPiNADSharpYes MouthHyesLateraltongue,TRAUMATICULCER ,SPECKLED LEUKOPLAKIA & CARCINOMA INSITU,ADVISE SYMPTOMATIC TREATMENT AND TO STOP THE HABIT. FOLLOW UP IS MUST. REFER TO A SPECIALIST FOR ADVISE ON BIOPSY.,,
IrregularL1M2RedWhiteRoundMNADPiNADSharpYes MouthHyesDorsumtongue,TRAUMATICULCER ,SPECKLED LEUKOPLAKIA & CARCINOMA INSITU,ADVISE SYMPTOMATIC TREATMENT AND TO STOP THE HABIT. FOLLOW UP IS MUST. REFER TO A SPECIALIST FOR ADVISE ON BIOPSY.,,
IrregularL1M2RedWhiteRoundMNADPiNADSharpYes MouthHyesLip,TRAUMATICULCER ,SPECKLED LEUKOPLAKIA & CARCINOMA INSITU,ADVISE SYMPTOMATIC TREATMENT AND TO STOP THE HABIT. FOLLOW UP IS MUST. REFER TO A SPECIALIST FOR ADVISE ON BIOPSY.,,
IrregularL1M2RedWhiteRoundMNADPiNADSharpYes MouthHyesGingiva,TRAUMATICULCER ,SPECKLED LEUKOPLAKIA & CARCINOMA INSITU,ADVISE SYMPTOMATIC TREATMENT AND TO STOP THE HABIT. FOLLOW UP IS MUST. REFER TO A SPECIALIST FOR ADVISE ON BIOPSY.,,
IrregularL1M2RedWhiteRoundMNADPiNADSharpYes MouthHyesRetromolararea,TRAUMATICULCER ,SPECKLED LEUKOPLAKIA & CARCINOMA INSITU,ADVISE SYMPTOMATIC TREATMENT AND TO STOP THE HABIT. FOLLOW UP IS MUST. REFER TO A SPECIALIST FOR ADVISE ON BIOPSY.,,
IrregularL1M2RedWhiteRoundMNADDarkSNOYes MouthHNoBmucosa,TRAUMATICULCER ,CANDIDIASIS & FIBROEPITHELIAL POLYP,ADVISE SYMPTOMATIC TREATMENT. FOLLOW UP IS MUST. REFER TO A SPECIALIST FOR ADVISE ON BIOPSY.,,
IrregularL1M2RedWhiteRoundMNADDarkSNOYes MouthHNoBsulcus,TRAUMATICULCER ,CANDIDIASIS & FIBROEPITHELIAL POLYP,ADVISE SYMPTOMATIC TREATMENT. FOLLOW UP IS MUST. REFER TO A SPECIALIST FOR ADVISE ON BIOPSY.,,
IrregularL1M2RedWhiteRoundMNADDarkSNOYes MouthHNoPalate,TRAUMATICULCER ,CANDIDIASIS & FIBROEPITHELIAL POLYP,ADVISE SYMPTOMATIC TREATMENT. FOLLOW UP IS MUST. REFER TO A SPECIALIST FOR ADVISE ON BIOPSY.,,
IrregularL1M2RedWhiteRoundMNADDarkSNOYes MouthHNoFloor,TRAUMATICULCER ,CANDIDIASIS & FIBROEPITHELIAL POLYP,ADVISE SYMPTOMATIC TREATMENT. FOLLOW UP IS MUST. REFER TO A SPECIALIST FOR ADVISE ON BIOPSY.,,
IrregularL1M2RedWhiteRoundMNADDarkSNOYes MouthHNoLateraltongue,TRAUMATICULCER ,CANDIDIASIS & FIBROEPITHELIAL POLYP,ADVISE SYMPTOMATIC TREATMENT. FOLLOW UP IS MUST. REFER TO A SPECIALIST FOR ADVISE ON BIOPSY.,,
IrregularL1M2RedWhiteRoundMNADDarkSNOYes MouthHNoDorsumtongue,TRAUMATICULCER ,CANDIDIASIS & FIBROEPITHELIAL POLYP,ADVISE SYMPTOMATIC TREATMENT. FOLLOW UP IS MUST. REFER TO A SPECIALIST FOR ADVISE ON BIOPSY.,,
IrregularL1M2RedWhiteRoundMNADDarkSNOYes MouthHNoLip,TRAUMATICULCER ,CANDIDIASIS & FIBROEPITHELIAL POLYP,ADVISE SYMPTOMATIC TREATMENT. FOLLOW UP IS MUST. REFER TO A SPECIALIST FOR ADVISE ON BIOPSY.,,
IrregularL1M2RedWhiteRoundMNADDarkSNOYes MouthHNoGingiva,TRAUMATICULCER ,CANDIDIASIS & FIBROEPITHELIAL POLYP,ADVISE SYMPTOMATIC TREATMENT. FOLLOW UP IS MUST. REFER TO A SPECIALIST FOR ADVISE ON BIOPSY.,,
IrregularL1M2RedWhiteRoundMNADDarkSNOYes MouthHNoRetromolararea,TRAUMATICULCER ,CANDIDIASIS & FIBROEPITHELIAL POLYP,ADVISE SYMPTOMATIC TREATMENT. FOLLOW UP IS MUST. REFER TO A SPECIALIST FOR ADVISE ON BIOPSY.,,
IrregularL1M2RedWhiteRoundMNADPiNADSNOYes MouthHNoBmucosa,TRAUMATICULCER ,CANDIDIASIS & FIBROEPITHELIAL POLYP,ADVISE SYMPTOMATIC TREATMENT. FOLLOW UP IS MUST. REFER TO A SPECIALIST FOR ADVISE ON BIOPSY.,,
IrregularL1M2RedWhiteRoundMNADPiNADSNOYes MouthHNoBsulcus,TRAUMATICULCER ,CANDIDIASIS & FIBROEPITHELIAL POLYP,ADVISE SYMPTOMATIC TREATMENT. FOLLOW UP IS MUST. REFER TO A SPECIALIST FOR ADVISE ON BIOPSY.,,
IrregularL1M2RedWhiteRoundMNADPiNADSNOYes MouthHNoPalate,TRAUMATICULCER ,CANDIDIASIS & FIBROEPITHELIAL POLYP,ADVISE SYMPTOMATIC TREATMENT. FOLLOW UP IS MUST. REFER TO A SPECIALIST FOR ADVISE ON BIOPSY.,,
IrregularL1M2RedWhiteRoundMNADPiNADSNOYes MouthHNoFloor,TRAUMATICULCER ,CANDIDIASIS & FIBROEPITHELIAL POLYP,ADVISE SYMPTOMATIC TREATMENT. FOLLOW UP IS MUST. REFER TO A SPECIALIST FOR ADVISE ON BIOPSY.,,
IrregularL1M2RedWhiteRoundMNADPiNADSNOYes MouthHNoLateraltongue,TRAUMATICULCER ,CANDIDIASIS & FIBROEPITHELIAL POLYP,ADVISE SYMPTOMATIC TREATMENT. FOLLOW UP IS MUST. REFER TO A SPECIALIST FOR ADVISE ON BIOPSY.,,
IrregularL1M2RedWhiteRoundMNADPiNADSNOYes MouthHNoDorsumtongue,TRAUMATICULCER ,CANDIDIASIS & FIBROEPITHELIAL POLYP,ADVISE SYMPTOMATIC TREATMENT. FOLLOW UP IS MUST. REFER TO A SPECIALIST FOR ADVISE ON BIOPSY.,,
IrregularL1M2RedWhiteRoundMNADPiNADSNOYes MouthHNoLip,TRAUMATICULCER ,CANDIDIASIS & FIBROEPITHELIAL POLYP,ADVISE SYMPTOMATIC TREATMENT. FOLLOW UP IS MUST. REFER TO A SPECIALIST FOR ADVISE ON BIOPSY.,,
IrregularL1M2RedWhiteRoundMNADPiNADSNOYes MouthHNoGingiva,TRAUMATICULCER ,CANDIDIASIS & FIBROEPITHELIAL POLYP,ADVISE SYMPTOMATIC TREATMENT. FOLLOW UP IS MUST. REFER TO A SPECIALIST FOR ADVISE ON BIOPSY.,,
IrregularL1M2RedWhiteRoundMNADPiNADSNOYes MouthHNoRetromolararea,TRAUMATICULCER ,CANDIDIASIS & FIBROEPITHELIAL POLYP,ADVISE SYMPTOMATIC TREATMENT. FOLLOW UP IS MUST. REFER TO A SPECIALIST FOR ADVISE ON BIOPSY.,,
44,,,,,
UlcerroundRedWhiteRoundMarblewhiteDarkSharpYes MouthHyesBmucosa,TRAUMATICULCER ,SPECKLED LEUKOPLAKIA & OSMF,ADVISE SYMPTOMATIC TREATMENT AND TO STOP THE HABIT. FOLLOW UP IS MUST. REFER TO A SPECIALIST FOR ADVISE ON BIOPSY.,,
UlcerroundRedWhiteRoundMarblewhiteDarkSharpYes MouthHyesBsulcus,TRAUMATICULCER ,SPECKLED LEUKOPLAKIA & OSMF,ADVISE SYMPTOMATIC TREATMENT AND TO STOP THE HABIT. FOLLOW UP IS MUST. REFER TO A SPECIALIST FOR ADVISE ON BIOPSY.,,
UlcerroundRedWhiteRoundMarblewhiteDarkSharpYes MouthHyesPalate,TRAUMATICULCER ,SPECKLED LEUKOPLAKIA & OSMF,ADVISE SYMPTOMATIC TREATMENT AND TO STOP THE HABIT. FOLLOW UP IS MUST. REFER TO A SPECIALIST FOR ADVISE ON BIOPSY.,,
UlcerroundRedWhiteRoundMarblewhiteDarkSharpYes MouthHyesFloor,TRAUMATICULCER ,SPECKLED LEUKOPLAKIA & OSMF,ADVISE SYMPTOMATIC TREATMENT AND TO STOP THE HABIT. FOLLOW UP IS MUST. REFER TO A SPECIALIST FOR ADVISE ON BIOPSY.,,
UlcerroundRedWhiteRoundMarblewhiteDarkSharpYes MouthHyesLateraltongue,TRAUMATICULCER ,SPECKLED LEUKOPLAKIA & OSMF,ADVISE SYMPTOMATIC TREATMENT AND TO STOP THE HABIT. FOLLOW UP IS MUST. REFER TO A SPECIALIST FOR ADVISE ON BIOPSY.,,
UlcerroundRedWhiteRoundMarblewhiteDarkSharpYes MouthHyesDorsumtongue,TRAUMATICULCER ,SPECKLED LEUKOPLAKIA & OSMF,ADVISE SYMPTOMATIC TREATMENT AND TO STOP THE HABIT. FOLLOW UP IS MUST. REFER TO A SPECIALIST FOR ADVISE ON BIOPSY.,,
UlcerroundRedWhiteRoundMarblewhiteDarkSharpYes MouthHyesLip,TRAUMATICULCER ,SPECKLED LEUKOPLAKIA & OSMF,ADVISE SYMPTOMATIC TREATMENT AND TO STOP THE HABIT. FOLLOW UP IS MUST. REFER TO A SPECIALIST FOR ADVISE ON BIOPSY.,,
UlcerroundRedWhiteRoundMarblewhiteDarkSharpYes MouthHyesGingiva,TRAUMATICULCER ,SPECKLED LEUKOPLAKIA & OSMF,ADVISE SYMPTOMATIC TREATMENT AND TO STOP THE HABIT. FOLLOW UP IS MUST. REFER TO A SPECIALIST FOR ADVISE ON BIOPSY.,,
UlcerroundRedWhiteRoundMarblewhiteDarkSharpYes MouthHyesRetromolararea,TRAUMATICULCER ,SPECKLED LEUKOPLAKIA & OSMF,ADVISE SYMPTOMATIC TREATMENT AND TO STOP THE HABIT. FOLLOW UP IS MUST. REFER TO A SPECIALIST FOR ADVISE ON BIOPSY.,,
UlcerroundRedWhiteRoundMarblewhitePiNADSharpYes MouthHyesBmucosa,TRAUMATICULCER ,SPECKLED LEUKOPLAKIA & OSMF,ADVISE SYMPTOMATIC TREATMENT AND TO STOP THE HABIT. FOLLOW UP IS MUST. REFER TO A SPECIALIST FOR ADVISE ON BIOPSY.,,
UlcerroundRedWhiteRoundMarblewhitePiNADSharpYes MouthHyesBsulcus,TRAUMATICULCER ,SPECKLED LEUKOPLAKIA & OSMF,ADVISE SYMPTOMATIC TREATMENT AND TO STOP THE HABIT. FOLLOW UP IS MUST. REFER TO A SPECIALIST FOR ADVISE ON BIOPSY.,,
UlcerroundRedWhiteRoundMarblewhitePiNADSharpYes MouthHyesPalate,TRAUMATICULCER ,SPECKLED LEUKOPLAKIA & OSMF,ADVISE SYMPTOMATIC TREATMENT AND TO STOP THE HABIT. FOLLOW UP IS MUST. REFER TO A SPECIALIST FOR ADVISE ON BIOPSY.,,
UlcerroundRedWhiteRoundMarblewhitePiNADSharpYes MouthHyesFloor,TRAUMATICULCER ,SPECKLED LEUKOPLAKIA & OSMF,ADVISE SYMPTOMATIC TREATMENT AND TO STOP THE HABIT. FOLLOW UP IS MUST. REFER TO A SPECIALIST FOR ADVISE ON BIOPSY.,,
UlcerroundRedWhiteRoundMarblewhitePiNADSharpYes MouthHyesLateraltongue,TRAUMATICULCER ,SPECKLED LEUKOPLAKIA & OSMF,ADVISE SYMPTOMATIC TREATMENT AND TO STOP THE HABIT. FOLLOW UP IS MUST. REFER TO A SPECIALIST FOR ADVISE ON BIOPSY.,,
UlcerroundRedWhiteRoundMarblewhitePiNADSharpYes MouthHyesDorsumtongue,TRAUMATICULCER ,SPECKLED LEUKOPLAKIA & OSMF,ADVISE SYMPTOMATIC TREATMENT AND TO STOP THE HABIT. FOLLOW UP IS MUST. REFER TO A SPECIALIST FOR ADVISE ON BIOPSY.,,
UlcerroundRedWhiteRoundMarblewhitePiNADSharpYes MouthHyesLip,TRAUMATICULCER ,SPECKLED LEUKOPLAKIA & OSMF,ADVISE SYMPTOMATIC TREATMENT AND TO STOP THE HABIT. FOLLOW UP IS MUST. REFER TO A SPECIALIST FOR ADVISE ON BIOPSY.,,
UlcerroundRedWhiteRoundMarblewhitePiNADSharpYes MouthHyesGingiva,TRAUMATICULCER ,SPECKLED LEUKOPLAKIA & OSMF,ADVISE SYMPTOMATIC TREATMENT AND TO STOP THE HABIT. FOLLOW UP IS MUST. REFER TO A SPECIALIST FOR ADVISE ON BIOPSY.,,
UlcerroundRedWhiteRoundMarblewhitePiNADSharpYes MouthHyesRetromolararea,TRAUMATICULCER ,SPECKLED LEUKOPLAKIA & OSMF,ADVISE SYMPTOMATIC TREATMENT AND TO STOP THE HABIT. FOLLOW UP IS MUST. REFER TO A SPECIALIST FOR ADVISE ON BIOPSY.,,
UlcerroundRedWhiteRoundMNADDarkSharpYes MouthHyesBmucosa,TRAUMATICULCER ,SPECKLED LEUKOPLAKIA & CARCINOMA INSITU,ADVISE SYMPTOMATIC TREATMENT AND TO STOP THE HABIT. FOLLOW UP IS MUST. REFER TO A SPECIALIST FOR ADVISE ON BIOPSY.,,
UlcerroundRedWhiteRoundMNADDarkSharpYes MouthHyesBsulcus,TRAUMATICULCER ,SPECKLED LEUKOPLAKIA & CARCINOMA INSITU,ADVISE SYMPTOMATIC TREATMENT AND TO STOP THE HABIT. FOLLOW UP IS MUST. REFER TO A SPECIALIST FOR ADVISE ON BIOPSY.,,
UlcerroundRedWhiteRoundMNADDarkSharpYes MouthHyesPalate,TRAUMATICULCER ,SPECKLED LEUKOPLAKIA & CARCINOMA INSITU,ADVISE SYMPTOMATIC TREATMENT AND TO STOP THE HABIT. FOLLOW UP IS MUST. REFER TO A SPECIALIST FOR ADVISE ON BIOPSY.,,
UlcerroundRedWhiteRoundMNADDarkSharpYes MouthHyesFloor,TRAUMATICULCER ,SPECKLED LEUKOPLAKIA & CARCINOMA INSITU,ADVISE SYMPTOMATIC TREATMENT AND TO STOP THE HABIT. FOLLOW UP IS MUST. REFER TO A SPECIALIST FOR ADVISE ON BIOPSY.,,
UlcerroundRedWhiteRoundMNADDarkSharpYes MouthHyesLateraltongue,TRAUMATICULCER ,SPECKLED LEUKOPLAKIA & CARCINOMA INSITU,ADVISE SYMPTOMATIC TREATMENT AND TO STOP THE HABIT. FOLLOW UP IS MUST. REFER TO A SPECIALIST FOR ADVISE ON BIOPSY.,,
UlcerroundRedWhiteRoundMNADDarkSharpYes MouthHyesDorsumtongue,TRAUMATICULCER ,SPECKLED LEUKOPLAKIA & CARCINOMA INSITU,ADVISE SYMPTOMATIC TREATMENT AND TO STOP THE HABIT. FOLLOW UP IS MUST. REFER TO A SPECIALIST FOR ADVISE ON BIOPSY.,,
UlcerroundRedWhiteRoundMNADDarkSharpYes MouthHyesLip,TRAUMATICULCER ,SPECKLED LEUKOPLAKIA & CARCINOMA INSITU,ADVISE SYMPTOMATIC TREATMENT AND TO STOP THE HABIT. FOLLOW UP IS MUST. REFER TO A SPECIALIST FOR ADVISE ON BIOPSY.,,
UlcerroundRedWhiteRoundMNADDarkSharpYes MouthHyesGingiva,TRAUMATICULCER ,SPECKLED LEUKOPLAKIA & CARCINOMA INSITU,ADVISE SYMPTOMATIC TREATMENT AND TO STOP THE HABIT. FOLLOW UP IS MUST. REFER TO A SPECIALIST FOR ADVISE ON BIOPSY.,,
UlcerroundRedWhiteRoundMNADDarkSharpYes MouthHyesRetromolararea,TRAUMATICULCER ,SPECKLED LEUKOPLAKIA & CARCINOMA INSITU,ADVISE SYMPTOMATIC TREATMENT AND TO STOP THE HABIT. FOLLOW UP IS MUST. REFER TO A SPECIALIST FOR ADVISE ON BIOPSY.,,
UlcerroundRedWhiteRoundMNADPiNADSharpYes MouthHyesBmucosa,TRAUMATICULCER ,SPECKLED LEUKOPLAKIA & CARCINOMA INSITU,ADVISE SYMPTOMATIC TREATMENT AND TO STOP THE HABIT. FOLLOW UP IS MUST. REFER TO A SPECIALIST FOR ADVISE ON BIOPSY.,,
UlcerroundRedWhiteRoundMNADPiNADSharpYes MouthHyesBsulcus,TRAUMATICULCER ,SPECKLED LEUKOPLAKIA & CARCINOMA INSITU,ADVISE SYMPTOMATIC TREATMENT AND TO STOP THE HABIT. FOLLOW UP IS MUST. REFER TO A SPECIALIST FOR ADVISE ON BIOPSY.,,
UlcerroundRedWhiteRoundMNADPiNADSharpYes MouthHyesPalate,TRAUMATICULCER ,SPECKLED LEUKOPLAKIA & CARCINOMA INSITU,ADVISE SYMPTOMATIC TREATMENT AND TO STOP THE HABIT. FOLLOW UP IS MUST. REFER TO A SPECIALIST FOR ADVISE ON BIOPSY.,,
UlcerroundRedWhiteRoundMNADPiNADSharpYes MouthHyesFloor,TRAUMATICULCER ,SPECKLED LEUKOPLAKIA & CARCINOMA INSITU,ADVISE SYMPTOMATIC TREATMENT AND TO STOP THE HABIT. FOLLOW UP IS MUST. REFER TO A SPECIALIST FOR ADVISE ON BIOPSY.,,
UlcerroundRedWhiteRoundMNADPiNADSharpYes MouthHyesLateraltongue,TRAUMATICULCER ,SPECKLED LEUKOPLAKIA & CARCINOMA INSITU,ADVISE SYMPTOMATIC TREATMENT AND TO STOP THE HABIT. FOLLOW UP IS MUST. REFER TO A SPECIALIST FOR ADVISE ON BIOPSY.,,
UlcerroundRedWhiteRoundMNADPiNADSharpYes MouthHyesDorsumtongue,TRAUMATICULCER ,SPECKLED LEUKOPLAKIA & CARCINOMA INSITU,ADVISE SYMPTOMATIC TREATMENT AND TO STOP THE HABIT. FOLLOW UP IS MUST. REFER TO A SPECIALIST FOR ADVISE ON BIOPSY.,,
UlcerroundRedWhiteRoundMNADPiNADSharpYes MouthHyesLip,TRAUMATICULCER ,SPECKLED LEUKOPLAKIA & CARCINOMA INSITU,ADVISE SYMPTOMATIC TREATMENT AND TO STOP THE HABIT. FOLLOW UP IS MUST. REFER TO A SPECIALIST FOR ADVISE ON BIOPSY.,,
UlcerroundRedWhiteRoundMNADPiNADSharpYes MouthHyesGingiva,TRAUMATICULCER ,SPECKLED LEUKOPLAKIA & CARCINOMA INSITU,ADVISE SYMPTOMATIC TREATMENT AND TO STOP THE HABIT. FOLLOW UP IS MUST. REFER TO A SPECIALIST FOR ADVISE ON BIOPSY.,,
UlcerroundRedWhiteRoundMNADPiNADSharpYes MouthHyesRetromolararea,TRAUMATICULCER ,SPECKLED LEUKOPLAKIA & CARCINOMA INSITU,ADVISE SYMPTOMATIC TREATMENT AND TO STOP THE HABIT. FOLLOW UP IS MUST. REFER TO A SPECIALIST FOR ADVISE ON BIOPSY.,,
UlcerroundRedWhiteRoundMarblewhiteDarkSNOYes MouthHnoBmucosa,TRAUMATICULCER ,CANDIDIASIS & CARCINOMA IN SITU,ADVISE SYMPTOMATIC TREATMENT. FOLLOW UP IS MUST. REFER TO A SPECIALIST FOR ADVISE ON BIOPSY.,,
UlcerroundRedWhiteRoundMarblewhiteDarkSNOYes MouthHnoBsulcus,TRAUMATICULCER ,CANDIDIASIS & CARCINOMA IN SITU,ADVISE SYMPTOMATIC TREATMENT. FOLLOW UP IS MUST. REFER TO A SPECIALIST FOR ADVISE ON BIOPSY.,,
UlcerroundRedWhiteRoundMarblewhiteDarkSNOYes MouthHnoPalate,TRAUMATICULCER ,CANDIDIASIS & CARCINOMA IN SITU,ADVISE SYMPTOMATIC TREATMENT. FOLLOW UP IS MUST. REFER TO A SPECIALIST FOR ADVISE ON BIOPSY.,,
UlcerroundRedWhiteRoundMarblewhiteDarkSNOYes MouthHnoFloor,TRAUMATICULCER ,CANDIDIASIS & CARCINOMA IN SITU,ADVISE SYMPTOMATIC TREATMENT. FOLLOW UP IS MUST. REFER TO A SPECIALIST FOR ADVISE ON BIOPSY.,,
UlcerroundRedWhiteRoundMarblewhiteDarkSNOYes MouthHnoLateraltongue,TRAUMATICULCER ,CANDIDIASIS & CARCINOMA IN SITU,ADVISE SYMPTOMATIC TREATMENT. FOLLOW UP IS MUST. REFER TO A SPECIALIST FOR ADVISE ON BIOPSY.,,
UlcerroundRedWhiteRoundMarblewhiteDarkSNOYes MouthHnoDorsumtongue,TRAUMATICULCER ,CANDIDIASIS & CARCINOMA IN SITU,ADVISE SYMPTOMATIC TREATMENT. FOLLOW UP IS MUST. REFER TO A SPECIALIST FOR ADVISE ON BIOPSY.,,
UlcerroundRedWhiteRoundMarblewhiteDarkSNOYes MouthHnoLip,TRAUMATICULCER ,CANDIDIASIS & CARCINOMA IN SITU,ADVISE SYMPTOMATIC TREATMENT. FOLLOW UP IS MUST. REFER TO A SPECIALIST FOR ADVISE ON BIOPSY.,,
UlcerroundRedWhiteRoundMarblewhiteDarkSNOYes MouthHnoGingiva,TRAUMATICULCER ,CANDIDIASIS & CARCINOMA IN SITU,ADVISE SYMPTOMATIC TREATMENT. FOLLOW UP IS MUST. REFER TO A SPECIALIST FOR ADVISE ON BIOPSY.,,
UlcerroundRedWhiteRoundMarblewhiteDarkSNOYes MouthHnoRetromolararea,TRAUMATICULCER ,CANDIDIASIS & CARCINOMA IN SITU,ADVISE SYMPTOMATIC TREATMENT. FOLLOW UP IS MUST. REFER TO A SPECIALIST FOR ADVISE ON BIOPSY.,,
UlcerroundRedWhiteRoundMarblewhitePiNADSNOYes MouthHnoBmucosa,TRAUMATICULCER ,CANDIDIASIS & CARCINOMA IN SITU,ADVISE SYMPTOMATIC TREATMENT. FOLLOW UP IS MUST. REFER TO A SPECIALIST FOR ADVISE ON BIOPSY.,,
UlcerroundRedWhiteRoundMarblewhitePiNADSNOYes MouthHnoBsulcus,TRAUMATICULCER ,CANDIDIASIS & CARCINOMA IN SITU,ADVISE SYMPTOMATIC TREATMENT. FOLLOW UP IS MUST. REFER TO A SPECIALIST FOR ADVISE ON BIOPSY.,,
UlcerroundRedWhiteRoundMarblewhitePiNADSNOYes MouthHnoPalate,TRAUMATICULCER ,CANDIDIASIS & CARCINOMA IN SITU,ADVISE SYMPTOMATIC TREATMENT. FOLLOW UP IS MUST. REFER TO A SPECIALIST FOR ADVISE ON BIOPSY.,,
UlcerroundRedWhiteRoundMarblewhitePiNADSNOYes MouthHnoFloor,TRAUMATICULCER ,CANDIDIASIS & CARCINOMA IN SITU,ADVISE SYMPTOMATIC TREATMENT. FOLLOW UP IS MUST. REFER TO A SPECIALIST FOR ADVISE ON BIOPSY.,,
UlcerroundRedWhiteRoundMarblewhitePiNADSNOYes MouthHnoLateraltongue,TRAUMATICULCER ,CANDIDIASIS & CARCINOMA IN SITU,ADVISE SYMPTOMATIC TREATMENT. FOLLOW UP IS MUST. REFER TO A SPECIALIST FOR ADVISE ON BIOPSY.,,
UlcerroundRedWhiteRoundMarblewhitePiNADSNOYes MouthHnoDorsumtongue,TRAUMATICULCER ,CANDIDIASIS & CARCINOMA IN SITU,ADVISE SYMPTOMATIC TREATMENT. FOLLOW UP IS MUST. REFER TO A SPECIALIST FOR ADVISE ON BIOPSY.,,
UlcerroundRedWhiteRoundMarblewhitePiNADSNOYes MouthHnoLip,TRAUMATICULCER ,CANDIDIASIS & CARCINOMA IN SITU,ADVISE SYMPTOMATIC TREATMENT. FOLLOW UP IS MUST. REFER TO A SPECIALIST FOR ADVISE ON BIOPSY.,,
UlcerroundRedWhiteRoundMarblewhitePiNADSNOYes MouthHnoGingiva,TRAUMATICULCER ,CANDIDIASIS & CARCINOMA IN SITU,ADVISE SYMPTOMATIC TREATMENT. FOLLOW UP IS MUST. REFER TO A SPECIALIST FOR ADVISE ON BIOPSY.,,
UlcerroundRedWhiteRoundMarblewhitePiNADSNOYes MouthHnoRetromolararea,TRAUMATICULCER ,CANDIDIASIS & CARCINOMA IN SITU,ADVISE SYMPTOMATIC TREATMENT. FOLLOW UP IS MUST. REFER TO A SPECIALIST FOR ADVISE ON BIOPSY.,,
UlcerroundRedWhiteRoundMNADDarkSNOYes MouthHnoBmucosa,TRAUMATICULCER ,CANDIDIASIS & FIBROEPITHELIAL POLYP,ADVISE SYMPTOMATIC TREATMENT. FOLLOW UP IS MUST. REFER TO A SPECIALIST FOR ADVISE ON BIOPSY.,,
UlcerroundRedWhiteRoundMNADDarkSNOYes MouthHnoBsulcus,TRAUMATICULCER ,CANDIDIASIS & FIBROEPITHELIAL POLYP,ADVISE SYMPTOMATIC TREATMENT. FOLLOW UP IS MUST. REFER TO A SPECIALIST FOR ADVISE ON BIOPSY.,,
UlcerroundRedWhiteRoundMNADDarkSNOYes MouthHnoPalate,TRAUMATICULCER ,CANDIDIASIS & FIBROEPITHELIAL POLYP,ADVISE SYMPTOMATIC TREATMENT. FOLLOW UP IS MUST. REFER TO A SPECIALIST FOR ADVISE ON BIOPSY.,,
UlcerroundRedWhiteRoundMNADDarkSNOYes MouthHnoFloor,TRAUMATICULCER ,CANDIDIASIS & FIBROEPITHELIAL POLYP,ADVISE SYMPTOMATIC TREATMENT. FOLLOW UP IS MUST. REFER TO A SPECIALIST FOR ADVISE ON BIOPSY.,,
UlcerroundRedWhiteRoundMNADDarkSNOYes MouthHnoLateraltongue,TRAUMATICULCER ,CANDIDIASIS & FIBROEPITHELIAL POLYP,ADVISE SYMPTOMATIC TREATMENT. FOLLOW UP IS MUST. REFER TO A SPECIALIST FOR ADVISE ON BIOPSY.,,
UlcerroundRedWhiteRoundMNADDarkSNOYes MouthHnoDorsumtongue,TRAUMATICULCER ,CANDIDIASIS & FIBROEPITHELIAL POLYP,ADVISE SYMPTOMATIC TREATMENT. FOLLOW UP IS MUST. REFER TO A SPECIALIST FOR ADVISE ON BIOPSY.,,
UlcerroundRedWhiteRoundMNADDarkSNOYes MouthHnoLip,TRAUMATICULCER ,CANDIDIASIS & FIBROEPITHELIAL POLYP,ADVISE SYMPTOMATIC TREATMENT. FOLLOW UP IS MUST. REFER TO A SPECIALIST FOR ADVISE ON BIOPSY.,,
UlcerroundRedWhiteRoundMNADDarkSNOYes MouthHnoGingiva,TRAUMATICULCER ,CANDIDIASIS & FIBROEPITHELIAL POLYP,ADVISE SYMPTOMATIC TREATMENT. FOLLOW UP IS MUST. REFER TO A SPECIALIST FOR ADVISE ON BIOPSY.,,
UlcerroundRedWhiteRoundMNADDarkSNOYes MouthHnoRetromolararea,TRAUMATICULCER ,CANDIDIASIS & FIBROEPITHELIAL POLYP,ADVISE SYMPTOMATIC TREATMENT. FOLLOW UP IS MUST. REFER TO A SPECIALIST FOR ADVISE ON BIOPSY.,,
UlcerroundRedWhiteRoundMNADPiNADSNOYes MouthHnoBmucosa,TRAUMATICULCER ,CANDIDIASIS & FIBROEPITHELIAL POLYP,ADVISE SYMPTOMATIC TREATMENT. FOLLOW UP IS MUST. REFER TO A SPECIALIST FOR ADVISE ON BIOPSY.,,
UlcerroundRedWhiteRoundMNADPiNADSNOYes MouthHnoBsulcus,TRAUMATICULCER ,CANDIDIASIS & FIBROEPITHELIAL POLYP,ADVISE SYMPTOMATIC TREATMENT. FOLLOW UP IS MUST. REFER TO A SPECIALIST FOR ADVISE ON BIOPSY.,,
UlcerroundRedWhiteRoundMNADPiNADSNOYes MouthHnoPalate,TRAUMATICULCER ,CANDIDIASIS & FIBROEPITHELIAL POLYP,ADVISE SYMPTOMATIC TREATMENT. FOLLOW UP IS MUST. REFER TO A SPECIALIST FOR ADVISE ON BIOPSY.,,
UlcerroundRedWhiteRoundMNADPiNADSNOYes MouthHnoFloor,TRAUMATICULCER ,CANDIDIASIS & FIBROEPITHELIAL POLYP,ADVISE SYMPTOMATIC TREATMENT. FOLLOW UP IS MUST. REFER TO A SPECIALIST FOR ADVISE ON BIOPSY.,,
UlcerroundRedWhiteRoundMNADPiNADSNOYes MouthHnoLateraltongue,TRAUMATICULCER ,CANDIDIASIS & FIBROEPITHELIAL POLYP,ADVISE SYMPTOMATIC TREATMENT. FOLLOW UP IS MUST. REFER TO A SPECIALIST FOR ADVISE ON BIOPSY.,,
UlcerroundRedWhiteRoundMNADPiNADSNOYes MouthHnoDorsumtongue,TRAUMATICULCER ,CANDIDIASIS & FIBROEPITHELIAL POLYP,ADVISE SYMPTOMATIC TREATMENT. FOLLOW UP IS MUST. REFER TO A SPECIALIST FOR ADVISE ON BIOPSY.,,
UlcerroundRedWhiteRoundMNADPiNADSNOYes MouthHnoLip,TRAUMATICULCER ,CANDIDIASIS & FIBROEPITHELIAL POLYP,ADVISE SYMPTOMATIC TREATMENT. FOLLOW UP IS MUST. REFER TO A SPECIALIST FOR ADVISE ON BIOPSY.,,
UlcerroundRedWhiteRoundMNADPiNADSNOYes MouthHnoGingiva,TRAUMATICULCER ,CANDIDIASIS & FIBROEPITHELIAL POLYP,ADVISE SYMPTOMATIC TREATMENT. FOLLOW UP IS MUST. REFER TO A SPECIALIST FOR ADVISE ON BIOPSY.,,
UlcerroundRedWhiteRoundMNADPiNADSNOYes MouthHnoRetromolararea,TRAUMATICULCER ,CANDIDIASIS & FIBROEPITHELIAL POLYP,ADVISE SYMPTOMATIC TREATMENT. FOLLOW UP IS MUST. REFER TO A SPECIALIST FOR ADVISE ON BIOPSY.,,
45,,,,,
UNADRedRoundMarblewhiteDarkSharpYesHyesBmucosa,SPECKLED LEUKOPLAKIA,OSMF & CARCINOMA IN SITU,ADVISE SYMPTOMATIC TREATMENT AND TO STOP THE HABIT. FOLLOW UP IS MUST. REFER TO A SPECIALIST FOR ADVISE ON BIOPSY.,,
UNADRedRoundMarblewhiteDarkSharpYesHyesBsulcus,SPECKLED LEUKOPLAKIA,OSMF & CARCINOMA IN SITU,ADVISE SYMPTOMATIC TREATMENT AND TO STOP THE HABIT. FOLLOW UP IS MUST. REFER TO A SPECIALIST FOR ADVISE ON BIOPSY.,,
UNADRedRoundMarblewhiteDarkSharpYesHyesPalate,SPECKLED LEUKOPLAKIA,OSMF & CARCINOMA IN SITU,ADVISE SYMPTOMATIC TREATMENT AND TO STOP THE HABIT. FOLLOW UP IS MUST. REFER TO A SPECIALIST FOR ADVISE ON BIOPSY.,,
UNADRedRoundMarblewhiteDarkSharpYesHyesFloor,SPECKLED LEUKOPLAKIA,OSMF & CARCINOMA IN SITU,ADVISE SYMPTOMATIC TREATMENT AND TO STOP THE HABIT. FOLLOW UP IS MUST. REFER TO A SPECIALIST FOR ADVISE ON BIOPSY.,,
UNADRedRoundMarblewhiteDarkSharpYesHyesLateraltongue,SPECKLED LEUKOPLAKIA,OSMF & CARCINOMA IN SITU,ADVISE SYMPTOMATIC TREATMENT AND TO STOP THE HABIT. FOLLOW UP IS MUST. REFER TO A SPECIALIST FOR ADVISE ON BIOPSY.,,
UNADRedRoundMarblewhiteDarkSharpYesHyesDorsumtongue,SPECKLED LEUKOPLAKIA,OSMF & CARCINOMA IN SITU,ADVISE SYMPTOMATIC TREATMENT AND TO STOP THE HABIT. FOLLOW UP IS MUST. REFER TO A SPECIALIST FOR ADVISE ON BIOPSY.,,
UNADRedRoundMarblewhiteDarkSharpYesHyesLip,SPECKLED LEUKOPLAKIA,OSMF & CARCINOMA IN SITU,ADVISE SYMPTOMATIC TREATMENT AND TO STOP THE HABIT. FOLLOW UP IS MUST. REFER TO A SPECIALIST FOR ADVISE ON BIOPSY.,,
UNADRedRoundMarblewhiteDarkSharpYesHyesGingiva,SPECKLED LEUKOPLAKIA,OSMF & CARCINOMA IN SITU,ADVISE SYMPTOMATIC TREATMENT AND TO STOP THE HABIT. FOLLOW UP IS MUST. REFER TO A SPECIALIST FOR ADVISE ON BIOPSY.,,
UNADRedRoundMarblewhiteDarkSharpYesHyesRetromolararea,SPECKLED LEUKOPLAKIA,OSMF & CARCINOMA IN SITU,ADVISE SYMPTOMATIC TREATMENT AND TO STOP THE HABIT. FOLLOW UP IS MUST. REFER TO A SPECIALIST FOR ADVISE ON BIOPSY.,,
UNADWhiteRoundMarblewhiteDarkSharpYesHyesBmucosa,ORAL LEUKOPLAKIA,OSMF &  IRRITATION FIBROMA,ADVISE SYMPTOMATIC TREATMENT AND TO STOP THE HABIT. FOLLOW UP IS MUST. REFER TO A SPECIALIST FOR ADVISE ON BIOPSY.,,
UNADWhiteRoundMarblewhiteDarkSharpYesHyesBsulcus,ORAL LEUKOPLAKIA,OSMF &  IRRITATION FIBROMA,ADVISE SYMPTOMATIC TREATMENT AND TO STOP THE HABIT. FOLLOW UP IS MUST. REFER TO A SPECIALIST FOR ADVISE ON BIOPSY.,,
UNADWhiteRoundMarblewhiteDarkSharpYesHyesPalate,ORAL LEUKOPLAKIA,OSMF &  IRRITATION FIBROMA,ADVISE SYMPTOMATIC TREATMENT AND TO STOP THE HABIT. FOLLOW UP IS MUST. REFER TO A SPECIALIST FOR ADVISE ON BIOPSY.,,
UNADWhiteRoundMarblewhiteDarkSharpYesHyesFloor,ORAL LEUKOPLAKIA,OSMF &  IRRITATION FIBROMA,ADVISE SYMPTOMATIC TREATMENT AND TO STOP THE HABIT. FOLLOW UP IS MUST. REFER TO A SPECIALIST FOR ADVISE ON BIOPSY.,,
UNADWhiteRoundMarblewhiteDarkSharpYesHyesLateraltongue,ORAL LEUKOPLAKIA,OSMF &  IRRITATION FIBROMA,ADVISE SYMPTOMATIC TREATMENT AND TO STOP THE HABIT. FOLLOW UP IS MUST. REFER TO A SPECIALIST FOR ADVISE ON BIOPSY.,,
UNADWhiteRoundMarblewhiteDarkSharpYesHyesDorsumtongue,ORAL LEUKOPLAKIA,OSMF &  IRRITATION FIBROMA,ADVISE SYMPTOMATIC TREATMENT AND TO STOP THE HABIT. FOLLOW UP IS MUST. REFER TO A SPECIALIST FOR ADVISE ON BIOPSY.,,
UNADWhiteRoundMarblewhiteDarkSharpYesHyesLip,ORAL LEUKOPLAKIA,OSMF &  IRRITATION FIBROMA,ADVISE SYMPTOMATIC TREATMENT AND TO STOP THE HABIT. FOLLOW UP IS MUST. REFER TO A SPECIALIST FOR ADVISE ON BIOPSY.,,
UNADWhiteRoundMarblewhiteDarkSharpYesHyesGingiva,ORAL LEUKOPLAKIA,OSMF &  IRRITATION FIBROMA,ADVISE SYMPTOMATIC TREATMENT AND TO STOP THE HABIT. FOLLOW UP IS MUST. REFER TO A SPECIALIST FOR ADVISE ON BIOPSY.,,
UNADWhiteRoundMarblewhiteDarkSharpYesHyesRetromolararea,ORAL LEUKOPLAKIA,OSMF &  IRRITATION FIBROMA,ADVISE SYMPTOMATIC TREATMENT AND TO STOP THE HABIT. FOLLOW UP IS MUST. REFER TO A SPECIALIST FOR ADVISE ON BIOPSY.,,
UNADWhiteRoundMarblewhitePiNADSharpYesHyesBmucosa,ORAL LEUKOPLAKIA,OSMF &  IRRITATION FIBROMA,ADVISE SYMPTOMATIC TREATMENT AND TO STOP THE HABIT. FOLLOW UP IS MUST. REFER TO A SPECIALIST FOR ADVISE ON BIOPSY.,,
UNADWhiteRoundMarblewhitePiNADSharpYesHyesBsulcus,ORAL LEUKOPLAKIA,OSMF &  IRRITATION FIBROMA,ADVISE SYMPTOMATIC TREATMENT AND TO STOP THE HABIT. FOLLOW UP IS MUST. REFER TO A SPECIALIST FOR ADVISE ON BIOPSY.,,
UNADWhiteRoundMarblewhitePiNADSharpYesHyesPalate,ORAL LEUKOPLAKIA,OSMF &  IRRITATION FIBROMA,ADVISE SYMPTOMATIC TREATMENT AND TO STOP THE HABIT. FOLLOW UP IS MUST. REFER TO A SPECIALIST FOR ADVISE ON BIOPSY.,,
UNADWhiteRoundMarblewhitePiNADSharpYesHyesFloor,ORAL LEUKOPLAKIA,OSMF &  IRRITATION FIBROMA,ADVISE SYMPTOMATIC TREATMENT AND TO STOP THE HABIT. FOLLOW UP IS MUST. REFER TO A SPECIALIST FOR ADVISE ON BIOPSY.,,
UNADWhiteRoundMarblewhitePiNADSharpYesHyesLateraltongue,ORAL LEUKOPLAKIA,OSMF &  IRRITATION FIBROMA,ADVISE SYMPTOMATIC TREATMENT AND TO STOP THE HABIT. FOLLOW UP IS MUST. REFER TO A SPECIALIST FOR ADVISE ON BIOPSY.,,
UNADWhiteRoundMarblewhitePiNADSharpYesHyesDorsumtongue,ORAL LEUKOPLAKIA,OSMF &  IRRITATION FIBROMA,ADVISE SYMPTOMATIC TREATMENT AND TO STOP THE HABIT. FOLLOW UP IS MUST. REFER TO A SPECIALIST FOR ADVISE ON BIOPSY.,,
UNADWhiteRoundMarblewhitePiNADSharpYesHyesLip,ORAL LEUKOPLAKIA,OSMF &  IRRITATION FIBROMA,ADVISE SYMPTOMATIC TREATMENT AND TO STOP THE HABIT. FOLLOW UP IS MUST. REFER TO A SPECIALIST FOR ADVISE ON BIOPSY.,,
UNADWhiteRoundMarblewhitePiNADSharpYesHyesGingiva,ORAL LEUKOPLAKIA,OSMF &  IRRITATION FIBROMA,ADVISE SYMPTOMATIC TREATMENT AND TO STOP THE HABIT. FOLLOW UP IS MUST. REFER TO A SPECIALIST FOR ADVISE ON BIOPSY.,,
UNADWhiteRoundMarblewhitePiNADSharpYesHyesRetromolararea,ORAL LEUKOPLAKIA,OSMF &  IRRITATION FIBROMA,ADVISE SYMPTOMATIC TREATMENT AND TO STOP THE HABIT. FOLLOW UP IS MUST. REFER TO A SPECIALIST FOR ADVISE ON BIOPSY.,,
UNADRedRoundMarblewhitePiNADSharpYesHyesBmucosa,SPECKLED LEUKOPLAKIA,OSMF &  IRRITATION FIBROMA,ADVISE SYMPTOMATIC TREATMENT AND TO STOP THE HABIT. FOLLOW UP IS MUST. REFER TO A SPECIALIST FOR ADVISE ON BIOPSY.,,
UNADRedRoundMarblewhitePiNADSharpYesHyesBsulcus,SPECKLED LEUKOPLAKIA,OSMF &  IRRITATION FIBROMA,ADVISE SYMPTOMATIC TREATMENT AND TO STOP THE HABIT. FOLLOW UP IS MUST. REFER TO A SPECIALIST FOR ADVISE ON BIOPSY.,,
UNADRedRoundMarblewhitePiNADSharpYesHyesPalate,SPECKLED LEUKOPLAKIA,OSMF &  IRRITATION FIBROMA,ADVISE SYMPTOMATIC TREATMENT AND TO STOP THE HABIT. FOLLOW UP IS MUST. REFER TO A SPECIALIST FOR ADVISE ON BIOPSY.,,
UNADRedRoundMarblewhitePiNADSharpYesHyesFloor,SPECKLED LEUKOPLAKIA,OSMF &  IRRITATION FIBROMA,ADVISE SYMPTOMATIC TREATMENT AND TO STOP THE HABIT. FOLLOW UP IS MUST. REFER TO A SPECIALIST FOR ADVISE ON BIOPSY.,,
UNADRedRoundMarblewhitePiNADSharpYesHyesLateraltongue,SPECKLED LEUKOPLAKIA,OSMF &  IRRITATION FIBROMA,ADVISE SYMPTOMATIC TREATMENT AND TO STOP THE HABIT. FOLLOW UP IS MUST. REFER TO A SPECIALIST FOR ADVISE ON BIOPSY.,,
UNADRedRoundMarblewhitePiNADSharpYesHyesDorsumtongue,SPECKLED LEUKOPLAKIA,OSMF &  IRRITATION FIBROMA,ADVISE SYMPTOMATIC TREATMENT AND TO STOP THE HABIT. FOLLOW UP IS MUST. REFER TO A SPECIALIST FOR ADVISE ON BIOPSY.,,
UNADRedRoundMarblewhitePiNADSharpYesHyesLip,SPECKLED LEUKOPLAKIA,OSMF &  IRRITATION FIBROMA,ADVISE SYMPTOMATIC TREATMENT AND TO STOP THE HABIT. FOLLOW UP IS MUST. REFER TO A SPECIALIST FOR ADVISE ON BIOPSY.,,
UNADRedRoundMarblewhitePiNADSharpYesHyesGingiva,SPECKLED LEUKOPLAKIA,OSMF &  IRRITATION FIBROMA,ADVISE SYMPTOMATIC TREATMENT AND TO STOP THE HABIT. FOLLOW UP IS MUST. REFER TO A SPECIALIST FOR ADVISE ON BIOPSY.,,
UNADRedRoundMarblewhitePiNADSharpYesHyesRetromolararea,SPECKLED LEUKOPLAKIA,OSMF &  IRRITATION FIBROMA,ADVISE SYMPTOMATIC TREATMENT AND TO STOP THE HABIT. FOLLOW UP IS MUST. REFER TO A SPECIALIST FOR ADVISE ON BIOPSY.,,
UNADRedRoundMNADDarkSharpYesHyesBmucosa,SPECKLED LEUKOPLAKIA, IRRITATION FIBROMA & CARCINOMA IN SITU,ADVISE SYMPTOMATIC TREATMENT AND TO STOP THE HABIT. FOLLOW UP IS MUST. REFER TO A SPECIALIST FOR ADVISE ON BIOPSY.,,
UNADRedRoundMNADDarkSharpYesHyesBsulcus,SPECKLED LEUKOPLAKIA, IRRITATION FIBROMA & CARCINOMA IN SITU,ADVISE SYMPTOMATIC TREATMENT AND TO STOP THE HABIT. FOLLOW UP IS MUST. REFER TO A SPECIALIST FOR ADVISE ON BIOPSY.,,
UNADRedRoundMNADDarkSharpYesHyesPalate,SPECKLED LEUKOPLAKIA, IRRITATION FIBROMA & CARCINOMA IN SITU,ADVISE SYMPTOMATIC TREATMENT AND TO STOP THE HABIT. FOLLOW UP IS MUST. REFER TO A SPECIALIST FOR ADVISE ON BIOPSY.,,
UNADRedRoundMNADDarkSharpYesHyesFloor,SPECKLED LEUKOPLAKIA, IRRITATION FIBROMA & CARCINOMA IN SITU,ADVISE SYMPTOMATIC TREATMENT AND TO STOP THE HABIT. FOLLOW UP IS MUST. REFER TO A SPECIALIST FOR ADVISE ON BIOPSY.,,
UNADRedRoundMNADDarkSharpYesHyesLateraltongue,SPECKLED LEUKOPLAKIA, IRRITATION FIBROMA & CARCINOMA IN SITU,ADVISE SYMPTOMATIC TREATMENT AND TO STOP THE HABIT. FOLLOW UP IS MUST. REFER TO A SPECIALIST FOR ADVISE ON BIOPSY.,,
UNADRedRoundMNADDarkSharpYesHyesDorsumtongue,SPECKLED LEUKOPLAKIA, IRRITATION FIBROMA & CARCINOMA IN SITU,ADVISE SYMPTOMATIC TREATMENT AND TO STOP THE HABIT. FOLLOW UP IS MUST. REFER TO A SPECIALIST FOR ADVISE ON BIOPSY.,,
UNADRedRoundMNADDarkSharpYesHyesLip,SPECKLED LEUKOPLAKIA, IRRITATION FIBROMA & CARCINOMA IN SITU,ADVISE SYMPTOMATIC TREATMENT AND TO STOP THE HABIT. FOLLOW UP IS MUST. REFER TO A SPECIALIST FOR ADVISE ON BIOPSY.,,
UNADRedRoundMNADDarkSharpYesHyesGingiva,SPECKLED LEUKOPLAKIA, IRRITATION FIBROMA & CARCINOMA IN SITU,ADVISE SYMPTOMATIC TREATMENT AND TO STOP THE HABIT. FOLLOW UP IS MUST. REFER TO A SPECIALIST FOR ADVISE ON BIOPSY.,,
UNADRedRoundMNADDarkSharpYesHyesRetromolararea,SPECKLED LEUKOPLAKIA, IRRITATION FIBROMA & CARCINOMA IN SITU,ADVISE SYMPTOMATIC TREATMENT AND TO STOP THE HABIT. FOLLOW UP IS MUST. REFER TO A SPECIALIST FOR ADVISE ON BIOPSY.,,
UNADWhiteRoundMNADDarkSharpYesHyesBmucosa,ORAL LEUKOPLAKIA, IRRITATION FIBROMA & CARCINOMA IN SITU,ADVISE SYMPTOMATIC TREATMENT AND TO STOP THE HABIT. FOLLOW UP IS MUST. REFER TO A SPECIALIST FOR ADVISE ON BIOPSY.,,
UNADWhiteRoundMNADDarkSharpYesHyesBsulcus,ORAL LEUKOPLAKIA, IRRITATION FIBROMA & CARCINOMA IN SITU,ADVISE SYMPTOMATIC TREATMENT AND TO STOP THE HABIT. FOLLOW UP IS MUST. REFER TO A SPECIALIST FOR ADVISE ON BIOPSY.,,
UNADWhiteRoundMNADDarkSharpYesHyesPalate,ORAL LEUKOPLAKIA, IRRITATION FIBROMA & CARCINOMA IN SITU,ADVISE SYMPTOMATIC TREATMENT AND TO STOP THE HABIT. FOLLOW UP IS MUST. REFER TO A SPECIALIST FOR ADVISE ON BIOPSY.,,
UNADWhiteRoundMNADDarkSharpYesHyesFloor,ORAL LEUKOPLAKIA, IRRITATION FIBROMA & CARCINOMA IN SITU,ADVISE SYMPTOMATIC TREATMENT AND TO STOP THE HABIT. FOLLOW UP IS MUST. REFER TO A SPECIALIST FOR ADVISE ON BIOPSY.,,
UNADWhiteRoundMNADDarkSharpYesHyesLateraltongue,ORAL LEUKOPLAKIA, IRRITATION FIBROMA & CARCINOMA IN SITU,ADVISE SYMPTOMATIC TREATMENT AND TO STOP THE HABIT. FOLLOW UP IS MUST. REFER TO A SPECIALIST FOR ADVISE ON BIOPSY.,,
UNADWhiteRoundMNADDarkSharpYesHyesDorsumtongue,ORAL LEUKOPLAKIA, IRRITATION FIBROMA & CARCINOMA IN SITU,ADVISE SYMPTOMATIC TREATMENT AND TO STOP THE HABIT. FOLLOW UP IS MUST. REFER TO A SPECIALIST FOR ADVISE ON BIOPSY.,,
UNADWhiteRoundMNADDarkSharpYesHyesLip,ORAL LEUKOPLAKIA, IRRITATION FIBROMA & CARCINOMA IN SITU,ADVISE SYMPTOMATIC TREATMENT AND TO STOP THE HABIT. FOLLOW UP IS MUST. REFER TO A SPECIALIST FOR ADVISE ON BIOPSY.,,
UNADWhiteRoundMNADDarkSharpYesHyesGingiva,ORAL LEUKOPLAKIA, IRRITATION FIBROMA & CARCINOMA IN SITU,ADVISE SYMPTOMATIC TREATMENT AND TO STOP THE HABIT. FOLLOW UP IS MUST. REFER TO A SPECIALIST FOR ADVISE ON BIOPSY.,,
UNADWhiteRoundMNADDarkSharpYesHyesRetromolararea,ORAL LEUKOPLAKIA, IRRITATION FIBROMA & CARCINOMA IN SITU,ADVISE SYMPTOMATIC TREATMENT AND TO STOP THE HABIT. FOLLOW UP IS MUST. REFER TO A SPECIALIST FOR ADVISE ON BIOPSY.,,
UNADWhiteRoundMNADPiNADSharpYesHyesBmucosa,ORAL LEUKOPLAKIA, IRRITATION FIBROMA & CARCINOMA IN SITU,ADVISE SYMPTOMATIC TREATMENT AND TO STOP THE HABIT. FOLLOW UP IS MUST. REFER TO A SPECIALIST FOR ADVISE ON BIOPSY.,,
UNADWhiteRoundMNADPiNADSharpYesHyesBsulcus,ORAL LEUKOPLAKIA, IRRITATION FIBROMA & CARCINOMA IN SITU,ADVISE SYMPTOMATIC TREATMENT AND TO STOP THE HABIT. FOLLOW UP IS MUST. REFER TO A SPECIALIST FOR ADVISE ON BIOPSY.,,
UNADWhiteRoundMNADPiNADSharpYesHyesPalate,ORAL LEUKOPLAKIA, IRRITATION FIBROMA & CARCINOMA IN SITU,ADVISE SYMPTOMATIC TREATMENT AND TO STOP THE HABIT. FOLLOW UP IS MUST. REFER TO A SPECIALIST FOR ADVISE ON BIOPSY.,,
UNADWhiteRoundMNADPiNADSharpYesHyesFloor,ORAL LEUKOPLAKIA, IRRITATION FIBROMA & CARCINOMA IN SITU,ADVISE SYMPTOMATIC TREATMENT AND TO STOP THE HABIT. FOLLOW UP IS MUST. REFER TO A SPECIALIST FOR ADVISE ON BIOPSY.,,
UNADWhiteRoundMNADPiNADSharpYesHyesLateraltongue,ORAL LEUKOPLAKIA, IRRITATION FIBROMA & CARCINOMA IN SITU,ADVISE SYMPTOMATIC TREATMENT AND TO STOP THE HABIT. FOLLOW UP IS MUST. REFER TO A SPECIALIST FOR ADVISE ON BIOPSY.,,
UNADWhiteRoundMNADPiNADSharpYesHyesDorsumtongue,ORAL LEUKOPLAKIA, IRRITATION FIBROMA & CARCINOMA IN SITU,ADVISE SYMPTOMATIC TREATMENT AND TO STOP THE HABIT. FOLLOW UP IS MUST. REFER TO A SPECIALIST FOR ADVISE ON BIOPSY.,,
UNADWhiteRoundMNADPiNADSharpYesHyesLip,ORAL LEUKOPLAKIA, IRRITATION FIBROMA & CARCINOMA IN SITU,ADVISE SYMPTOMATIC TREATMENT AND TO STOP THE HABIT. FOLLOW UP IS MUST. REFER TO A SPECIALIST FOR ADVISE ON BIOPSY.,,
UNADWhiteRoundMNADPiNADSharpYesHyesGingiva,ORAL LEUKOPLAKIA, IRRITATION FIBROMA & CARCINOMA IN SITU,ADVISE SYMPTOMATIC TREATMENT AND TO STOP THE HABIT. FOLLOW UP IS MUST. REFER TO A SPECIALIST FOR ADVISE ON BIOPSY.,,
UNADWhiteRoundMNADPiNADSharpYesHyesRetromolararea,ORAL LEUKOPLAKIA, IRRITATION FIBROMA & CARCINOMA IN SITU,ADVISE SYMPTOMATIC TREATMENT AND TO STOP THE HABIT. FOLLOW UP IS MUST. REFER TO A SPECIALIST FOR ADVISE ON BIOPSY.,,
UNADRedRoundMNADPiNADSharpYesHyesBmucosa,SPECKLED LEUKOPLAKIA, IRRITATION FIBROMA & CARCINOMA IN SITU,ADVISE SYMPTOMATIC TREATMENT AND TO STOP THE HABIT. FOLLOW UP IS MUST. REFER TO A SPECIALIST FOR ADVISE ON BIOPSY.,,
UNADRedRoundMNADPiNADSharpYesHyesBsulcus,SPECKLED LEUKOPLAKIA, IRRITATION FIBROMA & CARCINOMA IN SITU,ADVISE SYMPTOMATIC TREATMENT AND TO STOP THE HABIT. FOLLOW UP IS MUST. REFER TO A SPECIALIST FOR ADVISE ON BIOPSY.,,
UNADRedRoundMNADPiNADSharpYesHyesPalate,SPECKLED LEUKOPLAKIA, IRRITATION FIBROMA & CARCINOMA IN SITU,ADVISE SYMPTOMATIC TREATMENT AND TO STOP THE HABIT. FOLLOW UP IS MUST. REFER TO A SPECIALIST FOR ADVISE ON BIOPSY.,,
UNADRedRoundMNADPiNADSharpYesHyesFloor,SPECKLED LEUKOPLAKIA, IRRITATION FIBROMA & CARCINOMA IN SITU,ADVISE SYMPTOMATIC TREATMENT AND TO STOP THE HABIT. FOLLOW UP IS MUST. REFER TO A SPECIALIST FOR ADVISE ON BIOPSY.,,
UNADRedRoundMNADPiNADSharpYesHyesLateraltongue,SPECKLED LEUKOPLAKIA, IRRITATION FIBROMA & CARCINOMA IN SITU,ADVISE SYMPTOMATIC TREATMENT AND TO STOP THE HABIT. FOLLOW UP IS MUST. REFER TO A SPECIALIST FOR ADVISE ON BIOPSY.,,
UNADRedRoundMNADPiNADSharpYesHyesDorsumtongue,SPECKLED LEUKOPLAKIA, IRRITATION FIBROMA & CARCINOMA IN SITU,ADVISE SYMPTOMATIC TREATMENT AND TO STOP THE HABIT. FOLLOW UP IS MUST. REFER TO A SPECIALIST FOR ADVISE ON BIOPSY.,,
UNADRedRoundMNADPiNADSharpYesHyesLip,SPECKLED LEUKOPLAKIA, IRRITATION FIBROMA & CARCINOMA IN SITU,ADVISE SYMPTOMATIC TREATMENT AND TO STOP THE HABIT. FOLLOW UP IS MUST. REFER TO A SPECIALIST FOR ADVISE ON BIOPSY.,,
UNADRedRoundMNADPiNADSharpYesHyesGingiva,SPECKLED LEUKOPLAKIA, IRRITATION FIBROMA & CARCINOMA IN SITU,ADVISE SYMPTOMATIC TREATMENT AND TO STOP THE HABIT. FOLLOW UP IS MUST. REFER TO A SPECIALIST FOR ADVISE ON BIOPSY.,,
UNADRedRoundMNADPiNADSharpYesHyesRetromolararea,SPECKLED LEUKOPLAKIA, IRRITATION FIBROMA & CARCINOMA IN SITU,ADVISE SYMPTOMATIC TREATMENT AND TO STOP THE HABIT. FOLLOW UP IS MUST. REFER TO A SPECIALIST FOR ADVISE ON BIOPSY.,,
UNADRedRoundMarblewhiteDarkSharpNOHyesBmucosa,SPECKLED LEUKOPLAKIA,OSMF &  IRRITATION FIBROMA,ADVISE SYMPTOMATIC TREATMENT AND TO STOP THE HABIT. FOLLOW UP IS MUST. REFER TO A SPECIALIST FOR ADVISE ON BIOPSY.,,
UNADRedRoundMarblewhiteDarkSharpNOHyesBsulcus,SPECKLED LEUKOPLAKIA,OSMF &  IRRITATION FIBROMA,ADVISE SYMPTOMATIC TREATMENT AND TO STOP THE HABIT. FOLLOW UP IS MUST. REFER TO A SPECIALIST FOR ADVISE ON BIOPSY.,,
UNADRedRoundMarblewhiteDarkSharpNOHyesPalate,SPECKLED LEUKOPLAKIA,OSMF &  IRRITATION FIBROMA,ADVISE SYMPTOMATIC TREATMENT AND TO STOP THE HABIT. FOLLOW UP IS MUST. REFER TO A SPECIALIST FOR ADVISE ON BIOPSY.,,
UNADRedRoundMarblewhiteDarkSharpNOHyesFloor,SPECKLED LEUKOPLAKIA,OSMF &  IRRITATION FIBROMA,ADVISE SYMPTOMATIC TREATMENT AND TO STOP THE HABIT. FOLLOW UP IS MUST. REFER TO A SPECIALIST FOR ADVISE ON BIOPSY.,,
UNADRedRoundMarblewhiteDarkSharpNOHyesLateraltongue,SPECKLED LEUKOPLAKIA,OSMF &  IRRITATION FIBROMA,ADVISE SYMPTOMATIC TREATMENT AND TO STOP THE HABIT. FOLLOW UP IS MUST. REFER TO A SPECIALIST FOR ADVISE ON BIOPSY.,,
UNADRedRoundMarblewhiteDarkSharpNOHyesDorsumtongue,SPECKLED LEUKOPLAKIA,OSMF &  IRRITATION FIBROMA,ADVISE SYMPTOMATIC TREATMENT AND TO STOP THE HABIT. FOLLOW UP IS MUST. REFER TO A SPECIALIST FOR ADVISE ON BIOPSY.,,
UNADRedRoundMarblewhiteDarkSharpNOHyesLip,SPECKLED LEUKOPLAKIA,OSMF &  IRRITATION FIBROMA,ADVISE SYMPTOMATIC TREATMENT AND TO STOP THE HABIT. FOLLOW UP IS MUST. REFER TO A SPECIALIST FOR ADVISE ON BIOPSY.,,
UNADRedRoundMarblewhiteDarkSharpNOHyesGingiva,SPECKLED LEUKOPLAKIA,OSMF &  IRRITATION FIBROMA,ADVISE SYMPTOMATIC TREATMENT AND TO STOP THE HABIT. FOLLOW UP IS MUST. REFER TO A SPECIALIST FOR ADVISE ON BIOPSY.,,
UNADRedRoundMarblewhiteDarkSharpNOHyesRetromolararea,SPECKLED LEUKOPLAKIA,OSMF &  IRRITATION FIBROMA,ADVISE SYMPTOMATIC TREATMENT AND TO STOP THE HABIT. FOLLOW UP IS MUST. REFER TO A SPECIALIST FOR ADVISE ON BIOPSY.,,
UNADWhiteRoundMarblewhiteDarkSharpNOHyesBmucosa,ORAL LEUKOPLAKIA,OSMF &  IRRITATION FIBROMA,ADVISE SYMPTOMATIC TREATMENT AND TO STOP THE HABIT. FOLLOW UP IS MUST. REFER TO A SPECIALIST FOR ADVISE ON BIOPSY.,,
UNADWhiteRoundMarblewhiteDarkSharpNOHyesBsulcus,ORAL LEUKOPLAKIA,OSMF &  IRRITATION FIBROMA,ADVISE SYMPTOMATIC TREATMENT AND TO STOP THE HABIT. FOLLOW UP IS MUST. REFER TO A SPECIALIST FOR ADVISE ON BIOPSY.,,
UNADWhiteRoundMarblewhiteDarkSharpNOHyesPalate,ORAL LEUKOPLAKIA,OSMF &  IRRITATION FIBROMA,ADVISE SYMPTOMATIC TREATMENT AND TO STOP THE HABIT. FOLLOW UP IS MUST. REFER TO A SPECIALIST FOR ADVISE ON BIOPSY.,,
UNADWhiteRoundMarblewhiteDarkSharpNOHyesFloor,ORAL LEUKOPLAKIA,OSMF &  IRRITATION FIBROMA,ADVISE SYMPTOMATIC TREATMENT AND TO STOP THE HABIT. FOLLOW UP IS MUST. REFER TO A SPECIALIST FOR ADVISE ON BIOPSY.,,
UNADWhiteRoundMarblewhiteDarkSharpNOHyesLateraltongue,ORAL LEUKOPLAKIA,OSMF &  IRRITATION FIBROMA,ADVISE SYMPTOMATIC TREATMENT AND TO STOP THE HABIT. FOLLOW UP IS MUST. REFER TO A SPECIALIST FOR ADVISE ON BIOPSY.,,
UNADWhiteRoundMarblewhiteDarkSharpNOHyesDorsumtongue,ORAL LEUKOPLAKIA,OSMF &  IRRITATION FIBROMA,ADVISE SYMPTOMATIC TREATMENT AND TO STOP THE HABIT. FOLLOW UP IS MUST. REFER TO A SPECIALIST FOR ADVISE ON BIOPSY.,,
UNADWhiteRoundMarblewhiteDarkSharpNOHyesLip,ORAL LEUKOPLAKIA,OSMF &  IRRITATION FIBROMA,ADVISE SYMPTOMATIC TREATMENT AND TO STOP THE HABIT. FOLLOW UP IS MUST. REFER TO A SPECIALIST FOR ADVISE ON BIOPSY.,,
UNADWhiteRoundMarblewhiteDarkSharpNOHyesGingiva,ORAL LEUKOPLAKIA,OSMF &  IRRITATION FIBROMA,ADVISE SYMPTOMATIC TREATMENT AND TO STOP THE HABIT. FOLLOW UP IS MUST. REFER TO A SPECIALIST FOR ADVISE ON BIOPSY.,,
UNADWhiteRoundMarblewhiteDarkSharpNOHyesRetromolararea,ORAL LEUKOPLAKIA,OSMF &  IRRITATION FIBROMA,ADVISE SYMPTOMATIC TREATMENT AND TO STOP THE HABIT. FOLLOW UP IS MUST. REFER TO A SPECIALIST FOR ADVISE ON BIOPSY.,,
UNADWhiteRoundMarblewhitePiNADSharpNOHyesBmucosa,ORAL LEUKOPLAKIA,OSMF &  IRRITATION FIBROMA,ADVISE SYMPTOMATIC TREATMENT AND TO STOP THE HABIT. FOLLOW UP IS MUST. REFER TO A SPECIALIST FOR ADVISE ON BIOPSY.,,
UNADWhiteRoundMarblewhitePiNADSharpNOHyesBsulcus,ORAL LEUKOPLAKIA,OSMF &  IRRITATION FIBROMA,ADVISE SYMPTOMATIC TREATMENT AND TO STOP THE HABIT. FOLLOW UP IS MUST. REFER TO A SPECIALIST FOR ADVISE ON BIOPSY.,,
UNADWhiteRoundMarblewhitePiNADSharpNOHyesPalate,ORAL LEUKOPLAKIA,OSMF &  IRRITATION FIBROMA,ADVISE SYMPTOMATIC TREATMENT AND TO STOP THE HABIT. FOLLOW UP IS MUST. REFER TO A SPECIALIST FOR ADVISE ON BIOPSY.,,
UNADWhiteRoundMarblewhitePiNADSharpNOHyesFloor,ORAL LEUKOPLAKIA,OSMF &  IRRITATION FIBROMA,ADVISE SYMPTOMATIC TREATMENT AND TO STOP THE HABIT. FOLLOW UP IS MUST. REFER TO A SPECIALIST FOR ADVISE ON BIOPSY.,,
UNADWhiteRoundMarblewhitePiNADSharpNOHyesLateraltongue,ORAL LEUKOPLAKIA,OSMF &  IRRITATION FIBROMA,ADVISE SYMPTOMATIC TREATMENT AND TO STOP THE HABIT. FOLLOW UP IS MUST. REFER TO A SPECIALIST FOR ADVISE ON BIOPSY.,,
UNADWhiteRoundMarblewhitePiNADSharpNOHyesDorsumtongue,ORAL LEUKOPLAKIA,OSMF &  IRRITATION FIBROMA,ADVISE SYMPTOMATIC TREATMENT AND TO STOP THE HABIT. FOLLOW UP IS MUST. REFER TO A SPECIALIST FOR ADVISE ON BIOPSY.,,
UNADWhiteRoundMarblewhitePiNADSharpNOHyesLip,ORAL LEUKOPLAKIA,OSMF &  IRRITATION FIBROMA,ADVISE SYMPTOMATIC TREATMENT AND TO STOP THE HABIT. FOLLOW UP IS MUST. REFER TO A SPECIALIST FOR ADVISE ON BIOPSY.,,
UNADWhiteRoundMarblewhitePiNADSharpNOHyesGingiva,ORAL LEUKOPLAKIA,OSMF &  IRRITATION FIBROMA,ADVISE SYMPTOMATIC TREATMENT AND TO STOP THE HABIT. FOLLOW UP IS MUST. REFER TO A SPECIALIST FOR ADVISE ON BIOPSY.,,
UNADWhiteRoundMarblewhitePiNADSharpNOHyesRetromolararea,ORAL LEUKOPLAKIA,OSMF &  IRRITATION FIBROMA,ADVISE SYMPTOMATIC TREATMENT AND TO STOP THE HABIT. FOLLOW UP IS MUST. REFER TO A SPECIALIST FOR ADVISE ON BIOPSY.,,
UNADRedRoundMarblewhitePiNADSharpNOHyesBmucosa,SPECKLED LEUKOPLAKIA,OSMF &  IRRITATION FIBROMA,ADVISE SYMPTOMATIC TREATMENT AND TO STOP THE HABIT. FOLLOW UP IS MUST. REFER TO A SPECIALIST FOR ADVISE ON BIOPSY.,,
UNADRedRoundMarblewhitePiNADSharpNOHyesBsulcus,SPECKLED LEUKOPLAKIA,OSMF &  IRRITATION FIBROMA,ADVISE SYMPTOMATIC TREATMENT AND TO STOP THE HABIT. FOLLOW UP IS MUST. REFER TO A SPECIALIST FOR ADVISE ON BIOPSY.,,
UNADRedRoundMarblewhitePiNADSharpNOHyesPalate,SPECKLED LEUKOPLAKIA,OSMF &  IRRITATION FIBROMA,ADVISE SYMPTOMATIC TREATMENT AND TO STOP THE HABIT. FOLLOW UP IS MUST. REFER TO A SPECIALIST FOR ADVISE ON BIOPSY.,,
UNADRedRoundMarblewhitePiNADSharpNOHyesFloor,SPECKLED LEUKOPLAKIA,OSMF &  IRRITATION FIBROMA,ADVISE SYMPTOMATIC TREATMENT AND TO STOP THE HABIT. FOLLOW UP IS MUST. REFER TO A SPECIALIST FOR ADVISE ON BIOPSY.,,
UNADRedRoundMarblewhitePiNADSharpNOHyesLateraltongue,SPECKLED LEUKOPLAKIA,OSMF &  IRRITATION FIBROMA,ADVISE SYMPTOMATIC TREATMENT AND TO STOP THE HABIT. FOLLOW UP IS MUST. REFER TO A SPECIALIST FOR ADVISE ON BIOPSY.,,
UNADRedRoundMarblewhitePiNADSharpNOHyesDorsumtongue,SPECKLED LEUKOPLAKIA,OSMF &  IRRITATION FIBROMA,ADVISE SYMPTOMATIC TREATMENT AND TO STOP THE HABIT. FOLLOW UP IS MUST. REFER TO A SPECIALIST FOR ADVISE ON BIOPSY.,,
UNADRedRoundMarblewhitePiNADSharpNOHyesLip,SPECKLED LEUKOPLAKIA,OSMF &  IRRITATION FIBROMA,ADVISE SYMPTOMATIC TREATMENT AND TO STOP THE HABIT. FOLLOW UP IS MUST. REFER TO A SPECIALIST FOR ADVISE ON BIOPSY.,,
UNADRedRoundMarblewhitePiNADSharpNOHyesGingiva,SPECKLED LEUKOPLAKIA,OSMF &  IRRITATION FIBROMA,ADVISE SYMPTOMATIC TREATMENT AND TO STOP THE HABIT. FOLLOW UP IS MUST. REFER TO A SPECIALIST FOR ADVISE ON BIOPSY.,,
UNADRedRoundMarblewhitePiNADSharpNOHyesRetromolararea,SPECKLED LEUKOPLAKIA,OSMF &  IRRITATION FIBROMA,ADVISE SYMPTOMATIC TREATMENT AND TO STOP THE HABIT. FOLLOW UP IS MUST. REFER TO A SPECIALIST FOR ADVISE ON BIOPSY.,,
UNADRedRoundMNADDarkSharpNOHyesBmucosa,SPECKLED LEUKOPLAKIA,  IRRITATION FIBROMA,ADVISE SYMPTOMATIC TREATMENT AND TO STOP THE HABIT. FOLLOW UP IS MUST. REFER TO A SPECIALIST FOR ADVISE ON BIOPSY.,,
UNADRedRoundMNADDarkSharpNOHyesBsulcus,SPECKLED LEUKOPLAKIA,  IRRITATION FIBROMA,ADVISE SYMPTOMATIC TREATMENT AND TO STOP THE HABIT. FOLLOW UP IS MUST. REFER TO A SPECIALIST FOR ADVISE ON BIOPSY.,,
UNADRedRoundMNADDarkSharpNOHyesPalate,SPECKLED LEUKOPLAKIA,  IRRITATION FIBROMA,ADVISE SYMPTOMATIC TREATMENT AND TO STOP THE HABIT. FOLLOW UP IS MUST. REFER TO A SPECIALIST FOR ADVISE ON BIOPSY.,,
UNADRedRoundMNADDarkSharpNOHyesFloor,SPECKLED LEUKOPLAKIA,  IRRITATION FIBROMA,ADVISE SYMPTOMATIC TREATMENT AND TO STOP THE HABIT. FOLLOW UP IS MUST. REFER TO A SPECIALIST FOR ADVISE ON BIOPSY.,,
UNADRedRoundMNADDarkSharpNOHyesLateraltongue,SPECKLED LEUKOPLAKIA,  IRRITATION FIBROMA,ADVISE SYMPTOMATIC TREATMENT AND TO STOP THE HABIT. FOLLOW UP IS MUST. REFER TO A SPECIALIST FOR ADVISE ON BIOPSY.,,
UNADRedRoundMNADDarkSharpNOHyesDorsumtongue,SPECKLED LEUKOPLAKIA,  IRRITATION FIBROMA,ADVISE SYMPTOMATIC TREATMENT AND TO STOP THE HABIT. FOLLOW UP IS MUST. REFER TO A SPECIALIST FOR ADVISE ON BIOPSY.,,
UNADRedRoundMNADDarkSharpNOHyesLip,SPECKLED LEUKOPLAKIA,  IRRITATION FIBROMA,ADVISE SYMPTOMATIC TREATMENT AND TO STOP THE HABIT. FOLLOW UP IS MUST. REFER TO A SPECIALIST FOR ADVISE ON BIOPSY.,,
UNADRedRoundMNADDarkSharpNOHyesGingiva,SPECKLED LEUKOPLAKIA,  IRRITATION FIBROMA,ADVISE SYMPTOMATIC TREATMENT AND TO STOP THE HABIT. FOLLOW UP IS MUST. REFER TO A SPECIALIST FOR ADVISE ON BIOPSY.,,
UNADRedRoundMNADDarkSharpNOHyesRetromolararea,SPECKLED LEUKOPLAKIA,  IRRITATION FIBROMA,ADVISE SYMPTOMATIC TREATMENT AND TO STOP THE HABIT. FOLLOW UP IS MUST. REFER TO A SPECIALIST FOR ADVISE ON BIOPSY.,,
UNADWhiteRoundMNADDarkSharpNOHyesBmucosa,ORAL LEUKOPLAKIA, IRRITATION FIBROMA,ADVISE SYMPTOMATIC TREATMENT AND TO STOP THE HABIT. FOLLOW UP IS MUST. REFER TO A SPECIALIST FOR ADVISE ON BIOPSY.,,
UNADWhiteRoundMNADDarkSharpNOHyesBsulcus,ORAL LEUKOPLAKIA, IRRITATION FIBROMA,ADVISE SYMPTOMATIC TREATMENT AND TO STOP THE HABIT. FOLLOW UP IS MUST. REFER TO A SPECIALIST FOR ADVISE ON BIOPSY.,,
UNADWhiteRoundMNADDarkSharpNOHyesPalate,ORAL LEUKOPLAKIA, IRRITATION FIBROMA,ADVISE SYMPTOMATIC TREATMENT AND TO STOP THE HABIT. FOLLOW UP IS MUST. REFER TO A SPECIALIST FOR ADVISE ON BIOPSY.,,
UNADWhiteRoundMNADDarkSharpNOHyesFloor,ORAL LEUKOPLAKIA, IRRITATION FIBROMA,ADVISE SYMPTOMATIC TREATMENT AND TO STOP THE HABIT. FOLLOW UP IS MUST. REFER TO A SPECIALIST FOR ADVISE ON BIOPSY.,,
UNADWhiteRoundMNADDarkSharpNOHyesLateraltongue,ORAL LEUKOPLAKIA, IRRITATION FIBROMA,ADVISE SYMPTOMATIC TREATMENT AND TO STOP THE HABIT. FOLLOW UP IS MUST. REFER TO A SPECIALIST FOR ADVISE ON BIOPSY.,,
UNADWhiteRoundMNADDarkSharpNOHyesDorsumtongue,ORAL LEUKOPLAKIA, IRRITATION FIBROMA,ADVISE SYMPTOMATIC TREATMENT AND TO STOP THE HABIT. FOLLOW UP IS MUST. REFER TO A SPECIALIST FOR ADVISE ON BIOPSY.,,
UNADWhiteRoundMNADDarkSharpNOHyesLip,ORAL LEUKOPLAKIA, IRRITATION FIBROMA,ADVISE SYMPTOMATIC TREATMENT AND TO STOP THE HABIT. FOLLOW UP IS MUST. REFER TO A SPECIALIST FOR ADVISE ON BIOPSY.,,
UNADWhiteRoundMNADDarkSharpNOHyesGingiva,ORAL LEUKOPLAKIA, IRRITATION FIBROMA,ADVISE SYMPTOMATIC TREATMENT AND TO STOP THE HABIT. FOLLOW UP IS MUST. REFER TO A SPECIALIST FOR ADVISE ON BIOPSY.,,
UNADWhiteRoundMNADDarkSharpNOHyesRetromolararea,ORAL LEUKOPLAKIA, IRRITATION FIBROMA,ADVISE SYMPTOMATIC TREATMENT AND TO STOP THE HABIT. FOLLOW UP IS MUST. REFER TO A SPECIALIST FOR ADVISE ON BIOPSY.,,
UNADWhiteRoundMNADPiNADSharpNOHyesBmucosa,ORAL LEUKOPLAKIA, IRRITATION FIBROMA,ADVISE SYMPTOMATIC TREATMENT AND TO STOP THE HABIT. FOLLOW UP IS MUST. REFER TO A SPECIALIST FOR ADVISE ON BIOPSY.,,
UNADWhiteRoundMNADPiNADSharpNOHyesBsulcus,ORAL LEUKOPLAKIA, IRRITATION FIBROMA,ADVISE SYMPTOMATIC TREATMENT AND TO STOP THE HABIT. FOLLOW UP IS MUST. REFER TO A SPECIALIST FOR ADVISE ON BIOPSY.,,
UNADWhiteRoundMNADPiNADSharpNOHyesPalate,ORAL LEUKOPLAKIA, IRRITATION FIBROMA,ADVISE SYMPTOMATIC TREATMENT AND TO STOP THE HABIT. FOLLOW UP IS MUST. REFER TO A SPECIALIST FOR ADVISE ON BIOPSY.,,
UNADWhiteRoundMNADPiNADSharpNOHyesFloor,ORAL LEUKOPLAKIA, IRRITATION FIBROMA,ADVISE SYMPTOMATIC TREATMENT AND TO STOP THE HABIT. FOLLOW UP IS MUST. REFER TO A SPECIALIST FOR ADVISE ON BIOPSY.,,
UNADWhiteRoundMNADPiNADSharpNOHyesLateraltongue,ORAL LEUKOPLAKIA, IRRITATION FIBROMA,ADVISE SYMPTOMATIC TREATMENT AND TO STOP THE HABIT. FOLLOW UP IS MUST. REFER TO A SPECIALIST FOR ADVISE ON BIOPSY.,,
UNADWhiteRoundMNADPiNADSharpNOHyesDorsumtongue,ORAL LEUKOPLAKIA, IRRITATION FIBROMA,ADVISE SYMPTOMATIC TREATMENT AND TO STOP THE HABIT. FOLLOW UP IS MUST. REFER TO A SPECIALIST FOR ADVISE ON BIOPSY.,,
UNADWhiteRoundMNADPiNADSharpNOHyesLip,ORAL LEUKOPLAKIA, IRRITATION FIBROMA,ADVISE SYMPTOMATIC TREATMENT AND TO STOP THE HABIT. FOLLOW UP IS MUST. REFER TO A SPECIALIST FOR ADVISE ON BIOPSY.,,
UNADWhiteRoundMNADPiNADSharpNOHyesGingiva,ORAL LEUKOPLAKIA, IRRITATION FIBROMA,ADVISE SYMPTOMATIC TREATMENT AND TO STOP THE HABIT. FOLLOW UP IS MUST. REFER TO A SPECIALIST FOR ADVISE ON BIOPSY.,,
UNADWhiteRoundMNADPiNADSharpNOHyesRetromolararea,ORAL LEUKOPLAKIA, IRRITATION FIBROMA,ADVISE SYMPTOMATIC TREATMENT AND TO STOP THE HABIT. FOLLOW UP IS MUST. REFER TO A SPECIALIST FOR ADVISE ON BIOPSY.,,
UNADRedRoundMNADPiNADSharpNOHyesBmucosa,SPECKLED LEUKOPLAKIA,  IRRITATION FIBROMA,ADVISE SYMPTOMATIC TREATMENT AND TO STOP THE HABIT. FOLLOW UP IS MUST. REFER TO A SPECIALIST FOR ADVISE ON BIOPSY.,,
UNADRedRoundMNADPiNADSharpNOHyesBsulcus,SPECKLED LEUKOPLAKIA,  IRRITATION FIBROMA,ADVISE SYMPTOMATIC TREATMENT AND TO STOP THE HABIT. FOLLOW UP IS MUST. REFER TO A SPECIALIST FOR ADVISE ON BIOPSY.,,
UNADRedRoundMNADPiNADSharpNOHyesPalate,SPECKLED LEUKOPLAKIA,  IRRITATION FIBROMA,ADVISE SYMPTOMATIC TREATMENT AND TO STOP THE HABIT. FOLLOW UP IS MUST. REFER TO A SPECIALIST FOR ADVISE ON BIOPSY.,,
UNADRedRoundMNADPiNADSharpNOHyesFloor,SPECKLED LEUKOPLAKIA,  IRRITATION FIBROMA,ADVISE SYMPTOMATIC TREATMENT AND TO STOP THE HABIT. FOLLOW UP IS MUST. REFER TO A SPECIALIST FOR ADVISE ON BIOPSY.,,
UNADRedRoundMNADPiNADSharpNOHyesLateraltongue,SPECKLED LEUKOPLAKIA,  IRRITATION FIBROMA,ADVISE SYMPTOMATIC TREATMENT AND TO STOP THE HABIT. FOLLOW UP IS MUST. REFER TO A SPECIALIST FOR ADVISE ON BIOPSY.,,
UNADRedRoundMNADPiNADSharpNOHyesDorsumtongue,SPECKLED LEUKOPLAKIA,  IRRITATION FIBROMA,ADVISE SYMPTOMATIC TREATMENT AND TO STOP THE HABIT. FOLLOW UP IS MUST. REFER TO A SPECIALIST FOR ADVISE ON BIOPSY.,,
UNADRedRoundMNADPiNADSharpNOHyesLip,SPECKLED LEUKOPLAKIA,  IRRITATION FIBROMA,ADVISE SYMPTOMATIC TREATMENT AND TO STOP THE HABIT. FOLLOW UP IS MUST. REFER TO A SPECIALIST FOR ADVISE ON BIOPSY.,,
UNADRedRoundMNADPiNADSharpNOHyesGingiva,SPECKLED LEUKOPLAKIA,  IRRITATION FIBROMA,ADVISE SYMPTOMATIC TREATMENT AND TO STOP THE HABIT. FOLLOW UP IS MUST. REFER TO A SPECIALIST FOR ADVISE ON BIOPSY.,,
UNADRedRoundMNADPiNADSharpNOHyesRetromolararea,SPECKLED LEUKOPLAKIA,  IRRITATION FIBROMA,ADVISE SYMPTOMATIC TREATMENT AND TO STOP THE HABIT. FOLLOW UP IS MUST. REFER TO A SPECIALIST FOR ADVISE ON BIOPSY.,,
UNADRedRoundMarblewhiteDarkSNOYesHnoBmucosa,CANDIDIASIS, TRAUMATICULCER & CARCINOMA IN SITU,ADVISE SYMPTOMATIC TREATMENT. FOLLOW UP IS MUST. REFER TO A SPECIALIST FOR ADVISE ON BIOPSY.,,
UNADRedRoundMarblewhiteDarkSNOYesHnoBsulcus,CANDIDIASIS, TRAUMATICULCER & CARCINOMA IN SITU,ADVISE SYMPTOMATIC TREATMENT. FOLLOW UP IS MUST. REFER TO A SPECIALIST FOR ADVISE ON BIOPSY.,,
UNADRedRoundMarblewhiteDarkSNOYesHnoPalate,CANDIDIASIS, TRAUMATICULCER & CARCINOMA IN SITU,ADVISE SYMPTOMATIC TREATMENT. FOLLOW UP IS MUST. REFER TO A SPECIALIST FOR ADVISE ON BIOPSY.,,
UNADRedRoundMarblewhiteDarkSNOYesHnoFloor,CANDIDIASIS, TRAUMATICULCER & CARCINOMA IN SITU,ADVISE SYMPTOMATIC TREATMENT. FOLLOW UP IS MUST. REFER TO A SPECIALIST FOR ADVISE ON BIOPSY.,,
UNADRedRoundMarblewhiteDarkSNOYesHnoLateraltongue,CANDIDIASIS, TRAUMATICULCER & CARCINOMA IN SITU,ADVISE SYMPTOMATIC TREATMENT. FOLLOW UP IS MUST. REFER TO A SPECIALIST FOR ADVISE ON BIOPSY.,,
UNADRedRoundMarblewhiteDarkSNOYesHnoDorsumtongue,CANDIDIASIS, TRAUMATICULCER & CARCINOMA IN SITU,ADVISE SYMPTOMATIC TREATMENT. FOLLOW UP IS MUST. REFER TO A SPECIALIST FOR ADVISE ON BIOPSY.,,
UNADRedRoundMarblewhiteDarkSNOYesHnoLip,CANDIDIASIS, TRAUMATICULCER & CARCINOMA IN SITU,ADVISE SYMPTOMATIC TREATMENT. FOLLOW UP IS MUST. REFER TO A SPECIALIST FOR ADVISE ON BIOPSY.,,
UNADRedRoundMarblewhiteDarkSNOYesHnoGingiva,CANDIDIASIS, TRAUMATICULCER & CARCINOMA IN SITU,ADVISE SYMPTOMATIC TREATMENT. FOLLOW UP IS MUST. REFER TO A SPECIALIST FOR ADVISE ON BIOPSY.,,
UNADRedRoundMarblewhiteDarkSNOYesHnoRetromolararea,CANDIDIASIS, TRAUMATICULCER & CARCINOMA IN SITU,ADVISE SYMPTOMATIC TREATMENT. FOLLOW UP IS MUST. REFER TO A SPECIALIST FOR ADVISE ON BIOPSY.,,
UNADWhiteRoundMarblewhiteDarkSNOYesHnoBmucosa,CANDIDIASIS, TRAUMATICULCER & CARCINOMA IN SITU,ADVISE SYMPTOMATIC TREATMENT. FOLLOW UP IS MUST. REFER TO A SPECIALIST FOR ADVISE ON BIOPSY.,,
UNADWhiteRoundMarblewhiteDarkSNOYesHnoBsulcus,CANDIDIASIS, TRAUMATICULCER & CARCINOMA IN SITU,ADVISE SYMPTOMATIC TREATMENT. FOLLOW UP IS MUST. REFER TO A SPECIALIST FOR ADVISE ON BIOPSY.,,
UNADWhiteRoundMarblewhiteDarkSNOYesHnoPalate,CANDIDIASIS, TRAUMATICULCER & CARCINOMA IN SITU,ADVISE SYMPTOMATIC TREATMENT. FOLLOW UP IS MUST. REFER TO A SPECIALIST FOR ADVISE ON BIOPSY.,,
UNADWhiteRoundMarblewhiteDarkSNOYesHnoFloor,CANDIDIASIS, TRAUMATICULCER & CARCINOMA IN SITU,ADVISE SYMPTOMATIC TREATMENT. FOLLOW UP IS MUST. REFER TO A SPECIALIST FOR ADVISE ON BIOPSY.,,
UNADWhiteRoundMarblewhiteDarkSNOYesHnoLateraltongue,CANDIDIASIS, TRAUMATICULCER & CARCINOMA IN SITU,ADVISE SYMPTOMATIC TREATMENT. FOLLOW UP IS MUST. REFER TO A SPECIALIST FOR ADVISE ON BIOPSY.,,
UNADWhiteRoundMarblewhiteDarkSNOYesHnoDorsumtongue,CANDIDIASIS, TRAUMATICULCER & CARCINOMA IN SITU,ADVISE SYMPTOMATIC TREATMENT. FOLLOW UP IS MUST. REFER TO A SPECIALIST FOR ADVISE ON BIOPSY.,,
UNADWhiteRoundMarblewhiteDarkSNOYesHnoLip,CANDIDIASIS, TRAUMATICULCER & CARCINOMA IN SITU,ADVISE SYMPTOMATIC TREATMENT. FOLLOW UP IS MUST. REFER TO A SPECIALIST FOR ADVISE ON BIOPSY.,,
UNADWhiteRoundMarblewhiteDarkSNOYesHnoGingiva,CANDIDIASIS, TRAUMATICULCER & CARCINOMA IN SITU,ADVISE SYMPTOMATIC TREATMENT. FOLLOW UP IS MUST. REFER TO A SPECIALIST FOR ADVISE ON BIOPSY.,,
UNADWhiteRoundMarblewhiteDarkSNOYesHnoRetromolararea,CANDIDIASIS, TRAUMATICULCER & CARCINOMA IN SITU,ADVISE SYMPTOMATIC TREATMENT. FOLLOW UP IS MUST. REFER TO A SPECIALIST FOR ADVISE ON BIOPSY.,,
UNADWhiteRoundMarblewhitePiNADSNOYesHnoBmucosa,CANDIDIASIS, TRAUMATICULCER & CARCINOMA IN SITU,ADVISE SYMPTOMATIC TREATMENT. FOLLOW UP IS MUST. REFER TO A SPECIALIST FOR ADVISE ON BIOPSY.,,
UNADWhiteRoundMarblewhitePiNADSNOYesHnoBsulcus,CANDIDIASIS, TRAUMATICULCER & CARCINOMA IN SITU,ADVISE SYMPTOMATIC TREATMENT. FOLLOW UP IS MUST. REFER TO A SPECIALIST FOR ADVISE ON BIOPSY.,,
UNADWhiteRoundMarblewhitePiNADSNOYesHnoPalate,CANDIDIASIS, TRAUMATICULCER & CARCINOMA IN SITU,ADVISE SYMPTOMATIC TREATMENT. FOLLOW UP IS MUST. REFER TO A SPECIALIST FOR ADVISE ON BIOPSY.,,
UNADWhiteRoundMarblewhitePiNADSNOYesHnoFloor,CANDIDIASIS, TRAUMATICULCER & CARCINOMA IN SITU,ADVISE SYMPTOMATIC TREATMENT. FOLLOW UP IS MUST. REFER TO A SPECIALIST FOR ADVISE ON BIOPSY.,,
UNADWhiteRoundMarblewhitePiNADSNOYesHnoLateraltongue,CANDIDIASIS, TRAUMATICULCER & CARCINOMA IN SITU,ADVISE SYMPTOMATIC TREATMENT. FOLLOW UP IS MUST. REFER TO A SPECIALIST FOR ADVISE ON BIOPSY.,,
UNADWhiteRoundMarblewhitePiNADSNOYesHnoDorsumtongue,CANDIDIASIS, TRAUMATICULCER & CARCINOMA IN SITU,ADVISE SYMPTOMATIC TREATMENT. FOLLOW UP IS MUST. REFER TO A SPECIALIST FOR ADVISE ON BIOPSY.,,
UNADWhiteRoundMarblewhitePiNADSNOYesHnoLip,CANDIDIASIS, TRAUMATICULCER & CARCINOMA IN SITU,ADVISE SYMPTOMATIC TREATMENT. FOLLOW UP IS MUST. REFER TO A SPECIALIST FOR ADVISE ON BIOPSY.,,
UNADWhiteRoundMarblewhitePiNADSNOYesHnoGingiva,CANDIDIASIS, TRAUMATICULCER & CARCINOMA IN SITU,ADVISE SYMPTOMATIC TREATMENT. FOLLOW UP IS MUST. REFER TO A SPECIALIST FOR ADVISE ON BIOPSY.,,
UNADWhiteRoundMarblewhitePiNADSNOYesHnoRetromolararea,CANDIDIASIS, TRAUMATICULCER & CARCINOMA IN SITU,ADVISE SYMPTOMATIC TREATMENT. FOLLOW UP IS MUST. REFER TO A SPECIALIST FOR ADVISE ON BIOPSY.,,
UNADRedRoundMarblewhitePiNADSNOYesHnoBmucosa,CANDIDIASIS,TRAUMATICULCER & BURNING MOUTH SYNDROME,ADVISE SYMPTOMATIC TREATMENT. FOLLOW UP IS MUST. REFER TO A SPECIALIST FOR ADVISE ON BIOPSY.,,
UNADRedRoundMarblewhitePiNADSNOYesHnoBsulcus,CANDIDIASIS,TRAUMATICULCER & BURNING MOUTH SYNDROME,ADVISE SYMPTOMATIC TREATMENT. FOLLOW UP IS MUST. REFER TO A SPECIALIST FOR ADVISE ON BIOPSY.,,
UNADRedRoundMarblewhitePiNADSNOYesHnoPalate,CANDIDIASIS,TRAUMATICULCER & BURNING MOUTH SYNDROME,ADVISE SYMPTOMATIC TREATMENT. FOLLOW UP IS MUST. REFER TO A SPECIALIST FOR ADVISE ON BIOPSY.,,
UNADRedRoundMarblewhitePiNADSNOYesHnoFloor,CANDIDIASIS,TRAUMATICULCER & BURNING MOUTH SYNDROME,ADVISE SYMPTOMATIC TREATMENT. FOLLOW UP IS MUST. REFER TO A SPECIALIST FOR ADVISE ON BIOPSY.,,
UNADRedRoundMarblewhitePiNADSNOYesHnoLateraltongue,CANDIDIASIS,TRAUMATICULCER & BURNING MOUTH SYNDROME,ADVISE SYMPTOMATIC TREATMENT. FOLLOW UP IS MUST. REFER TO A SPECIALIST FOR ADVISE ON BIOPSY.,,
UNADRedRoundMarblewhitePiNADSNOYesHnoDorsumtongue,CANDIDIASIS,TRAUMATICULCER & BURNING MOUTH SYNDROME,ADVISE SYMPTOMATIC TREATMENT. FOLLOW UP IS MUST. REFER TO A SPECIALIST FOR ADVISE ON BIOPSY.,,
UNADRedRoundMarblewhitePiNADSNOYesHnoLip,CANDIDIASIS,TRAUMATICULCER & BURNING MOUTH SYNDROME,ADVISE SYMPTOMATIC TREATMENT. FOLLOW UP IS MUST. REFER TO A SPECIALIST FOR ADVISE ON BIOPSY.,,
UNADRedRoundMarblewhitePiNADSNOYesHnoGingiva,CANDIDIASIS,TRAUMATICULCER & BURNING MOUTH SYNDROME,ADVISE SYMPTOMATIC TREATMENT. FOLLOW UP IS MUST. REFER TO A SPECIALIST FOR ADVISE ON BIOPSY.,,
UNADRedRoundMarblewhitePiNADSNOYesHnoRetromolararea,CANDIDIASIS,TRAUMATICULCER & BURNING MOUTH SYNDROME,ADVISE SYMPTOMATIC TREATMENT. FOLLOW UP IS MUST. REFER TO A SPECIALIST FOR ADVISE ON BIOPSY.,,
UNADRedRoundMNADDarkSNOYesHnoBmucosa,BURNING MOUTH SYNDROME,CANDIDIASIS & FIBROEPITHELIAL POLYP,ADVISE SYMPTOMATIC TREATMENT. FOLLOW UP IS MUST. REFER TO A SPECIALIST FOR ADVISE ON BIOPSY.,,
UNADRedRoundMNADDarkSNOYesHnoBsulcus,BURNING MOUTH SYNDROME,CANDIDIASIS & FIBROEPITHELIAL POLYP,ADVISE SYMPTOMATIC TREATMENT. FOLLOW UP IS MUST. REFER TO A SPECIALIST FOR ADVISE ON BIOPSY.,,
UNADRedRoundMNADDarkSNOYesHnoPalate,BURNING MOUTH SYNDROME,CANDIDIASIS & FIBROEPITHELIAL POLYP,ADVISE SYMPTOMATIC TREATMENT. FOLLOW UP IS MUST. REFER TO A SPECIALIST FOR ADVISE ON BIOPSY.,,
UNADRedRoundMNADDarkSNOYesHnoFloor,BURNING MOUTH SYNDROME,CANDIDIASIS & FIBROEPITHELIAL POLYP,ADVISE SYMPTOMATIC TREATMENT. FOLLOW UP IS MUST. REFER TO A SPECIALIST FOR ADVISE ON BIOPSY.,,
UNADRedRoundMNADDarkSNOYesHnoLateraltongue,BURNING MOUTH SYNDROME,CANDIDIASIS & FIBROEPITHELIAL POLYP,ADVISE SYMPTOMATIC TREATMENT. FOLLOW UP IS MUST. REFER TO A SPECIALIST FOR ADVISE ON BIOPSY.,,
UNADRedRoundMNADDarkSNOYesHnoDorsumtongue,BURNING MOUTH SYNDROME,CANDIDIASIS & FIBROEPITHELIAL POLYP,ADVISE SYMPTOMATIC TREATMENT. FOLLOW UP IS MUST. REFER TO A SPECIALIST FOR ADVISE ON BIOPSY.,,
UNADRedRoundMNADDarkSNOYesHnoLip,BURNING MOUTH SYNDROME,CANDIDIASIS & FIBROEPITHELIAL POLYP,ADVISE SYMPTOMATIC TREATMENT. FOLLOW UP IS MUST. REFER TO A SPECIALIST FOR ADVISE ON BIOPSY.,,
UNADRedRoundMNADDarkSNOYesHnoGingiva,BURNING MOUTH SYNDROME,CANDIDIASIS & FIBROEPITHELIAL POLYP,ADVISE SYMPTOMATIC TREATMENT. FOLLOW UP IS MUST. REFER TO A SPECIALIST FOR ADVISE ON BIOPSY.,,
UNADRedRoundMNADDarkSNOYesHnoRetromolararea,BURNING MOUTH SYNDROME,CANDIDIASIS & FIBROEPITHELIAL POLYP,ADVISE SYMPTOMATIC TREATMENT. FOLLOW UP IS MUST. REFER TO A SPECIALIST FOR ADVISE ON BIOPSY.,,
UNADWhiteRoundMNADDarkSNOYesHnoBmucosa,CANDIDIASIS,FIBROEPITHELIAL POLYP,ADVISE SYMPTOMATIC TREATMENT. FOLLOW UP IS MUST. REFER TO A SPECIALIST FOR ADVISE ON BIOPSY.,,
UNADWhiteRoundMNADDarkSNOYesHnoBsulcus,CANDIDIASIS,FIBROEPITHELIAL POLYP,ADVISE SYMPTOMATIC TREATMENT. FOLLOW UP IS MUST. REFER TO A SPECIALIST FOR ADVISE ON BIOPSY.,,
UNADWhiteRoundMNADDarkSNOYesHnoPalate,CANDIDIASIS,FIBROEPITHELIAL POLYP,ADVISE SYMPTOMATIC TREATMENT. FOLLOW UP IS MUST. REFER TO A SPECIALIST FOR ADVISE ON BIOPSY.,,
UNADWhiteRoundMNADDarkSNOYesHnoFloor,CANDIDIASIS,FIBROEPITHELIAL POLYP,ADVISE SYMPTOMATIC TREATMENT. FOLLOW UP IS MUST. REFER TO A SPECIALIST FOR ADVISE ON BIOPSY.,,
UNADWhiteRoundMNADDarkSNOYesHnoLateraltongue,CANDIDIASIS,FIBROEPITHELIAL POLYP,ADVISE SYMPTOMATIC TREATMENT. FOLLOW UP IS MUST. REFER TO A SPECIALIST FOR ADVISE ON BIOPSY.,,
UNADWhiteRoundMNADDarkSNOYesHnoDorsumtongue,CANDIDIASIS,FIBROEPITHELIAL POLYP,ADVISE SYMPTOMATIC TREATMENT. FOLLOW UP IS MUST. REFER TO A SPECIALIST FOR ADVISE ON BIOPSY.,,
UNADWhiteRoundMNADDarkSNOYesHnoLip,CANDIDIASIS,FIBROEPITHELIAL POLYP,ADVISE SYMPTOMATIC TREATMENT. FOLLOW UP IS MUST. REFER TO A SPECIALIST FOR ADVISE ON BIOPSY.,,
UNADWhiteRoundMNADDarkSNOYesHnoGingiva,CANDIDIASIS,FIBROEPITHELIAL POLYP,ADVISE SYMPTOMATIC TREATMENT. FOLLOW UP IS MUST. REFER TO A SPECIALIST FOR ADVISE ON BIOPSY.,,
UNADWhiteRoundMNADDarkSNOYesHnoRetromolararea,CANDIDIASIS,FIBROEPITHELIAL POLYP,ADVISE SYMPTOMATIC TREATMENT. FOLLOW UP IS MUST. REFER TO A SPECIALIST FOR ADVISE ON BIOPSY.,,
UNADWhiteRoundMNADPiNADSNOYesHnoBmucosa,CANDIDIASIS,FIBROEPITHELIAL POLYP,ADVISE SYMPTOMATIC TREATMENT. FOLLOW UP IS MUST. REFER TO A SPECIALIST FOR ADVISE ON BIOPSY.,,
UNADWhiteRoundMNADPiNADSNOYesHnoBsulcus,CANDIDIASIS,FIBROEPITHELIAL POLYP,ADVISE SYMPTOMATIC TREATMENT. FOLLOW UP IS MUST. REFER TO A SPECIALIST FOR ADVISE ON BIOPSY.,,
UNADWhiteRoundMNADPiNADSNOYesHnoPalate,CANDIDIASIS,FIBROEPITHELIAL POLYP,ADVISE SYMPTOMATIC TREATMENT. FOLLOW UP IS MUST. REFER TO A SPECIALIST FOR ADVISE ON BIOPSY.,,
UNADWhiteRoundMNADPiNADSNOYesHnoFloor,CANDIDIASIS,FIBROEPITHELIAL POLYP,ADVISE SYMPTOMATIC TREATMENT. FOLLOW UP IS MUST. REFER TO A SPECIALIST FOR ADVISE ON BIOPSY.,,
UNADWhiteRoundMNADPiNADSNOYesHnoLateraltongue,CANDIDIASIS,FIBROEPITHELIAL POLYP,ADVISE SYMPTOMATIC TREATMENT. FOLLOW UP IS MUST. REFER TO A SPECIALIST FOR ADVISE ON BIOPSY.,,
UNADWhiteRoundMNADPiNADSNOYesHnoDorsumtongue,CANDIDIASIS,FIBROEPITHELIAL POLYP,ADVISE SYMPTOMATIC TREATMENT. FOLLOW UP IS MUST. REFER TO A SPECIALIST FOR ADVISE ON BIOPSY.,,
UNADWhiteRoundMNADPiNADSNOYesHnoLip,CANDIDIASIS,FIBROEPITHELIAL POLYP,ADVISE SYMPTOMATIC TREATMENT. FOLLOW UP IS MUST. REFER TO A SPECIALIST FOR ADVISE ON BIOPSY.,,
UNADWhiteRoundMNADPiNADSNOYesHnoGingiva,CANDIDIASIS,FIBROEPITHELIAL POLYP,ADVISE SYMPTOMATIC TREATMENT. FOLLOW UP IS MUST. REFER TO A SPECIALIST FOR ADVISE ON BIOPSY.,,
UNADWhiteRoundMNADPiNADSNOYesHnoRetromolararea,CANDIDIASIS,FIBROEPITHELIAL POLYP,ADVISE SYMPTOMATIC TREATMENT. FOLLOW UP IS MUST. REFER TO A SPECIALIST FOR ADVISE ON BIOPSY.,,
UNADRedRoundMNADPiNADSNOYesHnoBmucosa,BURNING MOUTH SYNDROME,CANDIDIASIS & FIBROEPITHELIAL POLYP,ADVISE SYMPTOMATIC TREATMENT. FOLLOW UP IS MUST. REFER TO A SPECIALIST FOR ADVISE ON BIOPSY.,,
UNADRedRoundMNADPiNADSNOYesHnoBsulcus,BURNING MOUTH SYNDROME,CANDIDIASIS & FIBROEPITHELIAL POLYP,ADVISE SYMPTOMATIC TREATMENT. FOLLOW UP IS MUST. REFER TO A SPECIALIST FOR ADVISE ON BIOPSY.,,
UNADRedRoundMNADPiNADSNOYesHnoPalate,BURNING MOUTH SYNDROME,CANDIDIASIS & FIBROEPITHELIAL POLYP,ADVISE SYMPTOMATIC TREATMENT. FOLLOW UP IS MUST. REFER TO A SPECIALIST FOR ADVISE ON BIOPSY.,,
UNADRedRoundMNADPiNADSNOYesHnoFloor,BURNING MOUTH SYNDROME,CANDIDIASIS & FIBROEPITHELIAL POLYP,ADVISE SYMPTOMATIC TREATMENT. FOLLOW UP IS MUST. REFER TO A SPECIALIST FOR ADVISE ON BIOPSY.,,
UNADRedRoundMNADPiNADSNOYesHnoLateraltongue,BURNING MOUTH SYNDROME,CANDIDIASIS & FIBROEPITHELIAL POLYP,ADVISE SYMPTOMATIC TREATMENT. FOLLOW UP IS MUST. REFER TO A SPECIALIST FOR ADVISE ON BIOPSY.,,
UNADRedRoundMNADPiNADSNOYesHnoDorsumtongue,BURNING MOUTH SYNDROME,CANDIDIASIS & FIBROEPITHELIAL POLYP,ADVISE SYMPTOMATIC TREATMENT. FOLLOW UP IS MUST. REFER TO A SPECIALIST FOR ADVISE ON BIOPSY.,,
UNADRedRoundMNADPiNADSNOYesHnoLip,BURNING MOUTH SYNDROME,CANDIDIASIS & FIBROEPITHELIAL POLYP,ADVISE SYMPTOMATIC TREATMENT. FOLLOW UP IS MUST. REFER TO A SPECIALIST FOR ADVISE ON BIOPSY.,,
UNADRedRoundMNADPiNADSNOYesHnoGingiva,BURNING MOUTH SYNDROME,CANDIDIASIS & FIBROEPITHELIAL POLYP,ADVISE SYMPTOMATIC TREATMENT. FOLLOW UP IS MUST. REFER TO A SPECIALIST FOR ADVISE ON BIOPSY.,,
UNADRedRoundMNADPiNADSNOYesHnoRetromolararea,BURNING MOUTH SYNDROME,CANDIDIASIS & FIBROEPITHELIAL POLYP,ADVISE SYMPTOMATIC TREATMENT. FOLLOW UP IS MUST. REFER TO A SPECIALIST FOR ADVISE ON BIOPSY.,,
UNADRedRoundMarblewhiteDarkSNoNoHnoBmucosa,BURNING MOUTH SYNDROME,OSMF & FIBROEPITHELIAL POLYP,ADVISE SYMPTOMATIC TREATMENT. FOLLOW UP IS MUST. REFER TO A SPECIALIST FOR ADVISE ON BIOPSY.,,
UNADRedRoundMarblewhiteDarkSNoNoHnoBsulcus,BURNING MOUTH SYNDROME,OSMF & FIBROEPITHELIAL POLYP,ADVISE SYMPTOMATIC TREATMENT. FOLLOW UP IS MUST. REFER TO A SPECIALIST FOR ADVISE ON BIOPSY.,,
UNADRedRoundMarblewhiteDarkSNoNoHnoPalate,BURNING MOUTH SYNDROME,OSMF & FIBROEPITHELIAL POLYP,ADVISE SYMPTOMATIC TREATMENT. FOLLOW UP IS MUST. REFER TO A SPECIALIST FOR ADVISE ON BIOPSY.,,
UNADRedRoundMarblewhiteDarkSNoNoHnoFloor,BURNING MOUTH SYNDROME,OSMF & FIBROEPITHELIAL POLYP,ADVISE SYMPTOMATIC TREATMENT. FOLLOW UP IS MUST. REFER TO A SPECIALIST FOR ADVISE ON BIOPSY.,,
UNADRedRoundMarblewhiteDarkSNoNoHnoLateraltongue,BURNING MOUTH SYNDROME,OSMF & FIBROEPITHELIAL POLYP,ADVISE SYMPTOMATIC TREATMENT. FOLLOW UP IS MUST. REFER TO A SPECIALIST FOR ADVISE ON BIOPSY.,,
UNADRedRoundMarblewhiteDarkSNoNoHnoDorsumtongue,BURNING MOUTH SYNDROME,OSMF & FIBROEPITHELIAL POLYP,ADVISE SYMPTOMATIC TREATMENT. FOLLOW UP IS MUST. REFER TO A SPECIALIST FOR ADVISE ON BIOPSY.,,
UNADRedRoundMarblewhiteDarkSNoNoHnoLip,BURNING MOUTH SYNDROME,OSMF & FIBROEPITHELIAL POLYP,ADVISE SYMPTOMATIC TREATMENT. FOLLOW UP IS MUST. REFER TO A SPECIALIST FOR ADVISE ON BIOPSY.,,
UNADRedRoundMarblewhiteDarkSNoNoHnoGingiva,BURNING MOUTH SYNDROME,OSMF & FIBROEPITHELIAL POLYP,ADVISE SYMPTOMATIC TREATMENT. FOLLOW UP IS MUST. REFER TO A SPECIALIST FOR ADVISE ON BIOPSY.,,
UNADRedRoundMarblewhiteDarkSNoNoHnoRetromolararea,BURNING MOUTH SYNDROME,OSMF & FIBROEPITHELIAL POLYP,ADVISE SYMPTOMATIC TREATMENT. FOLLOW UP IS MUST. REFER TO A SPECIALIST FOR ADVISE ON BIOPSY.,,
UNADWhiteRoundMarblewhiteDarkSNoNoHnoBmucosa,CANDIDIASIS,FIBROEPITHELIAL POLYP & OSMF,ADVISE SYMPTOMATIC TREATMENT. FOLLOW UP IS MUST. REFER TO A SPECIALIST FOR ADVISE ON BIOPSY.,,
UNADWhiteRoundMarblewhiteDarkSNoNoHnoBsulcus,CANDIDIASIS,FIBROEPITHELIAL POLYP & OSMF,ADVISE SYMPTOMATIC TREATMENT. FOLLOW UP IS MUST. REFER TO A SPECIALIST FOR ADVISE ON BIOPSY.,,
UNADWhiteRoundMarblewhiteDarkSNoNoHnoPalate,CANDIDIASIS,FIBROEPITHELIAL POLYP & OSMF,ADVISE SYMPTOMATIC TREATMENT. FOLLOW UP IS MUST. REFER TO A SPECIALIST FOR ADVISE ON BIOPSY.,,
UNADWhiteRoundMarblewhiteDarkSNoNoHnoFloor,CANDIDIASIS,FIBROEPITHELIAL POLYP & OSMF,ADVISE SYMPTOMATIC TREATMENT. FOLLOW UP IS MUST. REFER TO A SPECIALIST FOR ADVISE ON BIOPSY.,,
UNADWhiteRoundMarblewhiteDarkSNoNoHnoLateraltongue,CANDIDIASIS,FIBROEPITHELIAL POLYP & OSMF,ADVISE SYMPTOMATIC TREATMENT. FOLLOW UP IS MUST. REFER TO A SPECIALIST FOR ADVISE ON BIOPSY.,,
UNADWhiteRoundMarblewhiteDarkSNoNoHnoDorsumtongue,CANDIDIASIS,FIBROEPITHELIAL POLYP & OSMF,ADVISE SYMPTOMATIC TREATMENT. FOLLOW UP IS MUST. REFER TO A SPECIALIST FOR ADVISE ON BIOPSY.,,
UNADWhiteRoundMarblewhiteDarkSNoNoHnoLip,CANDIDIASIS,FIBROEPITHELIAL POLYP & OSMF,ADVISE SYMPTOMATIC TREATMENT. FOLLOW UP IS MUST. REFER TO A SPECIALIST FOR ADVISE ON BIOPSY.,,
UNADWhiteRoundMarblewhiteDarkSNoNoHnoGingiva,CANDIDIASIS,FIBROEPITHELIAL POLYP & OSMF,ADVISE SYMPTOMATIC TREATMENT. FOLLOW UP IS MUST. REFER TO A SPECIALIST FOR ADVISE ON BIOPSY.,,
UNADWhiteRoundMarblewhiteDarkSNoNoHnoRetromolararea,CANDIDIASIS,FIBROEPITHELIAL POLYP & OSMF,ADVISE SYMPTOMATIC TREATMENT. FOLLOW UP IS MUST. REFER TO A SPECIALIST FOR ADVISE ON BIOPSY.,,
UNADWhiteRoundMarblewhitePiNADSNoNoHnoBmucosa,CANDIDIASIS,FIBROEPITHELIAL POLYP & OSMF,ADVISE SYMPTOMATIC TREATMENT. FOLLOW UP IS MUST. REFER TO A SPECIALIST FOR ADVISE ON BIOPSY.,,
UNADWhiteRoundMarblewhitePiNADSNoNoHnoBsulcus,CANDIDIASIS,FIBROEPITHELIAL POLYP & OSMF,ADVISE SYMPTOMATIC TREATMENT. FOLLOW UP IS MUST. REFER TO A SPECIALIST FOR ADVISE ON BIOPSY.,,
UNADWhiteRoundMarblewhitePiNADSNoNoHnoPalate,CANDIDIASIS,FIBROEPITHELIAL POLYP & OSMF,ADVISE SYMPTOMATIC TREATMENT. FOLLOW UP IS MUST. REFER TO A SPECIALIST FOR ADVISE ON BIOPSY.,,
UNADWhiteRoundMarblewhitePiNADSNoNoHnoFloor,CANDIDIASIS,FIBROEPITHELIAL POLYP & OSMF,ADVISE SYMPTOMATIC TREATMENT. FOLLOW UP IS MUST. REFER TO A SPECIALIST FOR ADVISE ON BIOPSY.,,
UNADWhiteRoundMarblewhitePiNADSNoNoHnoLateraltongue,CANDIDIASIS,FIBROEPITHELIAL POLYP & OSMF,ADVISE SYMPTOMATIC TREATMENT. FOLLOW UP IS MUST. REFER TO A SPECIALIST FOR ADVISE ON BIOPSY.,,
UNADWhiteRoundMarblewhitePiNADSNoNoHnoDorsumtongue,CANDIDIASIS,FIBROEPITHELIAL POLYP & OSMF,ADVISE SYMPTOMATIC TREATMENT. FOLLOW UP IS MUST. REFER TO A SPECIALIST FOR ADVISE ON BIOPSY.,,
UNADWhiteRoundMarblewhitePiNADSNoNoHnoLip,CANDIDIASIS,FIBROEPITHELIAL POLYP & OSMF,ADVISE SYMPTOMATIC TREATMENT. FOLLOW UP IS MUST. REFER TO A SPECIALIST FOR ADVISE ON BIOPSY.,,
UNADWhiteRoundMarblewhitePiNADSNoNoHnoGingiva,CANDIDIASIS,FIBROEPITHELIAL POLYP & OSMF,ADVISE SYMPTOMATIC TREATMENT. FOLLOW UP IS MUST. REFER TO A SPECIALIST FOR ADVISE ON BIOPSY.,,
UNADWhiteRoundMarblewhitePiNADSNoNoHnoRetromolararea,CANDIDIASIS,FIBROEPITHELIAL POLYP & OSMF,ADVISE SYMPTOMATIC TREATMENT. FOLLOW UP IS MUST. REFER TO A SPECIALIST FOR ADVISE ON BIOPSY.,,
UNADRedRoundMarblewhitePiNADSNoNoHnoBmucosa,BURNING MOUTH SYNDROME,OSMF & FIBROEPITHELIAL POLYP,ADVISE SYMPTOMATIC TREATMENT. FOLLOW UP IS MUST. REFER TO A SPECIALIST FOR ADVISE ON BIOPSY.,,
UNADRedRoundMarblewhitePiNADSNoNoHnoBsulcus,BURNING MOUTH SYNDROME,OSMF & FIBROEPITHELIAL POLYP,ADVISE SYMPTOMATIC TREATMENT. FOLLOW UP IS MUST. REFER TO A SPECIALIST FOR ADVISE ON BIOPSY.,,
UNADRedRoundMarblewhitePiNADSNoNoHnoPalate,BURNING MOUTH SYNDROME,OSMF & FIBROEPITHELIAL POLYP,ADVISE SYMPTOMATIC TREATMENT. FOLLOW UP IS MUST. REFER TO A SPECIALIST FOR ADVISE ON BIOPSY.,,
UNADRedRoundMarblewhitePiNADSNoNoHnoFloor,BURNING MOUTH SYNDROME,OSMF & FIBROEPITHELIAL POLYP,ADVISE SYMPTOMATIC TREATMENT. FOLLOW UP IS MUST. REFER TO A SPECIALIST FOR ADVISE ON BIOPSY.,,
UNADRedRoundMarblewhitePiNADSNoNoHnoLateraltongue,BURNING MOUTH SYNDROME,OSMF & FIBROEPITHELIAL POLYP,ADVISE SYMPTOMATIC TREATMENT. FOLLOW UP IS MUST. REFER TO A SPECIALIST FOR ADVISE ON BIOPSY.,,
UNADRedRoundMarblewhitePiNADSNoNoHnoDorsumtongue,BURNING MOUTH SYNDROME,OSMF & FIBROEPITHELIAL POLYP,ADVISE SYMPTOMATIC TREATMENT. FOLLOW UP IS MUST. REFER TO A SPECIALIST FOR ADVISE ON BIOPSY.,,
UNADRedRoundMarblewhitePiNADSNoNoHnoLip,BURNING MOUTH SYNDROME,OSMF & FIBROEPITHELIAL POLYP,ADVISE SYMPTOMATIC TREATMENT. FOLLOW UP IS MUST. REFER TO A SPECIALIST FOR ADVISE ON BIOPSY.,,
UNADRedRoundMarblewhitePiNADSNoNoHnoGingiva,BURNING MOUTH SYNDROME,OSMF & FIBROEPITHELIAL POLYP,ADVISE SYMPTOMATIC TREATMENT. FOLLOW UP IS MUST. REFER TO A SPECIALIST FOR ADVISE ON BIOPSY.,,
UNADRedRoundMarblewhitePiNADSNoNoHnoRetromolararea,BURNING MOUTH SYNDROME,OSMF & FIBROEPITHELIAL POLYP,ADVISE SYMPTOMATIC TREATMENT. FOLLOW UP IS MUST. REFER TO A SPECIALIST FOR ADVISE ON BIOPSY.,,
UNADRedRoundMNADDarkSNoNoHnoBmucosa,BURNING MOUTH SYNDROME,OSMF & FIBROEPITHELIAL POLYP,ADVISE SYMPTOMATIC TREATMENT. FOLLOW UP IS MUST. REFER TO A SPECIALIST FOR ADVISE ON BIOPSY.,,
UNADRedRoundMNADDarkSNoNoHnoBsulcus,BURNING MOUTH SYNDROME,OSMF & FIBROEPITHELIAL POLYP,ADVISE SYMPTOMATIC TREATMENT. FOLLOW UP IS MUST. REFER TO A SPECIALIST FOR ADVISE ON BIOPSY.,,
UNADRedRoundMNADDarkSNoNoHnoPalate,BURNING MOUTH SYNDROME,OSMF & FIBROEPITHELIAL POLYP,ADVISE SYMPTOMATIC TREATMENT. FOLLOW UP IS MUST. REFER TO A SPECIALIST FOR ADVISE ON BIOPSY.,,
UNADRedRoundMNADDarkSNoNoHnoFloor,BURNING MOUTH SYNDROME,OSMF & FIBROEPITHELIAL POLYP,ADVISE SYMPTOMATIC TREATMENT. FOLLOW UP IS MUST. REFER TO A SPECIALIST FOR ADVISE ON BIOPSY.,,
UNADRedRoundMNADDarkSNoNoHnoLateraltongue,BURNING MOUTH SYNDROME,OSMF & FIBROEPITHELIAL POLYP,ADVISE SYMPTOMATIC TREATMENT. FOLLOW UP IS MUST. REFER TO A SPECIALIST FOR ADVISE ON BIOPSY.,,
UNADRedRoundMNADDarkSNoNoHnoDorsumtongue,BURNING MOUTH SYNDROME,OSMF & FIBROEPITHELIAL POLYP,ADVISE SYMPTOMATIC TREATMENT. FOLLOW UP IS MUST. REFER TO A SPECIALIST FOR ADVISE ON BIOPSY.,,
UNADRedRoundMNADDarkSNoNoHnoLip,BURNING MOUTH SYNDROME,OSMF & FIBROEPITHELIAL POLYP,ADVISE SYMPTOMATIC TREATMENT. FOLLOW UP IS MUST. REFER TO A SPECIALIST FOR ADVISE ON BIOPSY.,,
UNADRedRoundMNADDarkSNoNoHnoGingiva,BURNING MOUTH SYNDROME,OSMF & FIBROEPITHELIAL POLYP,ADVISE SYMPTOMATIC TREATMENT. FOLLOW UP IS MUST. REFER TO A SPECIALIST FOR ADVISE ON BIOPSY.,,
UNADRedRoundMNADDarkSNoNoHnoRetromolararea,BURNING MOUTH SYNDROME,OSMF & FIBROEPITHELIAL POLYP,ADVISE SYMPTOMATIC TREATMENT. FOLLOW UP IS MUST. REFER TO A SPECIALIST FOR ADVISE ON BIOPSY.,,
UNADWhiteRoundMNADDarkSNoNoHnoBmucosa,CANDIDIASIS,FIBROEPITHELIAL POLYP,ADVISE SYMPTOMATIC TREATMENT. FOLLOW UP IS MUST. REFER TO A SPECIALIST FOR ADVISE ON BIOPSY.,,
UNADWhiteRoundMNADDarkSNoNoHnoBsulcus,CANDIDIASIS,FIBROEPITHELIAL POLYP,ADVISE SYMPTOMATIC TREATMENT. FOLLOW UP IS MUST. REFER TO A SPECIALIST FOR ADVISE ON BIOPSY.,,
UNADWhiteRoundMNADDarkSNoNoHnoPalate,CANDIDIASIS,FIBROEPITHELIAL POLYP,ADVISE SYMPTOMATIC TREATMENT. FOLLOW UP IS MUST. REFER TO A SPECIALIST FOR ADVISE ON BIOPSY.,,
UNADWhiteRoundMNADDarkSNoNoHnoFloor,CANDIDIASIS,FIBROEPITHELIAL POLYP,ADVISE SYMPTOMATIC TREATMENT. FOLLOW UP IS MUST. REFER TO A SPECIALIST FOR ADVISE ON BIOPSY.,,
UNADWhiteRoundMNADDarkSNoNoHnoLateraltongue,CANDIDIASIS,FIBROEPITHELIAL POLYP,ADVISE SYMPTOMATIC TREATMENT. FOLLOW UP IS MUST. REFER TO A SPECIALIST FOR ADVISE ON BIOPSY.,,
UNADWhiteRoundMNADDarkSNoNoHnoDorsumtongue,CANDIDIASIS,FIBROEPITHELIAL POLYP,ADVISE SYMPTOMATIC TREATMENT. FOLLOW UP IS MUST. REFER TO A SPECIALIST FOR ADVISE ON BIOPSY.,,
UNADWhiteRoundMNADDarkSNoNoHnoLip,CANDIDIASIS,FIBROEPITHELIAL POLYP,ADVISE SYMPTOMATIC TREATMENT. FOLLOW UP IS MUST. REFER TO A SPECIALIST FOR ADVISE ON BIOPSY.,,
UNADWhiteRoundMNADDarkSNoNoHnoGingiva,CANDIDIASIS,FIBROEPITHELIAL POLYP,ADVISE SYMPTOMATIC TREATMENT. FOLLOW UP IS MUST. REFER TO A SPECIALIST FOR ADVISE ON BIOPSY.,,
UNADWhiteRoundMNADDarkSNoNoHnoRetromolararea,CANDIDIASIS,FIBROEPITHELIAL POLYP,ADVISE SYMPTOMATIC TREATMENT. FOLLOW UP IS MUST. REFER TO A SPECIALIST FOR ADVISE ON BIOPSY.,,
UNADWhiteRoundMNADPiNADSNoNoHnoBmucosa,CANDIDIASIS,FIBROEPITHELIAL POLYP,ADVISE SYMPTOMATIC TREATMENT. FOLLOW UP IS MUST. REFER TO A SPECIALIST FOR ADVISE ON BIOPSY.,,
UNADWhiteRoundMNADPiNADSNoNoHnoBsulcus,CANDIDIASIS,FIBROEPITHELIAL POLYP,ADVISE SYMPTOMATIC TREATMENT. FOLLOW UP IS MUST. REFER TO A SPECIALIST FOR ADVISE ON BIOPSY.,,
UNADWhiteRoundMNADPiNADSNoNoHnoPalate,CANDIDIASIS,FIBROEPITHELIAL POLYP,ADVISE SYMPTOMATIC TREATMENT. FOLLOW UP IS MUST. REFER TO A SPECIALIST FOR ADVISE ON BIOPSY.,,
UNADWhiteRoundMNADPiNADSNoNoHnoFloor,CANDIDIASIS,FIBROEPITHELIAL POLYP,ADVISE SYMPTOMATIC TREATMENT. FOLLOW UP IS MUST. REFER TO A SPECIALIST FOR ADVISE ON BIOPSY.,,
UNADWhiteRoundMNADPiNADSNoNoHnoLateraltongue,CANDIDIASIS,FIBROEPITHELIAL POLYP,ADVISE SYMPTOMATIC TREATMENT. FOLLOW UP IS MUST. REFER TO A SPECIALIST FOR ADVISE ON BIOPSY.,,
UNADWhiteRoundMNADPiNADSNoNoHnoDorsumtongue,CANDIDIASIS,FIBROEPITHELIAL POLYP,ADVISE SYMPTOMATIC TREATMENT. FOLLOW UP IS MUST. REFER TO A SPECIALIST FOR ADVISE ON BIOPSY.,,
UNADWhiteRoundMNADPiNADSNoNoHnoLip,CANDIDIASIS,FIBROEPITHELIAL POLYP,ADVISE SYMPTOMATIC TREATMENT. FOLLOW UP IS MUST. REFER TO A SPECIALIST FOR ADVISE ON BIOPSY.,,
UNADWhiteRoundMNADPiNADSNoNoHnoGingiva,CANDIDIASIS,FIBROEPITHELIAL POLYP,ADVISE SYMPTOMATIC TREATMENT. FOLLOW UP IS MUST. REFER TO A SPECIALIST FOR ADVISE ON BIOPSY.,,
UNADWhiteRoundMNADPiNADSNoNoHnoRetromolararea,CANDIDIASIS,FIBROEPITHELIAL POLYP,ADVISE SYMPTOMATIC TREATMENT. FOLLOW UP IS MUST. REFER TO A SPECIALIST FOR ADVISE ON BIOPSY.,,
UNADRedRoundMNADPiNADSNoNoHnoBmucosa,BURNING MOUTH SYNDROME,FIBROEPITHELIAL POLYP,ADVISE SYMPTOMATIC TREATMENT. FOLLOW UP IS MUST. REFER TO A SPECIALIST FOR ADVISE ON BIOPSY.,,
UNADRedRoundMNADPiNADSNoNoHnoBsulcus,BURNING MOUTH SYNDROME,FIBROEPITHELIAL POLYP,ADVISE SYMPTOMATIC TREATMENT. FOLLOW UP IS MUST. REFER TO A SPECIALIST FOR ADVISE ON BIOPSY.,,
UNADRedRoundMNADPiNADSNoNoHnoPalate,BURNING MOUTH SYNDROME,FIBROEPITHELIAL POLYP,ADVISE SYMPTOMATIC TREATMENT. FOLLOW UP IS MUST. REFER TO A SPECIALIST FOR ADVISE ON BIOPSY.,,
UNADRedRoundMNADPiNADSNoNoHnoFloor,BURNING MOUTH SYNDROME,FIBROEPITHELIAL POLYP,ADVISE SYMPTOMATIC TREATMENT. FOLLOW UP IS MUST. REFER TO A SPECIALIST FOR ADVISE ON BIOPSY.,,
UNADRedRoundMNADPiNADSNoNoHnoLateraltongue,BURNING MOUTH SYNDROME,FIBROEPITHELIAL POLYP,ADVISE SYMPTOMATIC TREATMENT. FOLLOW UP IS MUST. REFER TO A SPECIALIST FOR ADVISE ON BIOPSY.,,
UNADRedRoundMNADPiNADSNoNoHnoDorsumtongue,BURNING MOUTH SYNDROME,FIBROEPITHELIAL POLYP,ADVISE SYMPTOMATIC TREATMENT. FOLLOW UP IS MUST. REFER TO A SPECIALIST FOR ADVISE ON BIOPSY.,,
UNADRedRoundMNADPiNADSNoNoHnoLip,BURNING MOUTH SYNDROME,FIBROEPITHELIAL POLYP,ADVISE SYMPTOMATIC TREATMENT. FOLLOW UP IS MUST. REFER TO A SPECIALIST FOR ADVISE ON BIOPSY.,,
UNADRedRoundMNADPiNADSNoNoHnoGingiva,BURNING MOUTH SYNDROME,FIBROEPITHELIAL POLYP,ADVISE SYMPTOMATIC TREATMENT. FOLLOW UP IS MUST. REFER TO A SPECIALIST FOR ADVISE ON BIOPSY.,,
UNADRedRoundMNADPiNADSNoNoHnoRetromolararea,BURNING MOUTH SYNDROME,FIBROEPITHELIAL POLYP,ADVISE SYMPTOMATIC TREATMENT. FOLLOW UP IS MUST. REFER TO A SPECIALIST FOR ADVISE ON BIOPSY.,,
